-- Adminer 4.3.1 MySQL dump

SET NAMES utf8;
SET time_zone = '+00:00';
SET foreign_key_checks = 0;
SET sql_mode = 'NO_AUTO_VALUE_ON_ZERO';

SET NAMES utf8mb4;

DROP TABLE IF EXISTS `tbl_anggota`;
CREATE TABLE `tbl_anggota` (
  `id_anggota` int NOT NULL AUTO_INCREMENT,
  `kode_anggota` varchar(100) NOT NULL,
  `nama_anggota` varchar(200) NOT NULL,
  `nip_anggota` varchar(20) NOT NULL,
  `created_at` timestamp NOT NULL DEFAULT CURRENT_TIMESTAMP,
  `update_at` timestamp NOT NULL DEFAULT CURRENT_TIMESTAMP ON UPDATE CURRENT_TIMESTAMP,
  `delete_at` timestamp NOT NULL,
  `delete` int NOT NULL DEFAULT '0',
  PRIMARY KEY (`id_anggota`)
) ENGINE=InnoDB DEFAULT CHARSET=utf8mb4 COLLATE=utf8mb4_0900_ai_ci;

INSERT INTO `tbl_anggota` (`id_anggota`, `kode_anggota`, `nama_anggota`, `nip_anggota`, `created_at`, `update_at`, `delete_at`, `delete`) VALUES
(22,	'DKK00001',	'dr. Noegroho Edy Rijanto, M.Kes',	'197110202002121006',	'2022-07-25 04:50:12',	'2022-07-25 04:50:12',	'0000-00-00 00:00:00',	0),
(23,	'DKK00002',	'Hanif Pandu Suhito, S.KM,. M. Kom., M.Si',	'198402192005011003',	'2022-07-25 04:50:12',	'2022-07-25 04:50:12',	'0000-00-00 00:00:00',	0),
(26,	'DKK00003',	'Suryati, S.KM',	'198111022009032003',	'2022-07-25 04:50:12',	'2022-07-25 04:50:12',	'0000-00-00 00:00:00',	0),
(30,	'DKK00004',	'Putri Cahyaningrum, S. Farm. Apt',	'-',	'2022-07-25 04:50:12',	'2022-07-25 04:50:12',	'0000-00-00 00:00:00',	0),
(31,	'DKK00005',	'Eni Setiawati, S. Farm, Apt, M.Si',	'197304221995022001',	'2022-07-25 04:50:12',	'2022-07-25 04:50:12',	'0000-00-00 00:00:00',	0),
(32,	'DKK00006',	'Didik Santoso, S. Farm, Apt',	'-',	'2022-07-25 04:50:12',	'2022-07-25 04:50:12',	'0000-00-00 00:00:00',	0),
(33,	'DKK00007',	'testing',	'1234567890',	'2022-07-25 04:53:49',	'2022-07-25 05:03:17',	'2022-07-25 05:03:17',	1),
(34,	'DKK00008',	'Lies Sunarliawati, S. Farm, Apt',	'-',	'2022-08-09 03:45:34',	'2022-08-09 03:45:34',	'0000-00-00 00:00:00',	0);

DROP TABLE IF EXISTS `tbl_deskripsi_penilaian_pratama`;
CREATE TABLE `tbl_deskripsi_penilaian_pratama` (
  `id_deskripsi` int NOT NULL AUTO_INCREMENT,
  `id_group` int NOT NULL,
  `kriteria_penilaian_pratama` varchar(200) NOT NULL,
  `jumlah_minimal_penilaian_pratama` varchar(100) NOT NULL,
  `satuan_penilaian_pratama` enum('Unit','Buah','Set','Sesuai Kebutuhan') NOT NULL,
  `created_at` timestamp NOT NULL DEFAULT CURRENT_TIMESTAMP,
  `update_at` timestamp NOT NULL DEFAULT CURRENT_TIMESTAMP ON UPDATE CURRENT_TIMESTAMP,
  `delete_at` timestamp NOT NULL,
  `delete` int NOT NULL DEFAULT '0',
  PRIMARY KEY (`id_deskripsi`),
  KEY `id_group` (`id_group`),
  CONSTRAINT `tbl_deskripsi_penilaian_pratama_ibfk_1` FOREIGN KEY (`id_group`) REFERENCES `tbl_group_pratama` (`id_group`) ON DELETE CASCADE ON UPDATE CASCADE
) ENGINE=InnoDB DEFAULT CHARSET=utf8mb4 COLLATE=utf8mb4_0900_ai_ci;

INSERT INTO `tbl_deskripsi_penilaian_pratama` (`id_deskripsi`, `id_group`, `kriteria_penilaian_pratama`, `jumlah_minimal_penilaian_pratama`, `satuan_penilaian_pratama`, `created_at`, `update_at`, `delete_at`, `delete`) VALUES
(1,	1,	'Baki logam tempat alat steril',	'RJ : 2, RI : 3',	'Buah',	'2022-07-25 04:50:12',	'2022-07-25 04:50:12',	'0000-00-00 00:00:00',	0),
(2,	1,	'Bingkai dan lensa uji-coba untuk pemeriksaan refraksi',	'RJ : 1, RI : 1',	'Set',	'2022-07-25 04:50:12',	'2022-07-25 04:50:12',	'0000-00-00 00:00:00',	0),
(3,	1,	'Buku ishihara tes',	'RJ : 1, RI : 1',	'Buah',	'2022-07-25 04:50:12',	'2022-07-25 04:50:12',	'0000-00-00 00:00:00',	0),
(4,	1,	'Corong telinga/spekulum telinga ukuran kecil,besar,sedang',	'',	'',	'2022-07-25 04:50:12',	'2022-07-25 04:50:12',	'0000-00-00 00:00:00',	0),
(5,	1,	'Nierbeken Besar',	'RJ : 1, RI : 1',	'Buah',	'2022-07-25 04:50:12',	'2022-07-25 04:50:12',	'0000-00-00 00:00:00',	0),
(6,	1,	'Garputala 512 Hz,1024 Hz, 2084 Hz',	'RJ : 1, RI : 1',	'Set',	'2022-07-25 04:50:12',	'2022-07-25 04:50:12',	'0000-00-00 00:00:00',	0),
(7,	1,	'Handle dan kaca nasopharing',	'RJ : 1, RI : 1',	'Set',	'2022-07-25 04:50:12',	'2022-07-25 04:50:12',	'0000-00-00 00:00:00',	0),
(8,	1,	'Kaca Pembesar',	'RJ : 1, RI :1',	'Buah',	'2022-07-25 04:50:12',	'2022-07-25 04:50:12',	'0000-00-00 00:00:00',	0),
(9,	1,	'Lampu Kepala',	'RJ : 1, RI : 1',	'Buah',	'2022-07-25 04:50:12',	'2022-07-25 04:50:12',	'0000-00-00 00:00:00',	0),
(10,	1,	'Lampu Senter',	'RJ : 1, RI : 1',	'Buah',	'2022-07-25 04:50:12',	'2022-07-25 04:50:12',	'0000-00-00 00:00:00',	0),
(11,	1,	'Metline',	'RJ : 1, RI : 1',	'Buah',	'2022-07-25 04:50:12',	'2022-07-25 04:50:12',	'0000-00-00 00:00:00',	0),
(12,	1,	'Opthalmoscop',	'RJ : 1, RI : 1',	'Buah',	'2022-07-25 04:50:12',	'2022-07-25 04:50:12',	'0000-00-00 00:00:00',	0),
(13,	1,	'Otoscope',	'RJ : 1, RI : 1',	'Buah',	'2022-07-25 04:50:12',	'2022-07-25 04:50:12',	'0000-00-00 00:00:00',	0),
(14,	1,	'Palu Refleks',	'RJ : 1, RI : 1',	'Buah',	'2022-07-25 04:50:12',	'2022-07-25 04:50:12',	'0000-00-00 00:00:00',	0),
(15,	1,	'Pelilit Kapas',	'Sesuai Kebutuhan',	'Sesuai Kebutuhan',	'2022-07-25 04:50:12',	'2022-07-25 04:50:12',	'0000-00-00 00:00:00',	0),
(16,	1,	'Skinfold Calipper',	'RJ : 1, RI : 1',	'Buah',	'2022-07-25 04:50:12',	'2022-07-25 04:50:12',	'0000-00-00 00:00:00',	0),
(17,	1,	'Snellen chart (E Chart dan Alphabet Chart)',	'RJ : 1, RI : 1',	'Buah',	'2022-07-25 04:50:12',	'2022-07-25 04:50:12',	'0000-00-00 00:00:00',	0),
(18,	1,	'Spekulum Vagina',	'RJ : 1, RI : 1',	'Set',	'2022-07-25 04:50:12',	'2022-07-25 04:50:12',	'0000-00-00 00:00:00',	0),
(19,	1,	'Spekulum Hidung Besar',	'RJ : 1, RI : 1',	'Buah',	'2022-07-25 04:50:12',	'2022-07-25 04:50:12',	'0000-00-00 00:00:00',	0),
(20,	1,	'Spekulum Hidung Anak',	'RJ : 1, RI : 1',	'Buah',	'2022-07-25 04:50:12',	'2022-07-25 04:50:12',	'0000-00-00 00:00:00',	0),
(21,	1,	'Sphygmomanometer Dewasa',	'RJ : 1, RI : 1',	'Buah',	'2022-07-25 04:50:12',	'2022-07-25 04:50:12',	'0000-00-00 00:00:00',	0),
(22,	1,	'Sphygmomanometer anak',	'RJ : 1, RI : 1',	'Buah',	'2022-07-25 04:50:12',	'2022-07-25 04:50:12',	'0000-00-00 00:00:00',	0),
(23,	1,	'Stetoskop',	'RJ : 1, RI : 1',	'Buah',	'2022-07-25 04:50:12',	'2022-07-25 04:50:12',	'0000-00-00 00:00:00',	0),
(24,	1,	'Spatula Lidah',	'Sesuai Kebutuhan',	'Sesuai Kebutuhan',	'2022-07-25 04:50:12',	'2022-07-25 04:50:12',	'0000-00-00 00:00:00',	0),
(25,	1,	'Meja Periksa',	'RJ : 1, RI : 1',	'Buah',	'2022-07-25 04:50:12',	'2022-07-25 04:50:12',	'0000-00-00 00:00:00',	0),
(26,	1,	'Termometer',	'RJ : 1, RI : 1',	'Buah',	'2022-07-25 04:50:12',	'2022-07-25 04:50:12',	'0000-00-00 00:00:00',	0),
(27,	1,	'Timbangan dewasa',	'RJ : 1, RI : 1',	'Buah',	'2022-07-25 04:50:12',	'2022-07-25 04:50:12',	'0000-00-00 00:00:00',	0),
(28,	1,	'Timbangan bayi',	'RJ : 1, RI : 1',	'Buah',	'2022-07-25 04:50:12',	'2022-07-25 04:50:12',	'0000-00-00 00:00:00',	0),
(29,	2,	'Alkohol',	'Sesuai kebutuhan',	'Sesuai Kebutuhan',	'2022-07-25 04:50:12',	'2022-07-25 04:50:12',	'0000-00-00 00:00:00',	0),
(30,	2,	'Povidone Iodine',	'Sesuai Kebutuhan',	'Sesuai Kebutuhan',	'2022-07-25 04:50:12',	'2022-07-25 04:50:12',	'0000-00-00 00:00:00',	0),
(31,	2,	'Kapas',	'Sesuai Kebutuhan',	'Sesuai Kebutuhan',	'2022-07-25 04:50:12',	'2022-07-25 04:50:12',	'0000-00-00 00:00:00',	0),
(32,	2,	'Kasa non steril',	'Sesuai Kebutuhan',	'Sesuai Kebutuhan',	'2022-07-25 04:50:12',	'2022-07-25 04:50:12',	'0000-00-00 00:00:00',	0),
(33,	2,	'Masker',	'Sesuai Kebutuhan',	'Sesuai Kebutuhan',	'2022-07-25 04:50:12',	'2022-07-25 04:50:12',	'0000-00-00 00:00:00',	0),
(34,	2,	'Sabun Tangan',	'Sesuai Kebutuhan',	'Sesuai Kebutuhan',	'2022-07-25 04:50:12',	'2022-07-25 04:50:12',	'0000-00-00 00:00:00',	0),
(35,	2,	'Sarung tangan steril',	'Sesuai Kebutuhan',	'Sesuai Kebutuhan',	'2022-07-25 04:50:12',	'2022-07-25 04:50:12',	'0000-00-00 00:00:00',	0),
(36,	2,	'Sarung tangan non steril',	'Sesuai Kebutuhan',	'Sesuai Kebutuhan',	'2022-07-25 04:50:12',	'2022-07-25 04:50:12',	'0000-00-00 00:00:00',	0),
(37,	3,	'Bantal',	'RJ : 1, RI : 1',	'Buah',	'2022-07-25 04:50:12',	'2022-07-25 04:50:12',	'0000-00-00 00:00:00',	0),
(38,	3,	'Baskom Cuci Tangan',	'RJ : 1, RI : 1',	'Buah',	'2022-07-25 04:50:12',	'2022-07-25 04:50:12',	'0000-00-00 00:00:00',	0),
(39,	3,	'Tempat tidur perawatan',	'RJ : 1, RI : 1',	'Set',	'2022-07-25 04:50:12',	'2022-07-25 04:50:12',	'0000-00-00 00:00:00',	0),
(40,	3,	'Lampu spiritus',	'RJ : 1, RI : 1',	'Buah',	'2022-07-25 04:50:12',	'2022-07-25 04:50:12',	'0000-00-00 00:00:00',	0),
(41,	3,	'Lemari alat',	'RJ : 1, RI : 1',	'Buah',	'2022-07-25 04:50:12',	'2022-07-25 04:50:12',	'0000-00-00 00:00:00',	0),
(42,	3,	'Meja instrumen',	'RJ : 1, RI : 1',	'Buah',	'2022-07-25 04:50:12',	'2022-07-25 04:50:12',	'0000-00-00 00:00:00',	0),
(43,	3,	'Meteran tinggi badan',	'RJ : 1, RI : 1',	'Buah',	'2022-07-25 04:50:12',	'2022-07-25 04:50:12',	'0000-00-00 00:00:00',	0),
(44,	3,	'Perlak',	'RJ : 2, RI : 2',	'Buah',	'2022-07-25 04:50:12',	'2022-07-25 04:50:12',	'0000-00-00 00:00:00',	0),
(45,	3,	'Pispot',	'RJ : 1, RI : 1',	'Buah',	'2022-07-25 04:50:12',	'2022-07-25 04:50:12',	'0000-00-00 00:00:00',	0),
(46,	3,	'Kebutuhan Linen',	'RJ : 1, RI : 1',	'Buah',	'2022-07-25 04:50:12',	'2022-07-25 04:50:12',	'0000-00-00 00:00:00',	0),
(47,	3,	'Sikat',	'RJ : 1, RI : 1',	'Buah',	'2022-07-25 04:50:12',	'2022-07-25 04:50:12',	'0000-00-00 00:00:00',	0),
(48,	3,	'Penghitung waktu',	'RJ : 1, RI : 1',	'Buah',	'2022-07-25 04:50:12',	'2022-07-25 04:50:12',	'0000-00-00 00:00:00',	0),
(49,	3,	'Tempat sampah tertutup (medis dan non medis)',	'RJ : 3, RI : 3',	'Buah',	'2022-07-25 04:50:12',	'2022-07-25 04:50:12',	'0000-00-00 00:00:00',	0),
(50,	3,	'Tempat penyimpanan',	'RJ : 1, RI : 1',	'Buah',	'2022-07-25 04:50:12',	'2022-07-25 04:50:12',	'0000-00-00 00:00:00',	0),
(51,	4,	'Meja tulis',	'RJ : 1, RI : 1',	'Unit',	'2022-07-25 04:50:12',	'2022-07-25 04:50:12',	'0000-00-00 00:00:00',	0),
(52,	4,	'Kursi Kerja',	'RJ : 3,  RI : 3',	'Unit',	'2022-07-25 04:50:12',	'2022-07-25 04:50:12',	'0000-00-00 00:00:00',	0),
(53,	4,	'Lemari Arsip',	'RJ : 1, RI : 1',	'Unit',	'2022-07-25 04:50:12',	'2022-07-25 04:50:12',	'0000-00-00 00:00:00',	0),
(54,	5,	'Buku Register Pelayanan',	'Sesuai Kebutuhan',	'Sesuai Kebutuhan',	'2022-07-25 04:50:12',	'2022-07-25 04:50:12',	'0000-00-00 00:00:00',	0),
(55,	5,	'Formulir dan surat keterangan lain',	'Sesuai Kebutuhan',	'Sesuai Kebutuhan',	'2022-07-25 04:50:12',	'2022-07-25 04:50:12',	'0000-00-00 00:00:00',	0),
(56,	5,	'Formulir Informed Consent',	'Sesuai Kebutuhan',	'Sesuai Kebutuhan',	'2022-07-25 04:50:12',	'2022-07-25 04:50:12',	'0000-00-00 00:00:00',	0),
(57,	5,	'Formulir Rujukan',	'Sesuai Kebutuhan',	'Sesuai Kebutuhan',	'2022-07-25 04:50:12',	'2022-07-25 04:50:12',	'0000-00-00 00:00:00',	0),
(58,	5,	'Kertas resep',	'Sesuai Kebutuhan',	'Sesuai Kebutuhan',	'2022-07-25 04:50:12',	'2022-07-25 04:50:12',	'0000-00-00 00:00:00',	0),
(59,	5,	'Surat Keterangan Sakit',	'Sesuai Kebutuhan',	'Sesuai Kebutuhan',	'2022-07-25 04:50:12',	'2022-07-25 04:50:12',	'0000-00-00 00:00:00',	0),
(60,	5,	'Surat Keterangan Sehat',	'Sesuai Kebutuhan',	'Sesuai Kebutuhan',	'2022-07-25 04:50:12',	'2022-07-25 04:50:12',	'0000-00-00 00:00:00',	0),
(61,	6,	'Breast Pump',	'1',	'Buah',	'2022-07-25 04:50:12',	'2022-07-25 04:50:12',	'0000-00-00 00:00:00',	0),
(62,	6,	'Meja',	'Sesuai Kebutuhan',	'Sesuai Kebutuhan',	'2022-07-25 04:50:12',	'2022-07-25 04:50:12',	'0000-00-00 00:00:00',	0),
(63,	6,	'Kursi',	'Sesuai Kebutuhan',	'Sesuai Kebutuhan',	'2022-07-25 04:50:12',	'2022-07-25 04:50:12',	'0000-00-00 00:00:00',	0),
(64,	6,	'Lemari Es',	'Sesuai Kebutuhan',	'Sesuai Kebutuhan',	'2022-07-25 04:50:12',	'2022-07-25 04:50:12',	'0000-00-00 00:00:00',	0),
(65,	6,	'Wastafel',	'Sesuai Kebutuhan',	'Sesuai Kebutuhan',	'2022-07-25 04:50:12',	'2022-07-25 04:50:12',	'0000-00-00 00:00:00',	0),
(66,	6,	'Tempat Sampah',	'Sesuai Kebutuhan',	'Sesuai Kebutuhan',	'2022-07-25 04:50:12',	'2022-07-25 04:50:12',	'0000-00-00 00:00:00',	0);

DROP TABLE IF EXISTS `tbl_deskripsi_penilaian_utama`;
CREATE TABLE `tbl_deskripsi_penilaian_utama` (
  `id_deskripsi` int NOT NULL AUTO_INCREMENT,
  `id_group` int NOT NULL,
  `kriteria_penilaian_utama` varchar(200) NOT NULL,
  `jumlah_minimal_penilaian_utama` varchar(100) NOT NULL,
  `satuan_penilaian_utama` enum('Unit','Buah','Set','Sesuai Kebutuhan') NOT NULL,
  `created_at` timestamp NOT NULL DEFAULT CURRENT_TIMESTAMP,
  `update_at` timestamp NOT NULL DEFAULT CURRENT_TIMESTAMP ON UPDATE CURRENT_TIMESTAMP,
  `delete_at` timestamp NOT NULL,
  `delete` int NOT NULL DEFAULT '0',
  PRIMARY KEY (`id_deskripsi`),
  KEY `id_group` (`id_group`),
  CONSTRAINT `tbl_deskripsi_penilaian_utama_ibfk_1` FOREIGN KEY (`id_group`) REFERENCES `tbl_group_utama` (`id_group`)
) ENGINE=InnoDB DEFAULT CHARSET=utf8mb4 COLLATE=utf8mb4_0900_ai_ci;

INSERT INTO `tbl_deskripsi_penilaian_utama` (`id_deskripsi`, `id_group`, `kriteria_penilaian_utama`, `jumlah_minimal_penilaian_utama`, `satuan_penilaian_utama`, `created_at`, `update_at`, `delete_at`, `delete`) VALUES
(1,	1,	'Bein Lurus Besar',	'Klinik Pratama drg : 1,\r\nKlinik Pratama : 1',	'Buah',	'2022-07-25 04:50:12',	'2022-07-25 04:50:12',	'0000-00-00 00:00:00',	0),
(2,	1,	'Bein Lurus Kecil',	'Klinik Pratama drg : 1, Klinik Pratama : 1',	'Buah',	'2022-07-25 04:50:12',	'2022-07-25 04:50:12',	'0000-00-00 00:00:00',	0),
(3,	1,	'Bor Intan Diamond',	'Klinik Pratama drg : 1,\r\nKlinik Pratama : 1',	'Set',	'2022-07-25 04:50:12',	'2022-07-25 04:50:12',	'0000-00-00 00:00:00',	0),
(4,	1,	'Bor Intan Kontra Angle Hand Piece Conventional',	'Klinik pratama drg: 1,\r\nKlinik pratama : 1',	'Set',	'2022-07-25 04:50:12',	'2022-07-25 04:50:12',	'0000-00-00 00:00:00',	0),
(5,	1,	'Ekskavator (besar)',	'Klinik pratama drg: 4,\r\nKlinik pratama : 10',	'Buah',	'2022-07-25 04:50:12',	'2022-07-25 04:50:12',	'0000-00-00 00:00:00',	0),
(6,	1,	'Eksakavator (kecil)',	'Klinik pratama drg: 4,\r\nKlinik pratama : 10',	'Buah',	'2022-07-25 04:50:12',	'2022-07-25 04:50:12',	'0000-00-00 00:00:00',	0),
(7,	1,	'Gunting Operasi Gusi (wagner) 12 cm',	'Klinik pratama drg: 1,\r\nKlinik pratama : 2',	'Buah',	'2022-07-25 04:50:12',	'2022-07-25 04:50:12',	'0000-00-00 00:00:00',	0),
(8,	1,	'Handpiece Contra Angle',	'Klinik pratama drg: 1,\r\nKlinik pratama : 2',	'Buah',	'2022-07-25 04:50:12',	'2022-07-25 04:50:12',	'0000-00-00 00:00:00',	0),
(9,	1,	'Handpiece Straight',	'Klinik pratama drg: 4,\r\nKlinik pratama : 10',	'Buah',	'2022-07-25 04:50:12',	'2022-07-25 04:50:12',	'0000-00-00 00:00:00',	0),
(10,	1,	'Kaca mulut datar no. 4 datar tanpa tangkai',	'Klinik pratama drg: 4,\r\nKlinik pratama : 10',	'Buah',	'2022-07-25 04:50:12',	'2022-07-25 04:50:12',	'0000-00-00 00:00:00',	0),
(11,	1,	'Arteri klem/pemegang jarum jahit',	'Klinik pratama drg: 1,\r\nKlinik pratama : 2',	'Buah',	'2022-07-25 04:50:12',	'2022-07-25 04:50:12',	'0000-00-00 00:00:00',	0),
(12,	1,	'Set kursi gigi elektrik yang terdiri dari',	'Klinik pratama drg: 1,\r\nKlinik pratama : 2',	'Buah',	'2022-07-25 04:50:12',	'2022-07-25 04:50:12',	'0000-00-00 00:00:00',	0),
(13,	1,	'Jarum Exterpasi',	'Klinik pratama drg: 1,\r\nKlinik pratama : 2',	'Buah',	'2022-07-25 04:50:12',	'2022-07-25 04:50:12',	'0000-00-00 00:00:00',	0),
(14,	1,	'Jarum K-File &#40;15-40&#41;',	'Klinik pratama drg: 1,\r\nKlinik pratama : 2',	'Buah',	'2022-07-25 04:50:12',	'2022-07-25 04:50:12',	'0000-00-00 00:00:00',	0),
(15,	1,	'Light Curing',	'Klinik pratama drg: 1,\r\nKlinik pratama : 1',	'Buah',	'2022-07-25 04:50:12',	'2022-07-25 04:50:12',	'0000-00-00 00:00:00',	0),
(16,	1,	'Pelindung Jari',	'Klinik pratama drg: 1,\r\nKlinik pratama : 2',	'Buah',	'2022-07-25 04:50:12',	'2022-07-25 04:50:12',	'0000-00-00 00:00:00',	0),
(17,	1,	'Pemegang Matrix',	'Klinik pratama drg: 1,\r\nKlinik pratama : 1',	'Buah',	'2022-07-25 04:50:12',	'2022-07-25 04:50:12',	'0000-00-00 00:00:00',	0),
(18,	1,	'Penahan Lidah',	'Klinik pratama drg: 1,\r\nKlinik pratama : 1',	'Buah',	'2022-07-25 04:50:12',	'2022-07-25 04:50:12',	'0000-00-00 00:00:00',	0),
(19,	1,	'Pengungkit akar gigi kanan',	'Klinik pratama drg: 1,\r\nKlinik pratama : 1',	'Buah',	'2022-07-25 04:50:12',	'2022-07-25 04:50:12',	'0000-00-00 00:00:00',	0),
(20,	1,	'Pengungkit akar gigi kanan mesial',	'Klinik pratama drg: 1,\r\nKlinik pratama : 1',	'Buah',	'2022-07-25 04:50:12',	'2022-07-25 04:50:12',	'0000-00-00 00:00:00',	0),
(21,	1,	'Periodontal Probe',	'Klinik pratama drg: 2,\r\nKlinik pratama : 5',	'Buah',	'2022-07-25 04:50:12',	'2022-07-25 04:50:12',	'0000-00-00 00:00:00',	0),
(22,	1,	'Penumpat semen',	'Klinik pratama drg: 2,\r\nKlinik pratama : 4',	'Buah',	'2022-07-25 04:50:12',	'2022-07-25 04:50:12',	'0000-00-00 00:00:00',	0),
(23,	1,	'Pinset Gigi',	'Klinik pratama drg: 2,\r\nKlinik pratama : 4',	'Buah',	'2022-07-25 04:50:12',	'2022-07-25 04:50:12',	'0000-00-00 00:00:00',	0),
(24,	1,	'Polishing bur',	'Klinik pratama drg: 1,\r\nKlinik pratama : 1',	'Buah',	'2022-07-25 04:50:12',	'2022-07-25 04:50:12',	'0000-00-00 00:00:00',	0),
(25,	1,	'Skeler standar, bentuk cangkul kiri',	'Klinik pratama drg: 1,\r\nKlinik pratama : 2',	'Buah',	'2022-07-25 04:50:12',	'2022-07-25 04:50:12',	'0000-00-00 00:00:00',	0),
(26,	1,	'Skeler standar, bentuk cangkul kanan',	'Klinik pratama drg: 1,\r\nKlinik pratama : 2',	'Buah',	'2022-07-25 04:50:12',	'2022-07-25 04:50:12',	'0000-00-00 00:00:00',	0),
(27,	1,	'Skeler standar, bentuk tombak',	'Klinik pratama drg: 1,\r\nKlinik pratama : 2',	'Buah',	'2022-07-25 04:50:12',	'2022-07-25 04:50:12',	'0000-00-00 00:00:00',	0),
(28,	1,	'Skeler standar, black kiri dan kanan',	'Klinik pratama drg: 1,\r\nKlinik pratama : 2',	'Buah',	'2022-07-25 04:50:12',	'2022-07-25 04:50:12',	'0000-00-00 00:00:00',	0),
(29,	1,	'Skeler Ultrasonik',	'Klinik pratama drg: 1,\r\nKlinik pratama : 1',	'Buah',	'2022-07-25 04:50:12',	'2022-07-25 04:50:12',	'0000-00-00 00:00:00',	0),
(30,	1,	'Sonde lengkung',	'Klinik pratama drg: 4,\r\nKlinik pratama : 10',	'Buah',	'2022-07-25 04:50:12',	'2022-07-25 04:50:12',	'0000-00-00 00:00:00',	0),
(31,	1,	'Sonde lurus',	'Klinik pratama drg: 4,\r\nKlinik pratama : 10',	'Buah',	'2022-07-25 04:50:12',	'2022-07-25 04:50:12',	'0000-00-00 00:00:00',	0),
(32,	1,	'Spatula pengaduk semen ionomer',	'Klinik pratama drg: 2,\r\nKlinik pratama : 2',	'Buah',	'2022-07-25 04:50:12',	'2022-07-25 04:50:12',	'0000-00-00 00:00:00',	0),
(33,	1,	'Set tang pencabutan gigi dewasa (set).\r\n1) Tang gigi incisivus rahang atas dan bawah',	'Klinik pratama drg: 1,\r\nKlinik pratama : 1',	'Set',	'2022-07-25 04:50:12',	'2022-07-25 04:50:12',	'0000-00-00 00:00:00',	0),
(34,	1,	'2) tang gigi caninus, rahang atas dan bawah',	'Klinik pratama drg: 1,\r\nKlinik pratama : 1',	'Set',	'2022-07-25 04:50:12',	'2022-07-25 04:50:12',	'0000-00-00 00:00:00',	0),
(35,	1,	'3) Tang gigi premolar rahang atas',	'Klinik pratama drg: 1,\r\nKlinik pratama : 1',	'Set',	'2022-07-25 04:50:12',	'2022-07-25 04:50:12',	'0000-00-00 00:00:00',	0),
(36,	1,	'4) Tang gigi premolar rahang atas, kiri dan kanan',	'Klinik pratama drg: 1,\r\nKlinik pratama : 1',	'Set',	'2022-07-25 04:50:12',	'2022-07-25 04:50:12',	'0000-00-00 00:00:00',	0),
(37,	1,	'5) Tang gigi molar 3  rahang atas, kiri, dan kanan',	'Klinik pratama drg: 1,\r\nKlinik pratama : 1',	'Set',	'2022-07-25 04:50:12',	'2022-07-25 04:50:12',	'0000-00-00 00:00:00',	0),
(38,	1,	'6) Tang gigi premolar rahang bawah',	'Klinik pratama drg: 1,\r\nKlinik pratama : 1',	'Set',	'2022-07-25 04:50:12',	'2022-07-25 04:50:12',	'0000-00-00 00:00:00',	0),
(39,	1,	'7) Tang gigi molar rahang bawah',	'Klinik pratama drg: 1,\r\nKlinik pratama : 1',	'Set',	'2022-07-25 04:50:12',	'2022-07-25 04:50:12',	'0000-00-00 00:00:00',	0),
(40,	1,	'8) tang gigi molar 3 rahang bawah',	'Klinik pratama drg: 1,\r\nKlinik pratama : 1',	'Set',	'2022-07-25 04:50:12',	'2022-07-25 04:50:12',	'0000-00-00 00:00:00',	0),
(41,	1,	'9) Tang sisa akar gigi anterior rahang atas',	'Klinik pratama drg: 1,\r\nKlinik pratama : 1',	'Set',	'2022-07-25 04:50:12',	'2022-07-25 04:50:12',	'0000-00-00 00:00:00',	0),
(42,	1,	'10) Tang sisa akar gigi posterior rahang atas',	'Klinik pratama drg: 1,\r\nKlinik pratama : 1',	'Set',	'2022-07-25 04:50:12',	'2022-07-25 04:50:12',	'0000-00-00 00:00:00',	0),
(43,	1,	'11) Tang sisa akar gigi rahang bawah',	'Klinik pratama drg: 1,\r\nKlinik pratama : 1',	'Set',	'2022-07-25 04:50:12',	'2022-07-25 04:50:12',	'0000-00-00 00:00:00',	0),
(44,	1,	'Set tang pencabutan gigi anak (set)\r\n1) Tang gigi anterior rahang atas',	'Klinik pratama drg: 1,\r\nKlinik pratama : 1',	'Set',	'2022-07-25 04:50:12',	'2022-07-25 04:50:12',	'0000-00-00 00:00:00',	0),
(45,	1,	'2) Tang gigi molar rahang',	'Klinik pratama drg: 1,\r\nKlinik pratama : 1',	'Set',	'2022-07-25 04:50:12',	'2022-07-25 04:50:12',	'0000-00-00 00:00:00',	0),
(46,	1,	'3) Tang gigi molar rahang bawah',	'Klinik pratama drg: 1,\r\nKlinik pratama : 1',	'Set',	'2022-07-25 04:50:12',	'2022-07-25 04:50:12',	'0000-00-00 00:00:00',	0),
(47,	1,	'4) Tang gigi sisa akar gigi rahang atas',	'Klinik pratama drg: 1,\r\nKlinik pratama : 1',	'Set',	'2022-07-25 04:50:12',	'2022-07-25 04:50:12',	'0000-00-00 00:00:00',	0),
(48,	1,	'5) Tang gigi anterior rahang bawah',	'Klinik pratama drg: 1,\r\nKlinik pratama : 1',	'Set',	'2022-07-25 04:50:12',	'2022-07-25 04:50:12',	'0000-00-00 00:00:00',	0),
(49,	1,	'6) Tang gigi sisa akar gigi rahang bawah',	'Klinik pratama drg: 1,\r\nKlinik pratama : 1',	'Set',	'2022-07-25 04:50:12',	'2022-07-25 04:50:12',	'0000-00-00 00:00:00',	0),
(50,	1,	'Skalpel Besar',	'Klinik pratama drg: 1,\r\nKlinik pratama : 1',	'Set',	'2022-07-25 04:50:12',	'2022-07-25 04:50:12',	'0000-00-00 00:00:00',	0),
(51,	1,	'Skalpel besar',	'Klinik pratama drg: 1,\r\nKlinik pratama : 1',	'Set',	'2022-07-25 04:50:12',	'2022-07-25 04:50:12',	'0000-00-00 00:00:00',	0),
(52,	1,	'Skalpel, tangkai pisau operasi',	'Klinik pratama drg: 1,\r\nKlinik pratama : 1',	'Set',	'2022-07-25 04:50:12',	'2022-07-25 04:50:12',	'0000-00-00 00:00:00',	0),
(53,	1,	'Kaca mulut',	'Klinik pratama drg: 1,\r\nKlinik pratama : 1',	'Buah',	'2022-07-25 04:50:12',	'2022-07-25 04:50:12',	'0000-00-00 00:00:00',	0),
(54,	1,	'Baki logam tempat alat steril bertutup',	'Klinik pratama drg: 1,\r\nKlinik pratama : 2',	'Buah',	'2022-07-25 04:50:12',	'2022-07-25 04:50:12',	'0000-00-00 00:00:00',	0),
(55,	1,	'Korentang penjepit sponge',	'Klinik pratama drg: 1,\r\nKlinik pratama : 2',	'Buah',	'2022-07-25 04:50:12',	'2022-07-25 04:50:12',	'0000-00-00 00:00:00',	0),
(56,	1,	'Lampu spiritus isi 120cc',	'Klinik pratama drg: 1,\r\nKlinik pratama : 2',	'Buah',	'2022-07-25 04:50:12',	'2022-07-25 04:50:12',	'0000-00-00 00:00:00',	0),
(57,	1,	'Lemari peralatan',	'Klinik pratama drg: 1,\r\nKlinik pratama : 2',	'Buah',	'2022-07-25 04:50:12',	'2022-07-25 04:50:12',	'0000-00-00 00:00:00',	0),
(58,	1,	'Lempeng kaca pengaduk semen',	'Klinik pratama drg: 1,\r\nKlinik pratama : 2',	'Buah',	'2022-07-25 04:50:12',	'2022-07-25 04:50:12',	'0000-00-00 00:00:00',	0),
(59,	1,	'Tempat penyimpanan jarum bekas',	'Klinik pratama drg: 1,\r\nKlinik pratama : 2',	'Buah',	'2022-07-25 04:50:12',	'2022-07-25 04:50:12',	'0000-00-00 00:00:00',	0),
(60,	1,	'Silinder korentang steril',	'Klinik pratama drg: 1,\r\nKlinik pratama : 2',	'Buah',	'2022-07-25 04:50:12',	'2022-07-25 04:50:12',	'0000-00-00 00:00:00',	0),
(61,	1,	'Sterilisator Kering',	'Klinik pratama drg: 1,\r\nKlinik pratama : 2',	'Buah',	'2022-07-25 04:50:12',	'2022-07-25 04:50:12',	'0000-00-00 00:00:00',	0),
(62,	1,	'Tempat alkohol',	'Klinik pratama drg: 1,\r\nKlinik pratama : 2',	'Buah',	'2022-07-25 04:50:12',	'2022-07-25 04:50:12',	'0000-00-00 00:00:00',	0),
(63,	1,	'Toples kapas logam dengan pegas dan tutup',	'Klinik pratama drg: 1,\r\nKlinik pratama : 2',	'Buah',	'2022-07-25 04:50:12',	'2022-07-25 04:50:12',	'0000-00-00 00:00:00',	0),
(64,	1,	'Toples Pembuangan Kapas',	'Klinik pratama drg: 1,\r\nKlinik pratama : 2',	'Buah',	'2022-07-25 04:50:12',	'2022-07-25 04:50:12',	'0000-00-00 00:00:00',	0),
(65,	1,	'Nierbeken',	'Klinik pratama drg: 1,\r\nKlinik pratama : 2',	'Buah',	'2022-07-25 04:50:12',	'2022-07-25 04:50:12',	'0000-00-00 00:00:00',	0),
(66,	2,	'Betadin solution/disinfectan',	'Sesuai Kebutuhan',	'Sesuai Kebutuhan',	'2022-07-25 04:50:12',	'2022-07-25 04:50:12',	'0000-00-00 00:00:00',	0),
(67,	2,	'Sabun tangan/antiseptic',	'Sesuai Kebutuhan',	'Sesuai Kebutuhan',	'2022-07-25 04:50:12',	'2022-07-25 04:50:12',	'0000-00-00 00:00:00',	0),
(68,	2,	'Kasa',	'Sesuai Kebutuhan',	'Sesuai Kebutuhan',	'2022-07-25 04:50:12',	'2022-07-25 04:50:12',	'0000-00-00 00:00:00',	0),
(69,	2,	'Benang silk',	'Sesuai Kebutuhan',	'Sesuai Kebutuhan',	'2022-07-25 04:50:12',	'2022-07-25 04:50:12',	'0000-00-00 00:00:00',	0),
(70,	2,	'Chromic catgut',	'Sesuai Kebutuhan',	'Sesuai Kebutuhan',	'2022-07-25 04:50:12',	'2022-07-25 04:50:12',	'0000-00-00 00:00:00',	0),
(71,	2,	'Alkohol',	'Sesuai Kebutuhan',	'Sesuai Kebutuhan',	'2022-07-25 04:50:12',	'2022-07-25 04:50:12',	'0000-00-00 00:00:00',	0),
(72,	2,	'Kapas',	'Sesuai Kebutuhan',	'Sesuai Kebutuhan',	'2022-07-25 04:50:12',	'2022-07-25 04:50:12',	'0000-00-00 00:00:00',	0),
(73,	2,	'Masker',	'Sesuai Kebutuhan',	'Sesuai Kebutuhan',	'2022-07-25 04:50:12',	'2022-07-25 04:50:12',	'0000-00-00 00:00:00',	0),
(74,	2,	'Sarung Tangan',	'Sesuai Kebutuhan',	'Sesuai Kebutuhan',	'2022-07-25 04:50:12',	'2022-07-25 04:50:12',	'0000-00-00 00:00:00',	0),
(75,	3,	'Kursi Kerja',	'Klinik Pratama drg : 1,\r\nKlinik Pratama : 1',	'Unit',	'2022-07-25 04:50:12',	'2022-07-25 04:50:12',	'0000-00-00 00:00:00',	0),
(76,	3,	'Lemari arsip',	'Klinik Pratama drg : 1,\r\nKlinik Pratama : 1',	'Unit',	'2022-07-25 04:50:12',	'2022-07-25 04:50:12',	'0000-00-00 00:00:00',	0),
(77,	3,	'Meja tulis',	'Klinik Pratama drg : 1,\r\nKlinik Pratama : 1',	'Unit',	'2022-07-25 04:50:12',	'2022-07-25 04:50:12',	'0000-00-00 00:00:00',	0),
(78,	4,	'Buku register pelayanan',	'Sesuai kebutuhan',	'Sesuai Kebutuhan',	'2022-07-25 04:50:12',	'2022-07-25 04:50:12',	'0000-00-00 00:00:00',	0),
(79,	4,	'Kartu rekam medis',	'Sesuai kebutuhan',	'Sesuai Kebutuhan',	'2022-07-25 04:50:12',	'2022-07-25 04:50:12',	'0000-00-00 00:00:00',	0),
(80,	4,	'Formulir informed consent',	'Sesuai kebutuhan',	'Sesuai Kebutuhan',	'2022-07-25 04:50:12',	'2022-07-25 04:50:12',	'0000-00-00 00:00:00',	0),
(81,	4,	'Formulir rujukan',	'Sesuai kebutuhan',	'Sesuai Kebutuhan',	'2022-07-25 04:50:12',	'2022-07-25 04:50:12',	'0000-00-00 00:00:00',	0),
(82,	4,	'Kertas resep',	'Sesuai kebutuhan',	'Sesuai Kebutuhan',	'2022-07-25 04:50:12',	'2022-07-25 04:50:12',	'0000-00-00 00:00:00',	0),
(83,	4,	'Surat keterangan sakit',	'Sesuai kebutuhan',	'Sesuai Kebutuhan',	'2022-07-25 04:50:12',	'2022-07-25 04:50:12',	'0000-00-00 00:00:00',	0),
(84,	4,	'Surat keterangan sehat',	'Sesuai kebutuhan',	'Sesuai Kebutuhan',	'2022-07-25 04:50:12',	'2022-07-25 04:50:12',	'0000-00-00 00:00:00',	0),
(85,	5,	'Breast Pump',	'1',	'Buah',	'2022-07-25 04:50:12',	'2022-07-25 04:50:12',	'0000-00-00 00:00:00',	0),
(86,	5,	'Cairan desinfectan tangan',	'Sesuai kebutuhan',	'Sesuai Kebutuhan',	'2022-07-25 04:50:12',	'2022-07-25 04:50:12',	'0000-00-00 00:00:00',	0),
(87,	5,	'Cairan desinfectan ruangan',	'Sesuai kebutuhan',	'Sesuai Kebutuhan',	'2022-07-25 04:50:12',	'2022-07-25 04:50:12',	'0000-00-00 00:00:00',	0),
(88,	5,	'Tempat sampah tertutup',	'1',	'Buah',	'2022-07-25 04:50:12',	'2022-07-25 04:50:12',	'0000-00-00 00:00:00',	0),
(89,	5,	'waskom',	'1',	'Buah',	'2022-07-25 04:50:12',	'2022-07-25 04:50:12',	'0000-00-00 00:00:00',	0),
(90,	5,	'Waslap',	'2',	'Buah',	'2022-07-25 04:50:12',	'2022-07-25 04:50:12',	'0000-00-00 00:00:00',	0),
(91,	5,	'Kursi',	'1',	'Buah',	'2022-07-25 04:50:12',	'2022-07-25 04:50:12',	'0000-00-00 00:00:00',	0),
(92,	5,	'Meja untuk ganti popok bayi',	'1',	'Buah',	'2022-07-25 04:50:12',	'2022-07-25 04:50:12',	'0000-00-00 00:00:00',	0),
(93,	5,	'Meja perlengkapan',	'1',	'Buah',	'2022-07-25 04:50:12',	'2022-07-25 04:50:12',	'0000-00-00 00:00:00',	0);

DROP TABLE IF EXISTS `tbl_group_pratama`;
CREATE TABLE `tbl_group_pratama` (
  `id_group` int NOT NULL AUTO_INCREMENT,
  `group_name` varchar(200) NOT NULL,
  `created_at` timestamp NOT NULL DEFAULT CURRENT_TIMESTAMP,
  `update_at` timestamp NOT NULL DEFAULT CURRENT_TIMESTAMP ON UPDATE CURRENT_TIMESTAMP,
  `delete_at` timestamp NOT NULL,
  `delete` int NOT NULL DEFAULT '0',
  PRIMARY KEY (`id_group`)
) ENGINE=InnoDB DEFAULT CHARSET=utf8mb4 COLLATE=utf8mb4_0900_ai_ci;

INSERT INTO `tbl_group_pratama` (`id_group`, `group_name`, `created_at`, `update_at`, `delete_at`, `delete`) VALUES
(1,	'Peralatan Klinik',	'2022-07-25 04:50:12',	'2022-07-25 04:50:12',	'0000-00-00 00:00:00',	0),
(2,	'Bahan Habis Pakai',	'2022-07-25 04:50:12',	'2022-07-25 04:50:12',	'0000-00-00 00:00:00',	0),
(3,	'Perlengkapan',	'2022-07-25 04:50:12',	'2022-07-25 04:50:12',	'0000-00-00 00:00:00',	0),
(4,	'Meubel Air',	'2022-07-25 04:50:12',	'2022-07-25 04:50:12',	'0000-00-00 00:00:00',	0),
(5,	'Pencatatan dan Pelaporan',	'2022-07-25 04:50:12',	'2022-07-25 04:50:12',	'0000-00-00 00:00:00',	0),
(6,	'Peralatan Klinik Yang Memiliki Ruang Asi',	'2022-07-25 04:50:12',	'2022-07-25 04:50:12',	'0000-00-00 00:00:00',	0);

DROP TABLE IF EXISTS `tbl_group_utama`;
CREATE TABLE `tbl_group_utama` (
  `id_group` int NOT NULL AUTO_INCREMENT,
  `group_name` varchar(200) NOT NULL,
  `created_at` timestamp NOT NULL DEFAULT CURRENT_TIMESTAMP,
  `update_at` timestamp NOT NULL DEFAULT CURRENT_TIMESTAMP ON UPDATE CURRENT_TIMESTAMP,
  `delete_at` timestamp NOT NULL,
  `delete` int NOT NULL DEFAULT '0',
  PRIMARY KEY (`id_group`)
) ENGINE=InnoDB DEFAULT CHARSET=utf8mb4 COLLATE=utf8mb4_0900_ai_ci;

INSERT INTO `tbl_group_utama` (`id_group`, `group_name`, `created_at`, `update_at`, `delete_at`, `delete`) VALUES
(1,	'Peralatan Klinik',	'2022-07-25 04:50:12',	'2022-07-25 04:50:12',	'0000-00-00 00:00:00',	0),
(2,	'Bahan Habis Pakai',	'2022-07-25 04:50:12',	'2022-07-25 04:50:12',	'0000-00-00 00:00:00',	0),
(3,	'Meubelair',	'2022-07-25 04:50:12',	'2022-07-25 04:50:12',	'0000-00-00 00:00:00',	0),
(4,	'Pencatatan dan Pelaporan',	'2022-07-25 04:50:12',	'2022-07-25 04:50:12',	'0000-00-00 00:00:00',	0),
(5,	'Peralatan Klinik Yang Memiliki Ruang Asi',	'2022-07-25 04:50:12',	'2022-07-25 04:50:12',	'0000-00-00 00:00:00',	0);

DROP TABLE IF EXISTS `tbl_kecamatan`;
CREATE TABLE `tbl_kecamatan` (
  `id_kecamatan` int NOT NULL AUTO_INCREMENT,
  `nama_kecamatan` varchar(50) NOT NULL,
  `created_at` timestamp NOT NULL DEFAULT CURRENT_TIMESTAMP,
  `update_at` timestamp NOT NULL DEFAULT CURRENT_TIMESTAMP ON UPDATE CURRENT_TIMESTAMP,
  `delete_at` timestamp NOT NULL,
  `delete` int NOT NULL DEFAULT '0',
  PRIMARY KEY (`id_kecamatan`)
) ENGINE=InnoDB DEFAULT CHARSET=utf8mb4 COLLATE=utf8mb4_0900_ai_ci;

INSERT INTO `tbl_kecamatan` (`id_kecamatan`, `nama_kecamatan`, `created_at`, `update_at`, `delete_at`, `delete`) VALUES
(1,	'Banyumanik',	'2022-04-05 03:18:21',	'2022-04-05 03:18:21',	'0000-00-00 00:00:00',	0),
(2,	'Candisari',	'2022-04-05 03:18:21',	'2022-04-05 03:18:21',	'0000-00-00 00:00:00',	0),
(3,	'Gajah Mungkur',	'2022-04-05 03:18:21',	'2022-04-05 03:18:21',	'0000-00-00 00:00:00',	0),
(4,	'Gayamsari',	'2022-04-05 03:18:21',	'2022-04-05 03:18:21',	'0000-00-00 00:00:00',	0),
(5,	'Genuk',	'2022-04-05 03:18:21',	'2022-04-05 03:18:21',	'0000-00-00 00:00:00',	0),
(6,	'Gunungpati',	'2022-04-05 03:18:21',	'2022-04-05 03:18:21',	'0000-00-00 00:00:00',	0),
(7,	'Mijen',	'2022-04-05 03:18:21',	'2022-04-05 03:18:21',	'0000-00-00 00:00:00',	0),
(8,	'Ngaliyan',	'2022-04-05 03:18:21',	'2022-04-05 03:18:21',	'0000-00-00 00:00:00',	0),
(9,	'Pedurungan',	'2022-04-05 03:18:21',	'2022-04-05 03:18:21',	'0000-00-00 00:00:00',	0),
(10,	'Semarang Barat',	'2022-04-05 03:18:21',	'2022-04-05 03:18:21',	'0000-00-00 00:00:00',	0),
(11,	'Semarang Selatan',	'2022-04-05 03:18:21',	'2022-04-05 03:18:21',	'0000-00-00 00:00:00',	0),
(12,	'Semarang Tengah',	'2022-04-05 03:18:21',	'2022-04-05 03:18:21',	'0000-00-00 00:00:00',	0),
(13,	'Semarang Timur',	'2022-04-05 03:18:21',	'2022-04-05 03:18:21',	'0000-00-00 00:00:00',	0),
(14,	'Semarang Utara',	'2022-04-05 03:18:21',	'2022-04-05 03:18:21',	'0000-00-00 00:00:00',	0),
(15,	'Tembalang',	'2022-04-05 03:18:21',	'2022-04-05 03:18:21',	'0000-00-00 00:00:00',	0),
(16,	'Tugu',	'2022-04-05 03:18:21',	'2022-04-05 03:18:21',	'0000-00-00 00:00:00',	0);

DROP TABLE IF EXISTS `tbl_kelurahan`;
CREATE TABLE `tbl_kelurahan` (
  `id_kelurahan` int NOT NULL AUTO_INCREMENT,
  `id_kecamatan` int NOT NULL,
  `nama_kelurahan` varchar(100) NOT NULL,
  `kode_pos_kelurahan` int NOT NULL,
  `created_at` timestamp NOT NULL DEFAULT CURRENT_TIMESTAMP,
  `update_at` timestamp NOT NULL DEFAULT CURRENT_TIMESTAMP ON UPDATE CURRENT_TIMESTAMP,
  `delete_at` timestamp NOT NULL,
  `delete` int NOT NULL DEFAULT '0',
  PRIMARY KEY (`id_kelurahan`),
  KEY `id_kecamatan` (`id_kecamatan`),
  CONSTRAINT `tbl_kelurahan_ibfk_1` FOREIGN KEY (`id_kecamatan`) REFERENCES `tbl_kecamatan` (`id_kecamatan`) ON DELETE CASCADE ON UPDATE CASCADE
) ENGINE=InnoDB DEFAULT CHARSET=utf8mb4 COLLATE=utf8mb4_0900_ai_ci;

INSERT INTO `tbl_kelurahan` (`id_kelurahan`, `id_kecamatan`, `nama_kelurahan`, `kode_pos_kelurahan`, `created_at`, `update_at`, `delete_at`, `delete`) VALUES
(1,	1,	'Ngesrep',	50261,	'2022-04-05 03:17:27',	'2022-04-05 03:17:27',	'0000-00-00 00:00:00',	0),
(2,	1,	'Tinjomoyo',	50262,	'2022-04-05 03:17:27',	'2022-04-05 03:17:27',	'0000-00-00 00:00:00',	0),
(3,	1,	'Srondol Kulon',	50263,	'2022-04-05 03:17:27',	'2022-04-05 03:17:27',	'0000-00-00 00:00:00',	0),
(4,	1,	'Srondol Wetan',	50263,	'2022-04-05 03:17:27',	'2022-04-05 03:17:27',	'0000-00-00 00:00:00',	0),
(5,	1,	'Banyumanik',	50264,	'2022-04-05 03:17:27',	'2022-04-05 03:17:27',	'0000-00-00 00:00:00',	0),
(6,	1,	'Pudakpayung',	50265,	'2022-04-05 03:17:27',	'2022-04-05 03:17:27',	'0000-00-00 00:00:00',	0),
(7,	1,	'Gedawang',	50266,	'2022-04-05 03:17:27',	'2022-04-05 03:17:27',	'0000-00-00 00:00:00',	0),
(8,	1,	'Jabungan',	50266,	'2022-04-05 03:17:27',	'2022-04-05 03:17:27',	'0000-00-00 00:00:00',	0),
(9,	1,	'Padangsari',	50267,	'2022-04-05 03:17:27',	'2022-04-05 03:17:27',	'0000-00-00 00:00:00',	0),
(10,	1,	'Pedalangan',	50268,	'2022-04-05 03:17:27',	'2022-04-05 03:17:27',	'0000-00-00 00:00:00',	0),
(11,	1,	'Sumurboto',	50269,	'2022-04-05 03:17:27',	'2022-04-05 03:17:27',	'0000-00-00 00:00:00',	0),
(12,	2,	'Tegalsari',	50251,	'2022-04-05 03:17:27',	'2022-04-05 03:17:27',	'0000-00-00 00:00:00',	0),
(13,	2,	'Wonotingal',	50252,	'2022-04-05 03:17:27',	'2022-04-05 03:17:27',	'0000-00-00 00:00:00',	0),
(14,	2,	'Kaliwiru',	50253,	'2022-04-05 03:17:27',	'2022-04-05 03:17:27',	'0000-00-00 00:00:00',	0),
(15,	2,	'Jatingaleh',	50254,	'2022-04-05 03:17:27',	'2022-04-05 03:17:27',	'0000-00-00 00:00:00',	0),
(16,	2,	'Karanganyar Gunung',	50255,	'2022-04-05 03:17:27',	'2022-04-05 03:17:27',	'0000-00-00 00:00:00',	0),
(17,	2,	'Jomblang',	50256,	'2022-04-05 03:17:27',	'2022-04-05 03:17:27',	'0000-00-00 00:00:00',	0),
(18,	2,	'Candi',	50257,	'2022-04-05 03:17:27',	'2022-04-05 03:17:27',	'0000-00-00 00:00:00',	0),
(19,	3,	'Bendungan',	50231,	'2022-04-05 03:17:27',	'2022-04-05 03:17:27',	'0000-00-00 00:00:00',	0),
(20,	3,	'Lempongsari',	50231,	'2022-04-05 03:17:27',	'2022-04-05 03:17:27',	'0000-00-00 00:00:00',	0),
(21,	3,	'Gajah Mungkur',	50232,	'2022-04-05 03:17:27',	'2022-04-05 03:17:27',	'0000-00-00 00:00:00',	0),
(22,	3,	'Bendan Ngisor',	50233,	'2022-04-05 03:17:27',	'2022-04-05 03:17:27',	'0000-00-00 00:00:00',	0),
(23,	3,	'Karang Rejo',	50234,	'2022-04-05 03:17:27',	'2022-04-05 03:17:27',	'0000-00-00 00:00:00',	0),
(24,	3,	'Bendan Duwur',	50235,	'2022-04-05 03:17:27',	'2022-04-05 03:17:27',	'0000-00-00 00:00:00',	0),
(25,	3,	'Sampangan',	50236,	'2022-04-05 03:17:27',	'2022-04-05 03:17:27',	'0000-00-00 00:00:00',	0),
(26,	3,	'Petompon',	50237,	'2022-04-05 03:17:27',	'2022-04-05 03:17:27',	'0000-00-00 00:00:00',	0),
(27,	4,	'Gayamsari',	50161,	'2022-04-05 03:17:27',	'2022-04-05 03:17:27',	'0000-00-00 00:00:00',	0),
(28,	4,	'Siwalan',	50162,	'2022-04-05 03:17:27',	'2022-04-05 03:17:27',	'0000-00-00 00:00:00',	0),
(29,	4,	'Sawahbesar',	50163,	'2022-04-05 03:17:27',	'2022-04-05 03:17:27',	'0000-00-00 00:00:00',	0),
(30,	4,	'Kaligawe',	50164,	'2022-04-05 03:17:27',	'2022-04-05 03:17:27',	'0000-00-00 00:00:00',	0),
(31,	4,	'Tambakrejo',	50165,	'2022-04-05 03:17:27',	'2022-04-05 03:17:27',	'0000-00-00 00:00:00',	0),
(32,	4,	'Sambirejo',	50166,	'2022-04-05 03:17:27',	'2022-04-05 03:17:27',	'0000-00-00 00:00:00',	0),
(33,	4,	'Pandean Lamper',	50167,	'2022-04-05 03:17:27',	'2022-04-05 03:17:27',	'0000-00-00 00:00:00',	0),
(34,	5,	'Muktiharjo Lor',	50111,	'2022-04-05 03:17:27',	'2022-04-05 03:17:27',	'0000-00-00 00:00:00',	0),
(35,	5,	'Terboyo Kulon',	50112,	'2022-04-05 03:17:27',	'2022-04-05 03:17:27',	'0000-00-00 00:00:00',	0),
(36,	5,	'Terboyo Wetan',	50112,	'2022-04-05 03:17:27',	'2022-04-05 03:17:27',	'0000-00-00 00:00:00',	0),
(37,	5,	'Penggaron Lor',	50113,	'2022-04-05 03:17:27',	'2022-04-05 03:17:27',	'0000-00-00 00:00:00',	0),
(38,	5,	'Gebangsari',	50114,	'2022-04-05 03:17:27',	'2022-04-05 03:17:27',	'0000-00-00 00:00:00',	0),
(39,	5,	'Bangetayu Kulon',	50115,	'2022-04-05 03:17:27',	'2022-04-05 03:17:27',	'0000-00-00 00:00:00',	0),
(40,	5,	'Bangetayu Wetan',	50115,	'2022-04-05 03:17:27',	'2022-04-05 03:17:27',	'0000-00-00 00:00:00',	0),
(41,	5,	'Kudu',	50116,	'2022-04-05 03:17:27',	'2022-04-05 03:17:27',	'0000-00-00 00:00:00',	0),
(42,	5,	'Sembungharjo',	50116,	'2022-04-05 03:17:27',	'2022-04-05 03:17:27',	'0000-00-00 00:00:00',	0),
(43,	5,	'Banjardowo',	50117,	'2022-04-05 03:17:27',	'2022-04-05 03:17:27',	'0000-00-00 00:00:00',	0),
(44,	5,	'Karangroto',	50117,	'2022-04-05 03:17:27',	'2022-04-05 03:17:27',	'0000-00-00 00:00:00',	0),
(45,	5,	'Trimulyo',	50118,	'2022-04-05 03:17:27',	'2022-04-05 03:17:27',	'0000-00-00 00:00:00',	0),
(46,	6,	'Sukorejo',	50221,	'2022-04-05 03:17:27',	'2022-04-05 03:17:27',	'0000-00-00 00:00:00',	0),
(47,	6,	'Kandri',	50222,	'2022-04-05 03:17:27',	'2022-04-05 03:17:27',	'0000-00-00 00:00:00',	0),
(48,	6,	'Sadeng',	50222,	'2022-04-05 03:17:27',	'2022-04-05 03:17:27',	'0000-00-00 00:00:00',	0),
(49,	6,	'Cepoko',	50223,	'2022-04-05 03:17:27',	'2022-04-05 03:17:27',	'0000-00-00 00:00:00',	0),
(50,	6,	'Jatirejo',	50223,	'2022-04-05 03:17:27',	'2022-04-05 03:17:27',	'0000-00-00 00:00:00',	0),
(51,	6,	'Nongkosawit',	50224,	'2022-04-05 03:17:27',	'2022-04-05 03:17:27',	'0000-00-00 00:00:00',	0),
(52,	6,	'Plalangan',	50225,	'2022-04-05 03:17:27',	'2022-04-05 03:17:27',	'0000-00-00 00:00:00',	0),
(53,	6,	'Sumurejo',	50226,	'2022-04-05 03:17:27',	'2022-04-05 03:17:27',	'0000-00-00 00:00:00',	0),
(54,	6,	'Mangunsari',	50227,	'2022-04-05 03:17:27',	'2022-04-05 03:17:27',	'0000-00-00 00:00:00',	0),
(55,	6,	'Pakintelan',	50227,	'2022-04-05 03:17:27',	'2022-04-05 03:17:27',	'0000-00-00 00:00:00',	0),
(56,	6,	'Ngijo',	50228,	'2022-04-05 03:17:27',	'2022-04-05 03:17:27',	'0000-00-00 00:00:00',	0),
(57,	6,	'Patemon',	50228,	'2022-04-05 03:17:27',	'2022-04-05 03:17:27',	'0000-00-00 00:00:00',	0),
(58,	6,	'Gunung Pati',	50225,	'2022-04-05 03:17:27',	'2022-04-05 03:17:27',	'0000-00-00 00:00:00',	0),
(59,	6,	'Kalisegoro',	50229,	'2022-04-05 03:17:27',	'2022-04-05 03:17:27',	'0000-00-00 00:00:00',	0),
(60,	6,	'Pongangan',	50224,	'2022-04-05 03:17:27',	'2022-04-05 03:17:27',	'0000-00-00 00:00:00',	0),
(61,	6,	'Sekaran',	50229,	'2022-04-05 03:17:27',	'2022-04-05 03:17:27',	'0000-00-00 00:00:00',	0),
(62,	7,	'Kedungpane',	50211,	'2022-04-05 03:17:27',	'2022-04-05 03:17:27',	'0000-00-00 00:00:00',	0),
(63,	7,	'Pesantren',	50212,	'2022-04-05 03:17:27',	'2022-04-05 03:17:27',	'0000-00-00 00:00:00',	0),
(64,	7,	'Ngadirgo',	50213,	'2022-04-05 03:17:27',	'2022-04-05 03:17:27',	'0000-00-00 00:00:00',	0),
(65,	7,	'Wonoplumbon',	50214,	'2022-04-05 03:17:27',	'2022-04-05 03:17:27',	'0000-00-00 00:00:00',	0),
(66,	7,	'Tambangan',	50215,	'2022-04-05 03:17:27',	'2022-04-05 03:17:27',	'0000-00-00 00:00:00',	0),
(67,	7,	'Wonolopo',	50215,	'2022-04-05 03:17:27',	'2022-04-05 03:17:27',	'0000-00-00 00:00:00',	0),
(68,	7,	'Bubakan',	50216,	'2022-04-05 03:17:27',	'2022-04-05 03:17:27',	'0000-00-00 00:00:00',	0),
(69,	7,	'Cangkiran',	50216,	'2022-04-05 03:17:27',	'2022-04-05 03:17:27',	'0000-00-00 00:00:00',	0),
(70,	7,	'Karangmalang',	50216,	'2022-04-05 03:17:27',	'2022-04-05 03:17:27',	'0000-00-00 00:00:00',	0),
(71,	7,	'Polaman',	50217,	'2022-04-05 03:17:27',	'2022-04-05 03:17:27',	'0000-00-00 00:00:00',	0),
(72,	7,	'Purwosari',	50217,	'2022-04-05 03:17:27',	'2022-04-05 03:17:27',	'0000-00-00 00:00:00',	0),
(73,	7,	'Jatibarang',	50219,	'2022-04-05 03:17:27',	'2022-04-05 03:17:27',	'0000-00-00 00:00:00',	0),
(74,	7,	'Jatisari',	50218,	'2022-04-05 03:17:27',	'2022-04-05 03:17:27',	'0000-00-00 00:00:00',	0),
(75,	7,	'Mijen',	50218,	'2022-04-05 03:17:27',	'2022-04-05 03:17:27',	'0000-00-00 00:00:00',	0),
(76,	8,	'Ngaliyan',	50181,	'2022-04-05 03:17:27',	'2022-04-05 03:17:27',	'0000-00-00 00:00:00',	0),
(77,	8,	'Kalipancur',	50183,	'2022-04-05 03:17:27',	'2022-04-05 03:17:27',	'0000-00-00 00:00:00',	0),
(78,	8,	'Purwoyoso',	50184,	'2022-04-05 03:17:27',	'2022-04-05 03:17:27',	'0000-00-00 00:00:00',	0),
(79,	8,	'Tambakaji',	50185,	'2022-04-05 03:17:27',	'2022-04-05 03:17:27',	'0000-00-00 00:00:00',	0),
(80,	8,	'Gondoriyo',	50187,	'2022-04-05 03:17:27',	'2022-04-05 03:17:27',	'0000-00-00 00:00:00',	0),
(81,	8,	'Podorejo',	50187,	'2022-04-05 03:17:27',	'2022-04-05 03:17:27',	'0000-00-00 00:00:00',	0),
(82,	8,	'Wates',	50188,	'2022-04-05 03:17:27',	'2022-04-05 03:17:27',	'0000-00-00 00:00:00',	0),
(83,	8,	'Bringin',	50189,	'2022-04-05 03:17:27',	'2022-04-05 03:17:27',	'0000-00-00 00:00:00',	0),
(84,	8,	'Bambankerep',	50182,	'2022-04-05 03:17:27',	'2022-04-05 03:17:27',	'0000-00-00 00:00:00',	0),
(85,	8,	'Wonosari',	50186,	'2022-04-05 03:17:27',	'2022-04-05 03:17:27',	'0000-00-00 00:00:00',	0),
(86,	9,	'Gemah',	50191,	'2022-04-05 03:17:27',	'2022-04-05 03:17:27',	'0000-00-00 00:00:00',	0),
(87,	9,	'Pedurungan Kidul',	50192,	'2022-04-05 03:17:27',	'2022-04-05 03:17:27',	'0000-00-00 00:00:00',	0),
(88,	9,	'Pedurungan Lor',	50192,	'2022-04-05 03:17:27',	'2022-04-05 03:17:27',	'0000-00-00 00:00:00',	0),
(89,	9,	'Pedurungan Tengah',	50192,	'2022-04-05 03:17:27',	'2022-04-05 03:17:27',	'0000-00-00 00:00:00',	0),
(90,	9,	'Penggaron Kidul',	50194,	'2022-04-05 03:17:27',	'2022-04-05 03:17:27',	'0000-00-00 00:00:00',	0),
(91,	9,	'Tlogosari Kulon',	50196,	'2022-04-05 03:17:27',	'2022-04-05 03:17:27',	'0000-00-00 00:00:00',	0),
(92,	9,	'Tlogosari Wetan',	50196,	'2022-04-05 03:17:27',	'2022-04-05 03:17:27',	'0000-00-00 00:00:00',	0),
(93,	9,	'Muktiharjo Kidul',	50197,	'2022-04-05 03:17:27',	'2022-04-05 03:17:27',	'0000-00-00 00:00:00',	0),
(94,	9,	'Kalicari',	50198,	'2022-04-05 03:17:27',	'2022-04-05 03:17:27',	'0000-00-00 00:00:00',	0),
(95,	9,	'Plamongan Sari',	50193,	'2022-04-05 03:17:27',	'2022-04-05 03:17:27',	'0000-00-00 00:00:00',	0),
(96,	9,	'Palebon',	50199,	'2022-04-05 03:17:27',	'2022-04-05 03:17:27',	'0000-00-00 00:00:00',	0),
(97,	10,	'Bojongsalaman',	50141,	'2022-04-05 03:17:27',	'2022-04-05 03:17:27',	'0000-00-00 00:00:00',	0),
(98,	10,	'Cabean',	50141,	'2022-04-05 03:17:27',	'2022-04-05 03:17:27',	'0000-00-00 00:00:00',	0),
(99,	10,	'Krobokan',	50141,	'2022-04-05 03:17:27',	'2022-04-05 03:17:27',	'0000-00-00 00:00:00',	0),
(100,	10,	'Tawangmas',	50144,	'2022-04-05 03:17:27',	'2022-04-05 03:17:27',	'0000-00-00 00:00:00',	0),
(101,	10,	'Tawangsari',	50144,	'2022-04-05 03:17:27',	'2022-04-05 03:17:27',	'0000-00-00 00:00:00',	0),
(102,	10,	'Kalibanteng Kulon',	50145,	'2022-04-05 03:17:27',	'2022-04-05 03:17:27',	'0000-00-00 00:00:00',	0),
(103,	10,	'Krapyak',	50146,	'2022-04-05 03:17:27',	'2022-04-05 03:17:27',	'0000-00-00 00:00:00',	0),
(104,	10,	'Manyaran',	50147,	'2022-04-05 03:17:27',	'2022-04-05 03:17:27',	'0000-00-00 00:00:00',	0),
(105,	10,	'Bongsari',	50148,	'2022-04-05 03:17:27',	'2022-04-05 03:17:27',	'0000-00-00 00:00:00',	0),
(106,	10,	'Ngemplak Simongan',	50148,	'2022-04-05 03:17:27',	'2022-04-05 03:17:27',	'0000-00-00 00:00:00',	0),
(107,	10,	'Gisikdrono',	50149,	'2022-04-05 03:17:27',	'2022-04-05 03:17:27',	'0000-00-00 00:00:00',	0),
(108,	10,	'Kalibanteng Kidul',	50149,	'2022-04-05 03:17:27',	'2022-04-05 03:17:27',	'0000-00-00 00:00:00',	0),
(109,	10,	'Karang Ayu',	50142,	'2022-04-05 03:17:27',	'2022-04-05 03:17:27',	'0000-00-00 00:00:00',	0),
(110,	10,	'Tambakharjo',	50145,	'2022-04-05 03:17:27',	'2022-04-05 03:17:27',	'0000-00-00 00:00:00',	0),
(111,	10,	'Kembangarum',	50148,	'2022-04-05 03:17:27',	'2022-04-05 03:17:27',	'0000-00-00 00:00:00',	0),
(112,	11,	'Pleburan',	50241,	'2022-04-05 03:17:27',	'2022-04-05 03:17:27',	'0000-00-00 00:00:00',	0),
(113,	11,	'Peterongan',	50242,	'2022-04-05 03:17:27',	'2022-04-05 03:17:27',	'0000-00-00 00:00:00',	0),
(114,	11,	'Wonodri',	50242,	'2022-04-05 03:17:27',	'2022-04-05 03:17:27',	'0000-00-00 00:00:00',	0),
(115,	11,	'Randusari',	50244,	'2022-04-05 03:17:27',	'2022-04-05 03:17:27',	'0000-00-00 00:00:00',	0),
(116,	11,	'Barusari',	50245,	'2022-04-05 03:17:27',	'2022-04-05 03:17:27',	'0000-00-00 00:00:00',	0),
(117,	11,	'Bulustalan',	50246,	'2022-04-05 03:17:27',	'2022-04-05 03:17:27',	'0000-00-00 00:00:00',	0),
(118,	11,	'Lamper Tengah',	50248,	'2022-04-05 03:17:27',	'2022-04-05 03:17:27',	'0000-00-00 00:00:00',	0),
(119,	11,	'Lamper Kidul',	50249,	'2022-04-05 03:17:27',	'2022-04-05 03:17:27',	'0000-00-00 00:00:00',	0),
(120,	11,	'Lamper Lor',	50249,	'2022-04-05 03:17:27',	'2022-04-05 03:17:27',	'0000-00-00 00:00:00',	0),
(121,	11,	'Mugassari',	50244,	'2022-04-05 03:17:27',	'2022-04-05 03:17:27',	'0000-00-00 00:00:00',	0),
(122,	12,	'Pendrikan Kidul',	50131,	'2022-04-05 03:17:27',	'2022-04-05 03:17:27',	'0000-00-00 00:00:00',	0),
(123,	12,	'Pendrikan Lor',	50131,	'2022-04-05 03:17:27',	'2022-04-05 03:17:27',	'0000-00-00 00:00:00',	0),
(124,	12,	'Sekayu',	50132,	'2022-04-05 03:17:27',	'2022-04-05 03:17:27',	'0000-00-00 00:00:00',	0),
(125,	12,	'Kembangsari',	50133,	'2022-04-05 03:17:27',	'2022-04-05 03:17:27',	'0000-00-00 00:00:00',	0),
(126,	12,	'Miroto',	50134,	'2022-04-05 03:17:27',	'2022-04-05 03:17:27',	'0000-00-00 00:00:00',	0),
(127,	12,	'Brumbungan',	50135,	'2022-04-05 03:17:27',	'2022-04-05 03:17:27',	'0000-00-00 00:00:00',	0),
(128,	12,	'Gabahan',	50135,	'2022-04-05 03:17:27',	'2022-04-05 03:17:27',	'0000-00-00 00:00:00',	0),
(129,	12,	'Purwodinatan',	50137,	'2022-04-05 03:17:27',	'2022-04-05 03:17:27',	'0000-00-00 00:00:00',	0),
(130,	12,	'Bangunharjo',	50138,	'2022-04-05 03:17:27',	'2022-04-05 03:17:27',	'0000-00-00 00:00:00',	0),
(131,	12,	'Kranggan',	50137,	'2022-04-05 03:17:27',	'2022-04-05 03:17:27',	'0000-00-00 00:00:00',	0),
(132,	12,	'Pandansari',	50139,	'2022-04-05 03:17:27',	'2022-04-05 03:17:27',	'0000-00-00 00:00:00',	0),
(133,	12,	'Kauman',	50139,	'2022-04-05 03:17:27',	'2022-04-05 03:17:27',	'0000-00-00 00:00:00',	0),
(134,	12,	'Karangkidul',	50136,	'2022-04-05 03:17:27',	'2022-04-05 03:17:27',	'0000-00-00 00:00:00',	0),
(135,	12,	'Pekunden',	50134,	'2022-04-05 03:17:27',	'2022-04-05 03:17:27',	'0000-00-00 00:00:00',	0),
(136,	12,	'Jagalan',	50613,	'2022-04-05 03:17:27',	'2022-04-05 03:17:27',	'0000-00-00 00:00:00',	0),
(137,	13,	'Mlatibaru',	50122,	'2022-04-05 03:17:27',	'2022-04-05 03:17:27',	'0000-00-00 00:00:00',	0),
(138,	13,	'Kebonagung',	50123,	'2022-04-05 03:17:27',	'2022-04-05 03:17:27',	'0000-00-00 00:00:00',	0),
(139,	13,	'Karangturi',	50124,	'2022-04-05 03:17:27',	'2022-04-05 03:17:27',	'0000-00-00 00:00:00',	0),
(140,	13,	'Sarirejo',	50124,	'2022-04-05 03:17:27',	'2022-04-05 03:17:27',	'0000-00-00 00:00:00',	0),
(141,	13,	'Rejosari',	50125,	'2022-04-05 03:17:27',	'2022-04-05 03:17:27',	'0000-00-00 00:00:00',	0),
(142,	13,	'Bugangan',	50126,	'2022-04-05 03:17:27',	'2022-04-05 03:17:27',	'0000-00-00 00:00:00',	0),
(143,	13,	'Mlatiharjo',	50126,	'2022-04-05 03:17:27',	'2022-04-05 03:17:27',	'0000-00-00 00:00:00',	0),
(144,	13,	'Rejomulyo',	50127,	'2022-04-05 03:17:27',	'2022-04-05 03:17:27',	'0000-00-00 00:00:00',	0),
(145,	13,	'Kemijen',	50128,	'2022-04-05 03:17:27',	'2022-04-05 03:17:27',	'0000-00-00 00:00:00',	0),
(146,	13,	'Karangtempel',	50125,	'2022-04-05 03:17:27',	'2022-04-05 03:17:27',	'0000-00-00 00:00:00',	0),
(147,	14,	'Plombokan',	50171,	'2022-04-05 03:17:27',	'2022-04-05 03:17:27',	'0000-00-00 00:00:00',	0),
(148,	14,	'Purwosari',	50172,	'2022-04-05 03:17:27',	'2022-04-05 03:17:27',	'0000-00-00 00:00:00',	0),
(149,	14,	'Dadapsari',	50173,	'2022-04-05 03:17:27',	'2022-04-05 03:17:27',	'0000-00-00 00:00:00',	0),
(150,	14,	'Tanjungmas',	50174,	'2022-04-05 03:17:27',	'2022-04-05 03:17:27',	'0000-00-00 00:00:00',	0),
(151,	14,	'Bandarharjo',	50175,	'2022-04-05 03:17:27',	'2022-04-05 03:17:27',	'0000-00-00 00:00:00',	0),
(152,	14,	'Kuningan',	50176,	'2022-04-05 03:17:27',	'2022-04-05 03:17:27',	'0000-00-00 00:00:00',	0),
(153,	14,	'Panggung Lor',	50177,	'2022-04-05 03:17:27',	'2022-04-05 03:17:27',	'0000-00-00 00:00:00',	0),
(154,	14,	'Panggung Kidul',	50178,	'2022-04-05 03:17:27',	'2022-04-05 03:17:27',	'0000-00-00 00:00:00',	0),
(155,	14,	'Bulu Lor',	50179,	'2022-04-05 03:17:27',	'2022-04-05 03:17:27',	'0000-00-00 00:00:00',	0),
(156,	15,	'Meteseh',	50271,	'2022-04-05 03:17:27',	'2022-04-05 03:17:27',	'0000-00-00 00:00:00',	0),
(157,	15,	'Mangunharjo',	50272,	'2022-04-05 03:17:27',	'2022-04-05 03:17:27',	'0000-00-00 00:00:00',	0),
(158,	15,	'Sendangmulyo',	50272,	'2022-04-05 03:17:27',	'2022-04-05 03:17:27',	'0000-00-00 00:00:00',	0),
(159,	15,	'Kedungmundu',	50273,	'2022-04-05 03:17:27',	'2022-04-05 03:17:27',	'0000-00-00 00:00:00',	0),
(160,	15,	'Sendangguwo',	50273,	'2022-04-05 03:17:27',	'2022-04-05 03:17:27',	'0000-00-00 00:00:00',	0),
(161,	15,	'Jangli',	50274,	'2022-04-05 03:17:27',	'2022-04-05 03:17:27',	'0000-00-00 00:00:00',	0),
(162,	15,	'Tandang',	50274,	'2022-04-05 03:17:27',	'2022-04-05 03:17:27',	'0000-00-00 00:00:00',	0),
(163,	15,	'Tembalang',	50275,	'2022-04-05 03:17:27',	'2022-04-05 03:17:27',	'0000-00-00 00:00:00',	0),
(164,	15,	'Sambiroto',	50276,	'2022-04-05 03:17:27',	'2022-04-05 03:17:27',	'0000-00-00 00:00:00',	0),
(165,	15,	'Bulusan',	50277,	'2022-04-05 03:17:27',	'2022-04-05 03:17:27',	'0000-00-00 00:00:00',	0),
(166,	15,	'Kramas',	50278,	'2022-04-05 03:17:27',	'2022-04-05 03:17:27',	'0000-00-00 00:00:00',	0),
(167,	15,	'Rowosari',	50279,	'2022-04-05 03:17:27',	'2022-04-05 03:17:27',	'0000-00-00 00:00:00',	0),
(168,	16,	'Jerakah',	50151,	'2022-04-05 03:17:27',	'2022-04-05 03:17:27',	'0000-00-00 00:00:00',	0),
(169,	16,	'Karanganyar',	50152,	'2022-04-05 03:17:27',	'2022-04-05 03:17:27',	'0000-00-00 00:00:00',	0),
(170,	16,	'Mangunharjo',	50154,	'2022-04-05 03:17:27',	'2022-04-05 03:17:27',	'0000-00-00 00:00:00',	0),
(171,	16,	'Mangkang Kulon',	50155,	'2022-04-05 03:17:27',	'2022-04-05 03:17:27',	'0000-00-00 00:00:00',	0),
(172,	16,	'Mangkang Wetan',	50156,	'2022-04-05 03:17:27',	'2022-04-05 03:17:27',	'0000-00-00 00:00:00',	0),
(173,	16,	'Randu Garut',	50153,	'2022-04-05 03:17:27',	'2022-04-05 03:17:27',	'0000-00-00 00:00:00',	0),
(174,	16,	'Tugurejo',	50151,	'2022-04-05 03:17:27',	'2022-04-05 03:17:27',	'0000-00-00 00:00:00',	0),
(175,	5,	'Genuksari',	50117,	'2022-04-05 03:17:27',	'2022-04-05 03:17:27',	'0000-00-00 00:00:00',	0),
(176,	9,	'Tlogomulyo',	50195,	'2022-04-05 03:17:27',	'2022-04-05 03:17:27',	'0000-00-00 00:00:00',	0),
(177,	10,	'Salaman Mloyo',	50143,	'2022-04-05 03:17:27',	'2022-04-05 03:17:27',	'0000-00-00 00:00:00',	0);

DROP TABLE IF EXISTS `tbl_klinik`;
CREATE TABLE `tbl_klinik` (
  `id_klinik` varchar(20) NOT NULL,
  `nama_user` varchar(100) NOT NULL,
  `nama_anggota1` varchar(100) NOT NULL,
  `nama_anggota2` varchar(100) NOT NULL,
  `nama_anggota3` varchar(100) NOT NULL,
  `nama_anggota4` varchar(100) NOT NULL,
  `nama_anggota5` varchar(100) NOT NULL,
  `nama_anggota6` varchar(100) NOT NULL,
  `nama_anggota7` varchar(100) NOT NULL,
  `nama_anggota8` varchar(100) NOT NULL,
  `nama_anggota9` varchar(100) NOT NULL,
  `nama_anggota10` varchar(100) NOT NULL,
  `nama_klinik` varchar(200) NOT NULL,
  `kemampuan_pelayanan` enum('Pratama Umum','Utama Umum','Pratama Gigi','Utama Gigi','Pratama Kecantikan','Utama Kecantikan') NOT NULL,
  `jenis_pelayanan_klinik` enum('Rawat Jalan','Rawat Inap') NOT NULL,
  `alamat_klinik` varchar(200) NOT NULL,
  `id_kecamatan_klinik` int NOT NULL,
  `id_kelurahan_klinik` int NOT NULL,
  `tgl_visitasi` date NOT NULL,
  `masa_berlaku_ijin` date DEFAULT NULL,
  `nomor_siop` varchar(100) NOT NULL,
  `no_surat` varchar(200) NOT NULL,
  `no_bap` varchar(200) NOT NULL,
  `nama_perwakilan` varchar(200) NOT NULL,
  `jabatan_perwakilan` varchar(200) NOT NULL,
  `status_penilaian` enum('Sudah','Belum','Sedang') NOT NULL,
  `created_at` timestamp NOT NULL DEFAULT CURRENT_TIMESTAMP,
  `update_at` timestamp NOT NULL DEFAULT CURRENT_TIMESTAMP ON UPDATE CURRENT_TIMESTAMP,
  `delete_at` timestamp NOT NULL DEFAULT CURRENT_TIMESTAMP ON UPDATE CURRENT_TIMESTAMP,
  `delete` int NOT NULL DEFAULT '0',
  PRIMARY KEY (`id_klinik`),
  KEY `id_kecamatan_klinik` (`id_kecamatan_klinik`,`id_kelurahan_klinik`),
  KEY `id_kelurahan_klinik` (`id_kelurahan_klinik`),
  KEY `id_anggota1` (`nama_anggota1`,`nama_anggota2`,`nama_anggota3`,`nama_anggota4`),
  KEY `id_anggota1_2` (`nama_anggota1`),
  KEY `tbl_klinik_ibfk_4` (`nama_anggota2`),
  KEY `tbl_klinik_ibfk_5` (`nama_anggota3`),
  KEY `tbl_klinik_ibfk_6` (`nama_anggota4`),
  KEY `id_anggota1_3` (`nama_anggota1`,`nama_anggota2`,`nama_anggota3`),
  CONSTRAINT `tbl_klinik_ibfk_1` FOREIGN KEY (`id_kelurahan_klinik`) REFERENCES `tbl_kelurahan` (`id_kelurahan`),
  CONSTRAINT `tbl_klinik_ibfk_2` FOREIGN KEY (`id_kecamatan_klinik`) REFERENCES `tbl_kecamatan` (`id_kecamatan`)
) ENGINE=InnoDB DEFAULT CHARSET=utf8mb4 COLLATE=utf8mb4_0900_ai_ci;

INSERT INTO `tbl_klinik` (`id_klinik`, `nama_user`, `nama_anggota1`, `nama_anggota2`, `nama_anggota3`, `nama_anggota4`, `nama_anggota5`, `nama_anggota6`, `nama_anggota7`, `nama_anggota8`, `nama_anggota9`, `nama_anggota10`, `nama_klinik`, `kemampuan_pelayanan`, `jenis_pelayanan_klinik`, `alamat_klinik`, `id_kecamatan_klinik`, `id_kelurahan_klinik`, `tgl_visitasi`, `masa_berlaku_ijin`, `nomor_siop`, `no_surat`, `no_bap`, `nama_perwakilan`, `jabatan_perwakilan`, `status_penilaian`, `created_at`, `update_at`, `delete_at`, `delete`) VALUES
('PR000010',	'Ardian',	'dr. Noegroho Edy Rijanto, M.Kes',	'Hanif Pandu Suhito, S.KM,. M. Kom., M.Si',	'Suryati, S.KM',	'Lies Sunarliawati, S. Farm, Apt',	'',	'',	'',	'',	'',	'',	'Klinik Pratama Esti Husada',	'Pratama Umum',	'Rawat Jalan',	'Jl. KH Zaenuddin Raya No. 25 Semarang',	5,	44,	'2022-07-26',	NULL,	'',	'',	'',	'Klinik Esti Husada',	'-',	'Sudah',	'2022-08-09 03:56:03',	'2022-08-09 04:28:56',	'2022-08-09 04:28:56',	0),
('PR000011',	'Ardian',	'Hanif Pandu Suhito, S.KM,. M. Kom., M.Si',	'Suryati, S.KM',	'Putri Cahyaningrum, S. Farm. Apt',	'',	'',	'',	'',	'',	'',	'',	'Klinik Pratama Miracle Aesthetic Clinic',	'Pratama Umum',	'Rawat Jalan',	'Jl. Setiabudi No. 109 Semarang',	1,	3,	'2022-07-11',	NULL,	'',	'',	'',	'Klinik Mitavle Esthetic',	'-',	'Sudah',	'2022-08-09 03:58:37',	'2022-08-09 08:48:16',	'2022-08-09 08:48:16',	0),
('PR000012',	'Ardian',	'dr. Noegroho Edy Rijanto, M.Kes',	'Hanif Pandu Suhito, S.KM,. M. Kom., M.Si',	'Suryati, S.KM',	'Lies Sunarliawati, S. Farm, Apt',	'',	'',	'',	'',	'',	'',	'Klinik Pratama Polrestabes',	'Pratama Umum',	'Rawat Jalan',	'Jl. Kaligarang No. 1 Semarang',	11,	116,	'2022-07-20',	NULL,	'',	'',	'',	'Cahyono',	'Ka Klinik',	'Sudah',	'2022-08-09 04:02:04',	'2022-08-09 09:00:03',	'2022-08-09 09:00:03',	0),
('PR000013',	'Ardian',	'dr. Noegroho Edy Rijanto, M.Kes',	'Hanif Pandu Suhito, S.KM,. M. Kom., M.Si',	'Suryati, S.KM',	'Eni Setiawati, S. Farm, Apt, M.Si',	'',	'',	'',	'',	'',	'',	'Klinik Pratama Karunia',	'Pratama Umum',	'Rawat Jalan',	'Jl. Perintis Kemerdekaan No. 20 Semarang',	1,	6,	'2022-08-02',	NULL,	'',	'',	'',	'',	'',	'Belum',	'2022-08-09 09:03:53',	'2022-08-09 09:03:53',	'2022-08-09 09:03:53',	0),
('PR000014',	'Ardian',	'dr. Noegroho Edy Rijanto, M.Kes',	'Hanif Pandu Suhito, S.KM,. M. Kom., M.Si',	'Suryati, S.KM',	'Eni Setiawati, S. Farm, Apt, M.Si',	'',	'',	'',	'',	'',	'',	'Klinik Utama White and Young Dermatology Clinic',	'Utama Umum',	'Rawat Jalan',	'jl. Tumpang Raya No. 120 Semarang',	3,	24,	'2022-08-01',	NULL,	'',	'',	'',	'Ester D',	'SPV',	'Sudah',	'2022-08-09 09:06:19',	'2022-08-10 03:23:52',	'2022-08-10 03:23:52',	0),
('PR000015',	'Ardian',	'Hanif Pandu Suhito, S.KM,. M. Kom., M.Si',	'Suryati, S.KM',	'Lies Sunarliawati, S. Farm, Apt',	'',	'',	'',	'',	'',	'',	'',	'Klinik Pratama Wijaya Kusuma',	'Pratama Umum',	'Rawat Jalan',	'jl. Sendangguwo RT. 5/10 Semarang',	15,	160,	'2022-08-04',	NULL,	'',	'',	'',	'Yuninda Asih Wilangsari',	'Pemilik',	'Sudah',	'2022-08-09 09:07:42',	'2022-10-04 01:51:04',	'2022-10-04 01:51:04',	0),
('PR001',	'Admin',	'dr. Noegroho Edy Rijanto, M.Kes',	'Hanif Pandu Suhito, S.KM,. M. Kom., M.Si',	'Suryati, S.KM',	'',	'',	'',	'',	'',	'',	'',	'Klinik Pratama Rawat Jalan PT Phapros Tbk',	'Pratama Umum',	'Rawat Jalan',	'Jl. Simongan No. 131 Semarang',	1,	7,	'2022-04-26',	'0000-00-00',	'',	'',	'050/7739',	'PT. Phapros Tbk.',	'Manager EHS',	'Sudah',	'2022-06-07 04:22:54',	'2022-06-10 03:50:26',	'2022-07-25 04:50:12',	0),
('PR002',	'Admin',	'dr. Noegroho Edy Rijanto, M.Kes',	'Hanif Pandu Suhito, S.KM,. M. Kom., M.Si',	'Suryati, S.KM',	'Putri Cahyaningrum, S. Farm. Apt',	'',	'',	'',	'',	'',	'',	'Klinik Pratama Rawat Jalan Surya Medika',	'Pratama Umum',	'Rawat Jalan',	'Jl. Prof Dr. Hamka No 11 B Semarang',	8,	76,	'2022-04-21',	'0000-00-00',	'',	'800/7475/2022',	'050/7476',	'Klinik Pratama Surya Medika',	'-',	'Sudah',	'2022-06-08 02:32:23',	'2022-06-09 02:56:14',	'2022-07-25 04:50:12',	0),
('PR003',	'Dinkes',	'Hanif Pandu Suhito, S.KM,. M. Kom., M.Si',	'Suryati, S.KM',	'Putri Cahyaningrum, S. Farm. Apt',	'',	'',	'',	'',	'',	'',	'',	'Klinik Pratama Rawat Jalan Bina Medika',	'Pratama Umum',	'Rawat Jalan',	'Jl. Gaharu Raya No. 19 Semarang',	1,	5,	'2022-06-02',	'0000-00-00',	'',	'000',	'000',	'dr. F . Enggar Sri Legani',	'dr. penanggung jawab',	'Sudah',	'2022-06-08 04:57:02',	'2022-06-08 06:03:00',	'2022-07-25 04:50:12',	0),
('PR004',	'Admin',	'dr. Noegroho Edy Rijanto, M.Kes',	'Hanif Pandu Suhito, S.KM,. M. Kom., M.Si',	'Suryati, S.KM',	'Eni Setiawati, S. Farm, Apt, M.Si',	'Putri Cahyaningrum, S. Farm. Apt',	'',	'',	'',	'',	'',	'Klinik Pratama Rawat Jalan Dian Nuswantoro',	'Pratama Umum',	'Rawat Jalan',	'JL. Nakula I No. 12 Semarang',	12,	122,	'2022-04-26',	'0000-00-00',	'',	'',	'',	'dr. Anggoro Dhana',	'Kepala Upt Poliklinik Udinus',	'Sudah',	'2022-06-08 06:06:22',	'2022-06-09 08:20:15',	'2022-07-25 04:50:12',	0),
('PR005',	'Admin',	'Hanif Pandu Suhito, S.KM,. M. Kom., M.Si',	'Suryati, S.KM',	'Didik Santoso, S. Farm, Apt',	'',	'',	'',	'',	'',	'',	'',	'Klinik Pratama Rawat Jalan Dwi Puspita Pedurungan',	'Pratama Umum',	'Rawat Jalan',	'Jl. Zebra Tengah Rt 6 Rw 5 Semarang',	9,	87,	'2022-05-25',	'0000-00-00',	'',	'',	'',	'Umrizal',	'-',	'Sudah',	'2022-06-08 07:37:15',	'2022-06-09 02:18:47',	'2022-07-25 04:50:12',	0),
('PR006',	'Admin',	'dr. Noegroho Edy Rijanto, M.Kes',	'Hanif Pandu Suhito, S.KM,. M. Kom., M.Si',	'Suryati, S.KM',	'Didik Santoso, S. Farm, Apt',	'',	'',	'',	'',	'',	'',	'Klinik Utama Rawat Jalan Lexa',	'Pratama Umum',	'Rawat Jalan',	'Ruko Citra Grand Blok E5 - E6 Semarang',	15,	157,	'2022-06-03',	'0000-00-00',	'',	'',	'',	'Lexa Skin Clinic',	'-',	'Sudah',	'2022-06-08 07:38:59',	'2022-06-09 02:41:07',	'2022-07-25 04:50:12',	0),
('PR007',	'Admin',	'Hanif Pandu Suhito, S.KM,. M. Kom., M.Si',	'Suryati, S.KM',	'Putri Cahyaningrum, S. Farm. Apt',	'',	'',	'',	'',	'',	'',	'',	'Klinik Pratama Rawat Jalan Helix',	'Pratama Umum',	'Rawat Jalan',	'Jl. Jati Raya D24 Semarang',	1,	4,	'2022-06-02',	'0000-00-00',	'',	'',	'',	'Klinik Pratama Helix',	'-',	'Sudah',	'2022-06-08 07:41:36',	'2022-06-09 00:50:14',	'2022-07-25 04:50:12',	0),
('PR008',	'Admin',	'Hanif Pandu Suhito, S.KM,. M. Kom., M.Si',	'Suryati, S.KM',	'Putri Cahyaningrum, S. Farm. Apt',	'',	'',	'',	'',	'',	'',	'',	'Klinik Pratama PKU Muhammadiyah',	'Pratama Umum',	'Rawat Jalan',	'Jl.Raya Lemah Mendak Rt 1 Rw 6 Semarang',	7,	75,	'2022-06-09',	'0000-00-00',	'',	'',	'',	'dr. Dina',	'Dokter penanggungjawab klinik',	'Sudah',	'2022-06-21 07:47:27',	'2022-06-21 08:07:54',	'2022-07-25 04:50:12',	0),
('PR009',	'Suryati, S.KM',	'Hanif Pandu Suhito, S.KM,. M. Kom., M.Si',	'Suryati, S.KM',	'',	'',	'',	'',	'',	'',	'',	'',	'Klinik pratama USM Jaya',	'Pratama Umum',	'Rawat Jalan',	'Jl.Soekarno Hatta rt 7 rw 7',	9,	91,	'2022-06-29',	'0000-00-00',	'',	'',	'',	'',	'',	'Belum',	'2022-07-18 09:00:54',	'2022-07-18 09:00:54',	'2022-07-25 04:50:12',	0),
('UT000016',	'Ardian',	'Hanif Pandu Suhito, S.KM,. M. Kom., M.Si',	'Suryati, S.KM',	'',	'',	'',	'',	'',	'',	'',	'',	'Klinik Pratama My Dentist',	'Pratama Gigi',	'Rawat Jalan',	'Jl. Brigjend Sudiarto No. 228 BC Semarang',	9,	94,	'2022-03-24',	NULL,	'',	'',	'',	'My Dentist',	'-',	'Sudah',	'2022-08-09 12:41:40',	'2022-08-10 04:57:24',	'2022-08-10 04:57:24',	0);

DROP TABLE IF EXISTS `tbl_penilaian`;
CREATE TABLE `tbl_penilaian` (
  `id_penilaian` int NOT NULL AUTO_INCREMENT,
  `no_penilaian` varchar(50) NOT NULL,
  `id_klinik` varchar(20) NOT NULL,
  `status_penilaian` enum('Sudah','Belum') NOT NULL,
  `created_at` timestamp NOT NULL DEFAULT CURRENT_TIMESTAMP,
  `update_at` timestamp NOT NULL DEFAULT CURRENT_TIMESTAMP ON UPDATE CURRENT_TIMESTAMP,
  `delete_at` timestamp NOT NULL,
  `delete` int NOT NULL DEFAULT '0',
  PRIMARY KEY (`id_penilaian`),
  KEY `id_klinik` (`id_klinik`),
  KEY `no_penilaian` (`no_penilaian`),
  CONSTRAINT `tbl_penilaian_ibfk_1` FOREIGN KEY (`id_klinik`) REFERENCES `tbl_klinik` (`id_klinik`) ON DELETE CASCADE ON UPDATE CASCADE
) ENGINE=InnoDB DEFAULT CHARSET=utf8mb4 COLLATE=utf8mb4_0900_ai_ci;

INSERT INTO `tbl_penilaian` (`id_penilaian`, `no_penilaian`, `id_klinik`, `status_penilaian`, `created_at`, `update_at`, `delete_at`, `delete`) VALUES
(73,	'TASK-PRTM07062022',	'PR001',	'Sudah',	'2022-06-07 04:23:03',	'2022-06-07 04:23:03',	'0000-00-00 00:00:00',	0),
(74,	'TASK-PRTM08062022',	'PR002',	'Sudah',	'2022-06-08 04:10:16',	'2022-06-08 04:10:16',	'0000-00-00 00:00:00',	0),
(75,	'TASK-PRTM08062022',	'PR003',	'Sudah',	'2022-06-08 04:57:17',	'2022-06-08 04:57:17',	'0000-00-00 00:00:00',	0),
(76,	'TASK-PRTM08062022',	'PR004',	'Sudah',	'2022-06-08 07:17:47',	'2022-06-08 07:17:47',	'0000-00-00 00:00:00',	0),
(77,	'TASK-PRTM09062022',	'PR007',	'Sudah',	'2022-06-09 00:14:14',	'2022-06-09 00:14:14',	'0000-00-00 00:00:00',	0),
(78,	'TASK-PRTM09062022',	'PR005',	'Sudah',	'2022-06-09 00:53:38',	'2022-06-09 00:53:38',	'0000-00-00 00:00:00',	0),
(79,	'TASK-PRTM09062022',	'PR006',	'Sudah',	'2022-06-09 02:06:58',	'2022-06-09 02:06:58',	'0000-00-00 00:00:00',	0),
(80,	'TASK-PRTM21062022',	'PR008',	'Sudah',	'2022-06-21 07:47:38',	'2022-06-21 07:47:38',	'0000-00-00 00:00:00',	0),
(81,	'TASK-PRTM19072022',	'PR009',	'Sudah',	'2022-07-19 02:48:51',	'2022-07-19 02:48:51',	'0000-00-00 00:00:00',	0),
(82,	'TASK-PRTM09082022',	'PR000010',	'Sudah',	'2022-08-09 04:07:36',	'2022-08-09 04:07:36',	'0000-00-00 00:00:00',	0),
(83,	'TASK-PRTM09082022',	'PR000011',	'Sudah',	'2022-08-09 04:34:38',	'2022-08-09 04:34:38',	'0000-00-00 00:00:00',	0),
(84,	'TASK-PRTM09082022',	'PR000012',	'Sudah',	'2022-08-09 08:49:22',	'2022-08-09 08:49:22',	'0000-00-00 00:00:00',	0),
(85,	'TASK-PRTM09082022',	'PR000013',	'Sudah',	'2022-08-09 11:52:19',	'2022-08-09 11:52:19',	'0000-00-00 00:00:00',	0),
(86,	'TASK-PRTM09082022',	'PR000014',	'Sudah',	'2022-08-09 11:53:13',	'2022-08-09 11:53:13',	'0000-00-00 00:00:00',	0),
(88,	'TASK-UTM09082022',	'UT000016',	'Sudah',	'2022-08-09 12:41:43',	'2022-08-09 12:41:43',	'0000-00-00 00:00:00',	0),
(89,	'TASK-PRTM10082022',	'PR000015',	'Sudah',	'2022-08-10 04:57:55',	'2022-08-10 04:57:55',	'0000-00-00 00:00:00',	0);

DROP TABLE IF EXISTS `tbl_penilaian_pratama_form_kedua`;
CREATE TABLE `tbl_penilaian_pratama_form_kedua` (
  `id_penilaian` int NOT NULL AUTO_INCREMENT,
  `no_penilaian` varchar(100) NOT NULL,
  `id_klinik` varchar(20) NOT NULL,
  `id_deskripsi` int NOT NULL,
  `hasil_penilaian` enum('Ya','Tidak') NOT NULL,
  `jumlah_ketersediaan` varchar(200) NOT NULL,
  `satuan_penilaian` varchar(50) NOT NULL,
  `catatan_penilaian` varchar(300) NOT NULL,
  `created_at` timestamp NOT NULL DEFAULT CURRENT_TIMESTAMP,
  `update_at` timestamp NOT NULL DEFAULT CURRENT_TIMESTAMP ON UPDATE CURRENT_TIMESTAMP,
  `delete_at` timestamp NOT NULL,
  `delete` int NOT NULL DEFAULT '0',
  PRIMARY KEY (`id_penilaian`),
  KEY `no_penilaian` (`no_penilaian`,`id_deskripsi`),
  KEY `id_deskripsi` (`id_deskripsi`),
  KEY `id_klinik` (`id_klinik`),
  CONSTRAINT `tbl_penilaian_pratama_form_kedua_ibfk_2` FOREIGN KEY (`id_deskripsi`) REFERENCES `tbl_deskripsi_penilaian_pratama` (`id_deskripsi`),
  CONSTRAINT `tbl_penilaian_pratama_form_kedua_ibfk_3` FOREIGN KEY (`no_penilaian`) REFERENCES `tbl_penilaian` (`no_penilaian`) ON DELETE CASCADE ON UPDATE CASCADE,
  CONSTRAINT `tbl_penilaian_pratama_form_kedua_ibfk_4` FOREIGN KEY (`id_klinik`) REFERENCES `tbl_penilaian` (`id_klinik`) ON DELETE CASCADE ON UPDATE CASCADE
) ENGINE=InnoDB DEFAULT CHARSET=utf8mb4 COLLATE=utf8mb4_0900_ai_ci;

INSERT INTO `tbl_penilaian_pratama_form_kedua` (`id_penilaian`, `no_penilaian`, `id_klinik`, `id_deskripsi`, `hasil_penilaian`, `jumlah_ketersediaan`, `satuan_penilaian`, `catatan_penilaian`, `created_at`, `update_at`, `delete_at`, `delete`) VALUES
(727,	'TASK-PRTM07062022',	'PR001',	1,	'Ya',	'',	'Buah',	'',	'2022-06-07 06:38:08',	'2022-06-07 06:38:08',	'0000-00-00 00:00:00',	0),
(728,	'TASK-PRTM07062022',	'PR001',	2,	'Tidak',	'',	'Set',	'',	'2022-06-07 06:38:08',	'2022-06-07 06:38:08',	'0000-00-00 00:00:00',	0),
(729,	'TASK-PRTM07062022',	'PR001',	3,	'Ya',	'',	'Buah',	'',	'2022-06-07 06:38:08',	'2022-06-07 06:38:08',	'0000-00-00 00:00:00',	0),
(730,	'TASK-PRTM07062022',	'PR001',	4,	'Ya',	'',	'',	'',	'2022-06-07 06:38:08',	'2022-06-07 06:38:08',	'0000-00-00 00:00:00',	0),
(731,	'TASK-PRTM07062022',	'PR001',	5,	'Ya',	'',	'Buah',	'',	'2022-06-07 06:38:08',	'2022-06-07 06:38:08',	'0000-00-00 00:00:00',	0),
(732,	'TASK-PRTM07062022',	'PR001',	6,	'Tidak',	'',	'Set',	'',	'2022-06-07 06:38:08',	'2022-06-07 06:38:08',	'0000-00-00 00:00:00',	0),
(733,	'TASK-PRTM07062022',	'PR001',	7,	'Tidak',	'',	'Set',	'',	'2022-06-07 06:38:08',	'2022-06-07 06:38:08',	'0000-00-00 00:00:00',	0),
(734,	'TASK-PRTM07062022',	'PR001',	8,	'Ya',	'',	'Buah',	'',	'2022-06-07 06:38:08',	'2022-06-07 06:38:08',	'0000-00-00 00:00:00',	0),
(735,	'TASK-PRTM07062022',	'PR001',	9,	'Ya',	'',	'Buah',	'',	'2022-06-07 06:38:08',	'2022-06-07 06:38:08',	'0000-00-00 00:00:00',	0),
(736,	'TASK-PRTM07062022',	'PR001',	10,	'Ya',	'',	'Buah',	'',	'2022-06-07 06:38:08',	'2022-06-07 06:38:08',	'0000-00-00 00:00:00',	0),
(737,	'TASK-PRTM07062022',	'PR001',	11,	'Ya',	'',	'Buah',	'',	'2022-06-07 06:38:08',	'2022-06-07 06:38:08',	'0000-00-00 00:00:00',	0),
(738,	'TASK-PRTM07062022',	'PR001',	12,	'Ya',	'',	'Buah',	'',	'2022-06-07 06:38:08',	'2022-06-07 06:38:08',	'0000-00-00 00:00:00',	0),
(739,	'TASK-PRTM07062022',	'PR001',	13,	'Ya',	'',	'Buah',	'',	'2022-06-07 06:38:08',	'2022-06-07 06:38:08',	'0000-00-00 00:00:00',	0),
(740,	'TASK-PRTM07062022',	'PR001',	14,	'Ya',	'',	'Buah',	'',	'2022-06-07 06:38:08',	'2022-06-07 06:38:08',	'0000-00-00 00:00:00',	0),
(741,	'TASK-PRTM07062022',	'PR001',	15,	'Tidak',	'',	'Sesuai Kebutuhan',	'',	'2022-06-07 06:38:08',	'2022-06-07 06:38:08',	'0000-00-00 00:00:00',	0),
(742,	'TASK-PRTM07062022',	'PR001',	16,	'Tidak',	'',	'Buah',	'',	'2022-06-07 06:38:08',	'2022-06-07 06:38:08',	'0000-00-00 00:00:00',	0),
(743,	'TASK-PRTM07062022',	'PR001',	17,	'Ya',	'',	'Buah',	'',	'2022-06-07 06:38:08',	'2022-06-07 06:38:08',	'0000-00-00 00:00:00',	0),
(744,	'TASK-PRTM07062022',	'PR001',	18,	'Ya',	'',	'Set',	'',	'2022-06-07 06:38:08',	'2022-06-07 06:38:08',	'0000-00-00 00:00:00',	0),
(745,	'TASK-PRTM07062022',	'PR001',	19,	'Ya',	'',	'Buah',	'',	'2022-06-07 06:38:08',	'2022-06-07 06:38:08',	'0000-00-00 00:00:00',	0),
(746,	'TASK-PRTM07062022',	'PR001',	20,	'Ya',	'',	'Buah',	'',	'2022-06-07 06:38:08',	'2022-06-07 06:38:08',	'0000-00-00 00:00:00',	0),
(747,	'TASK-PRTM07062022',	'PR001',	21,	'Tidak',	'',	'Buah',	'',	'2022-06-07 06:38:08',	'2022-06-07 06:38:08',	'0000-00-00 00:00:00',	0),
(748,	'TASK-PRTM07062022',	'PR001',	22,	'Tidak',	'',	'Buah',	'',	'2022-06-07 06:38:08',	'2022-06-07 06:38:08',	'0000-00-00 00:00:00',	0),
(749,	'TASK-PRTM07062022',	'PR001',	23,	'Ya',	'',	'Buah',	'',	'2022-06-07 06:38:08',	'2022-06-07 06:38:08',	'0000-00-00 00:00:00',	0),
(750,	'TASK-PRTM07062022',	'PR001',	24,	'Ya',	'',	'Sesuai Kebutuhan',	'',	'2022-06-07 06:38:08',	'2022-06-07 06:38:08',	'0000-00-00 00:00:00',	0),
(751,	'TASK-PRTM07062022',	'PR001',	25,	'Ya',	'',	'Buah',	'',	'2022-06-07 06:38:08',	'2022-06-07 06:38:08',	'0000-00-00 00:00:00',	0),
(752,	'TASK-PRTM07062022',	'PR001',	26,	'Ya',	'',	'Buah',	'',	'2022-06-07 06:38:08',	'2022-06-07 06:38:08',	'0000-00-00 00:00:00',	0),
(753,	'TASK-PRTM07062022',	'PR001',	27,	'Ya',	'',	'Buah',	'',	'2022-06-07 06:38:08',	'2022-06-07 06:38:08',	'0000-00-00 00:00:00',	0),
(754,	'TASK-PRTM07062022',	'PR001',	28,	'Ya',	'',	'Buah',	'',	'2022-06-07 06:38:08',	'2022-06-07 06:38:08',	'0000-00-00 00:00:00',	0),
(755,	'TASK-PRTM07062022',	'PR001',	29,	'Ya',	'',	'Sesuai Kebutuhan',	'',	'2022-06-07 06:38:08',	'2022-06-07 06:38:08',	'0000-00-00 00:00:00',	0),
(756,	'TASK-PRTM07062022',	'PR001',	30,	'Ya',	'',	'Sesuai Kebutuhan',	'',	'2022-06-07 06:38:08',	'2022-06-07 06:38:08',	'0000-00-00 00:00:00',	0),
(757,	'TASK-PRTM07062022',	'PR001',	31,	'Ya',	'',	'Sesuai Kebutuhan',	'',	'2022-06-07 06:38:08',	'2022-06-07 06:38:08',	'0000-00-00 00:00:00',	0),
(758,	'TASK-PRTM07062022',	'PR001',	32,	'Ya',	'',	'Sesuai Kebutuhan',	'',	'2022-06-07 06:38:08',	'2022-06-07 06:38:08',	'0000-00-00 00:00:00',	0),
(759,	'TASK-PRTM07062022',	'PR001',	33,	'Ya',	'',	'Sesuai Kebutuhan',	'',	'2022-06-07 06:38:08',	'2022-06-07 06:38:08',	'0000-00-00 00:00:00',	0),
(760,	'TASK-PRTM07062022',	'PR001',	34,	'Ya',	'',	'Sesuai Kebutuhan',	'',	'2022-06-07 06:38:08',	'2022-06-07 06:38:08',	'0000-00-00 00:00:00',	0),
(761,	'TASK-PRTM07062022',	'PR001',	35,	'Ya',	'',	'Sesuai Kebutuhan',	'',	'2022-06-07 06:38:08',	'2022-06-07 06:38:08',	'0000-00-00 00:00:00',	0),
(762,	'TASK-PRTM07062022',	'PR001',	36,	'Ya',	'',	'Sesuai Kebutuhan',	'',	'2022-06-07 06:38:08',	'2022-06-07 06:38:08',	'0000-00-00 00:00:00',	0),
(763,	'TASK-PRTM07062022',	'PR001',	37,	'Ya',	'',	'Buah',	'',	'2022-06-07 06:38:08',	'2022-06-07 06:38:08',	'0000-00-00 00:00:00',	0),
(764,	'TASK-PRTM07062022',	'PR001',	38,	'Ya',	'',	'Buah',	'',	'2022-06-07 06:38:08',	'2022-06-07 06:38:08',	'0000-00-00 00:00:00',	0),
(765,	'TASK-PRTM07062022',	'PR001',	39,	'Tidak',	'',	'Set',	'',	'2022-06-07 06:38:08',	'2022-06-07 06:38:08',	'0000-00-00 00:00:00',	0),
(766,	'TASK-PRTM07062022',	'PR001',	40,	'Tidak',	'',	'Buah',	'',	'2022-06-07 06:38:08',	'2022-06-07 06:38:08',	'0000-00-00 00:00:00',	0),
(767,	'TASK-PRTM07062022',	'PR001',	41,	'Tidak',	'',	'Buah',	'',	'2022-06-07 06:38:08',	'2022-06-07 06:38:08',	'0000-00-00 00:00:00',	0),
(768,	'TASK-PRTM07062022',	'PR001',	42,	'Ya',	'',	'Buah',	'',	'2022-06-07 06:38:08',	'2022-06-07 06:38:08',	'0000-00-00 00:00:00',	0),
(769,	'TASK-PRTM07062022',	'PR001',	43,	'Ya',	'',	'Buah',	'',	'2022-06-07 06:38:08',	'2022-06-07 06:38:08',	'0000-00-00 00:00:00',	0),
(770,	'TASK-PRTM07062022',	'PR001',	44,	'Ya',	'',	'Buah',	'',	'2022-06-07 06:38:08',	'2022-06-07 06:38:08',	'0000-00-00 00:00:00',	0),
(771,	'TASK-PRTM07062022',	'PR001',	45,	'Tidak',	'',	'Buah',	'',	'2022-06-07 06:38:08',	'2022-06-07 06:38:08',	'0000-00-00 00:00:00',	0),
(772,	'TASK-PRTM07062022',	'PR001',	46,	'Ya',	'',	'Buah',	'',	'2022-06-07 06:38:08',	'2022-06-07 06:38:08',	'0000-00-00 00:00:00',	0),
(773,	'TASK-PRTM07062022',	'PR001',	47,	'Ya',	'',	'Buah',	'',	'2022-06-07 06:38:08',	'2022-06-07 06:38:08',	'0000-00-00 00:00:00',	0),
(774,	'TASK-PRTM07062022',	'PR001',	48,	'Tidak',	'',	'Buah',	'',	'2022-06-07 06:38:08',	'2022-06-07 06:38:08',	'0000-00-00 00:00:00',	0),
(775,	'TASK-PRTM07062022',	'PR001',	49,	'Tidak',	'',	'Buah',	'',	'2022-06-07 06:38:08',	'2022-06-07 06:38:08',	'0000-00-00 00:00:00',	0),
(776,	'TASK-PRTM07062022',	'PR001',	50,	'Ya',	'',	'Buah',	'',	'2022-06-07 06:38:08',	'2022-06-07 06:38:08',	'0000-00-00 00:00:00',	0),
(777,	'TASK-PRTM07062022',	'PR001',	51,	'Ya',	'',	'Unit',	'',	'2022-06-07 06:38:08',	'2022-06-07 06:38:08',	'0000-00-00 00:00:00',	0),
(778,	'TASK-PRTM07062022',	'PR001',	52,	'Ya',	'',	'Unit',	'',	'2022-06-07 06:38:08',	'2022-06-07 06:38:08',	'0000-00-00 00:00:00',	0),
(779,	'TASK-PRTM07062022',	'PR001',	53,	'Ya',	'',	'Unit',	'',	'2022-06-07 06:38:08',	'2022-06-07 06:38:08',	'0000-00-00 00:00:00',	0),
(780,	'TASK-PRTM07062022',	'PR001',	54,	'Ya',	'',	'Sesuai Kebutuhan',	'',	'2022-06-07 06:38:08',	'2022-06-07 06:38:08',	'0000-00-00 00:00:00',	0),
(781,	'TASK-PRTM07062022',	'PR001',	55,	'Ya',	'',	'Sesuai Kebutuhan',	'',	'2022-06-07 06:38:08',	'2022-06-07 06:38:08',	'0000-00-00 00:00:00',	0),
(782,	'TASK-PRTM07062022',	'PR001',	56,	'Tidak',	'',	'Sesuai Kebutuhan',	'',	'2022-06-07 06:38:08',	'2022-06-07 06:38:08',	'0000-00-00 00:00:00',	0),
(783,	'TASK-PRTM07062022',	'PR001',	57,	'Tidak',	'',	'Sesuai Kebutuhan',	'',	'2022-06-07 06:38:08',	'2022-06-07 06:38:08',	'0000-00-00 00:00:00',	0),
(784,	'TASK-PRTM07062022',	'PR001',	58,	'Ya',	'',	'Sesuai Kebutuhan',	'',	'2022-06-07 06:38:08',	'2022-06-07 06:38:08',	'0000-00-00 00:00:00',	0),
(785,	'TASK-PRTM07062022',	'PR001',	59,	'Ya',	'',	'Sesuai Kebutuhan',	'',	'2022-06-07 06:38:08',	'2022-06-07 06:38:08',	'0000-00-00 00:00:00',	0),
(786,	'TASK-PRTM07062022',	'PR001',	60,	'Ya',	'',	'Sesuai Kebutuhan',	'',	'2022-06-07 06:38:08',	'2022-06-07 06:38:08',	'0000-00-00 00:00:00',	0),
(787,	'TASK-PRTM07062022',	'PR001',	61,	'Ya',	'',	'Buah',	'',	'2022-06-07 06:38:08',	'2022-06-07 06:38:08',	'0000-00-00 00:00:00',	0),
(788,	'TASK-PRTM07062022',	'PR001',	62,	'Ya',	'',	'Sesuai Kebutuhan',	'',	'2022-06-07 06:38:08',	'2022-06-07 06:38:08',	'0000-00-00 00:00:00',	0),
(789,	'TASK-PRTM07062022',	'PR001',	63,	'Ya',	'',	'Sesuai Kebutuhan',	'',	'2022-06-07 06:38:08',	'2022-06-07 06:38:08',	'0000-00-00 00:00:00',	0),
(790,	'TASK-PRTM07062022',	'PR001',	64,	'Tidak',	'',	'Sesuai Kebutuhan',	'',	'2022-06-07 06:38:08',	'2022-06-07 06:38:08',	'0000-00-00 00:00:00',	0),
(791,	'TASK-PRTM07062022',	'PR001',	65,	'Ya',	'',	'Sesuai Kebutuhan',	'',	'2022-06-07 06:38:08',	'2022-06-07 06:38:08',	'0000-00-00 00:00:00',	0),
(792,	'TASK-PRTM07062022',	'PR001',	66,	'Ya',	'',	'Sesuai Kebutuhan',	'',	'2022-06-07 06:38:08',	'2022-06-07 06:38:08',	'0000-00-00 00:00:00',	0),
(793,	'TASK-PRTM08062022',	'PR002',	1,	'Ya',	'',	'Buah',	'',	'2022-06-08 04:37:49',	'2022-06-08 04:37:49',	'0000-00-00 00:00:00',	0),
(794,	'TASK-PRTM08062022',	'PR002',	2,	'Tidak',	'',	'Set',	'',	'2022-06-08 04:37:49',	'2022-06-08 04:37:49',	'0000-00-00 00:00:00',	0),
(795,	'TASK-PRTM08062022',	'PR002',	3,	'Ya',	'',	'Buah',	'',	'2022-06-08 04:37:49',	'2022-06-08 04:37:49',	'0000-00-00 00:00:00',	0),
(796,	'TASK-PRTM08062022',	'PR002',	4,	'Ya',	'',	'',	'',	'2022-06-08 04:37:49',	'2022-06-08 04:37:49',	'0000-00-00 00:00:00',	0),
(797,	'TASK-PRTM08062022',	'PR002',	5,	'Ya',	'',	'Buah',	'',	'2022-06-08 04:37:49',	'2022-06-08 04:37:49',	'0000-00-00 00:00:00',	0),
(798,	'TASK-PRTM08062022',	'PR002',	6,	'Tidak',	'',	'Set',	'',	'2022-06-08 04:37:49',	'2022-06-08 04:37:49',	'0000-00-00 00:00:00',	0),
(799,	'TASK-PRTM08062022',	'PR002',	7,	'Tidak',	'',	'Set',	'',	'2022-06-08 04:37:49',	'2022-06-08 04:37:49',	'0000-00-00 00:00:00',	0),
(800,	'TASK-PRTM08062022',	'PR002',	8,	'Ya',	'',	'Buah',	'',	'2022-06-08 04:37:49',	'2022-06-08 04:37:49',	'0000-00-00 00:00:00',	0),
(801,	'TASK-PRTM08062022',	'PR002',	9,	'Ya',	'',	'Buah',	'',	'2022-06-08 04:37:49',	'2022-06-08 04:37:49',	'0000-00-00 00:00:00',	0),
(802,	'TASK-PRTM08062022',	'PR002',	10,	'Ya',	'',	'Buah',	'',	'2022-06-08 04:37:49',	'2022-06-08 04:37:49',	'0000-00-00 00:00:00',	0),
(803,	'TASK-PRTM08062022',	'PR002',	11,	'Ya',	'',	'Buah',	'',	'2022-06-08 04:37:49',	'2022-06-08 04:37:49',	'0000-00-00 00:00:00',	0),
(804,	'TASK-PRTM08062022',	'PR002',	12,	'Tidak',	'',	'Buah',	'',	'2022-06-08 04:37:49',	'2022-06-08 04:37:49',	'0000-00-00 00:00:00',	0),
(805,	'TASK-PRTM08062022',	'PR002',	13,	'Ya',	'',	'Buah',	'',	'2022-06-08 04:37:49',	'2022-06-08 04:37:49',	'0000-00-00 00:00:00',	0),
(806,	'TASK-PRTM08062022',	'PR002',	14,	'Ya',	'',	'Buah',	'',	'2022-06-08 04:37:49',	'2022-06-08 04:37:49',	'0000-00-00 00:00:00',	0),
(807,	'TASK-PRTM08062022',	'PR002',	15,	'Tidak',	'',	'Sesuai Kebutuhan',	'',	'2022-06-08 04:37:49',	'2022-06-08 04:37:49',	'0000-00-00 00:00:00',	0),
(808,	'TASK-PRTM08062022',	'PR002',	16,	'Tidak',	'',	'Buah',	'',	'2022-06-08 04:37:49',	'2022-06-08 04:37:49',	'0000-00-00 00:00:00',	0),
(809,	'TASK-PRTM08062022',	'PR002',	17,	'Ya',	'',	'Buah',	'',	'2022-06-08 04:37:49',	'2022-06-08 04:37:49',	'0000-00-00 00:00:00',	0),
(810,	'TASK-PRTM08062022',	'PR002',	18,	'Tidak',	'',	'Set',	'',	'2022-06-08 04:37:49',	'2022-06-08 04:37:49',	'0000-00-00 00:00:00',	0),
(811,	'TASK-PRTM08062022',	'PR002',	19,	'Ya',	'',	'Buah',	'',	'2022-06-08 04:37:49',	'2022-06-08 04:37:49',	'0000-00-00 00:00:00',	0),
(812,	'TASK-PRTM08062022',	'PR002',	20,	'Ya',	'',	'Buah',	'',	'2022-06-08 04:37:49',	'2022-06-08 04:37:49',	'0000-00-00 00:00:00',	0),
(813,	'TASK-PRTM08062022',	'PR002',	21,	'Tidak',	'',	'Buah',	'',	'2022-06-08 04:37:49',	'2022-06-08 04:37:49',	'0000-00-00 00:00:00',	0),
(814,	'TASK-PRTM08062022',	'PR002',	22,	'Tidak',	'',	'Buah',	'',	'2022-06-08 04:37:49',	'2022-06-08 04:37:49',	'0000-00-00 00:00:00',	0),
(815,	'TASK-PRTM08062022',	'PR002',	23,	'Ya',	'',	'Buah',	'',	'2022-06-08 04:37:49',	'2022-06-08 04:37:49',	'0000-00-00 00:00:00',	0),
(816,	'TASK-PRTM08062022',	'PR002',	24,	'Ya',	'',	'Sesuai Kebutuhan',	'',	'2022-06-08 04:37:49',	'2022-06-08 04:37:49',	'0000-00-00 00:00:00',	0),
(817,	'TASK-PRTM08062022',	'PR002',	25,	'Ya',	'',	'Buah',	'',	'2022-06-08 04:37:49',	'2022-06-08 04:37:49',	'0000-00-00 00:00:00',	0),
(818,	'TASK-PRTM08062022',	'PR002',	26,	'Ya',	'',	'Buah',	'',	'2022-06-08 04:37:49',	'2022-06-08 04:37:49',	'0000-00-00 00:00:00',	0),
(819,	'TASK-PRTM08062022',	'PR002',	27,	'Ya',	'',	'Buah',	'',	'2022-06-08 04:37:49',	'2022-06-08 04:37:49',	'0000-00-00 00:00:00',	0),
(820,	'TASK-PRTM08062022',	'PR002',	28,	'Ya',	'',	'Buah',	'',	'2022-06-08 04:37:49',	'2022-06-08 04:37:49',	'0000-00-00 00:00:00',	0),
(821,	'TASK-PRTM08062022',	'PR002',	29,	'Ya',	'',	'Sesuai Kebutuhan',	'',	'2022-06-08 04:37:49',	'2022-06-08 04:37:49',	'0000-00-00 00:00:00',	0),
(822,	'TASK-PRTM08062022',	'PR002',	30,	'Ya',	'',	'Sesuai Kebutuhan',	'',	'2022-06-08 04:37:49',	'2022-06-08 04:37:49',	'0000-00-00 00:00:00',	0),
(823,	'TASK-PRTM08062022',	'PR002',	31,	'Ya',	'',	'Sesuai Kebutuhan',	'',	'2022-06-08 04:37:49',	'2022-06-08 04:37:49',	'0000-00-00 00:00:00',	0),
(824,	'TASK-PRTM08062022',	'PR002',	32,	'Ya',	'',	'Sesuai Kebutuhan',	'',	'2022-06-08 04:37:49',	'2022-06-08 04:37:49',	'0000-00-00 00:00:00',	0),
(825,	'TASK-PRTM08062022',	'PR002',	33,	'Ya',	'',	'Sesuai Kebutuhan',	'',	'2022-06-08 04:37:49',	'2022-06-08 04:37:49',	'0000-00-00 00:00:00',	0),
(826,	'TASK-PRTM08062022',	'PR002',	34,	'Ya',	'',	'Sesuai Kebutuhan',	'',	'2022-06-08 04:37:49',	'2022-06-08 04:37:49',	'0000-00-00 00:00:00',	0),
(827,	'TASK-PRTM08062022',	'PR002',	35,	'Ya',	'',	'Sesuai Kebutuhan',	'',	'2022-06-08 04:37:49',	'2022-06-08 04:37:49',	'0000-00-00 00:00:00',	0),
(828,	'TASK-PRTM08062022',	'PR002',	36,	'Ya',	'',	'Sesuai Kebutuhan',	'',	'2022-06-08 04:37:49',	'2022-06-08 04:37:49',	'0000-00-00 00:00:00',	0),
(829,	'TASK-PRTM08062022',	'PR002',	37,	'Ya',	'',	'Buah',	'',	'2022-06-08 04:37:49',	'2022-06-08 04:37:49',	'0000-00-00 00:00:00',	0),
(830,	'TASK-PRTM08062022',	'PR002',	38,	'Ya',	'',	'Buah',	'',	'2022-06-08 04:37:49',	'2022-06-08 04:37:49',	'0000-00-00 00:00:00',	0),
(831,	'TASK-PRTM08062022',	'PR002',	39,	'Tidak',	'',	'Set',	'',	'2022-06-08 04:37:49',	'2022-06-08 04:37:49',	'0000-00-00 00:00:00',	0),
(832,	'TASK-PRTM08062022',	'PR002',	40,	'Ya',	'',	'Buah',	'',	'2022-06-08 04:37:49',	'2022-06-08 04:37:49',	'0000-00-00 00:00:00',	0),
(833,	'TASK-PRTM08062022',	'PR002',	41,	'Ya',	'',	'Buah',	'',	'2022-06-08 04:37:49',	'2022-06-08 04:37:49',	'0000-00-00 00:00:00',	0),
(834,	'TASK-PRTM08062022',	'PR002',	42,	'Ya',	'',	'Buah',	'',	'2022-06-08 04:37:49',	'2022-06-08 04:37:49',	'0000-00-00 00:00:00',	0),
(835,	'TASK-PRTM08062022',	'PR002',	43,	'Ya',	'',	'Buah',	'',	'2022-06-08 04:37:49',	'2022-06-08 04:37:49',	'0000-00-00 00:00:00',	0),
(836,	'TASK-PRTM08062022',	'PR002',	44,	'Ya',	'',	'Buah',	'',	'2022-06-08 04:37:49',	'2022-06-08 04:37:49',	'0000-00-00 00:00:00',	0),
(837,	'TASK-PRTM08062022',	'PR002',	45,	'Ya',	'',	'Buah',	'',	'2022-06-08 04:37:49',	'2022-06-08 04:37:49',	'0000-00-00 00:00:00',	0),
(838,	'TASK-PRTM08062022',	'PR002',	46,	'Ya',	'',	'Buah',	'',	'2022-06-08 04:37:49',	'2022-06-08 04:37:49',	'0000-00-00 00:00:00',	0),
(839,	'TASK-PRTM08062022',	'PR002',	47,	'Ya',	'',	'Buah',	'',	'2022-06-08 04:37:49',	'2022-06-08 04:37:49',	'0000-00-00 00:00:00',	0),
(840,	'TASK-PRTM08062022',	'PR002',	48,	'Ya',	'',	'Buah',	'',	'2022-06-08 04:37:49',	'2022-06-08 04:37:49',	'0000-00-00 00:00:00',	0),
(841,	'TASK-PRTM08062022',	'PR002',	49,	'Ya',	'',	'Buah',	'',	'2022-06-08 04:37:49',	'2022-06-08 04:37:49',	'0000-00-00 00:00:00',	0),
(842,	'TASK-PRTM08062022',	'PR002',	50,	'Ya',	'',	'Buah',	'',	'2022-06-08 04:37:49',	'2022-06-08 04:37:49',	'0000-00-00 00:00:00',	0),
(843,	'TASK-PRTM08062022',	'PR002',	51,	'Ya',	'',	'Unit',	'',	'2022-06-08 04:37:49',	'2022-06-08 04:37:49',	'0000-00-00 00:00:00',	0),
(844,	'TASK-PRTM08062022',	'PR002',	52,	'Ya',	'',	'Unit',	'',	'2022-06-08 04:37:49',	'2022-06-08 04:37:49',	'0000-00-00 00:00:00',	0),
(845,	'TASK-PRTM08062022',	'PR002',	53,	'Ya',	'',	'Unit',	'',	'2022-06-08 04:37:49',	'2022-06-08 04:37:49',	'0000-00-00 00:00:00',	0),
(846,	'TASK-PRTM08062022',	'PR002',	54,	'Ya',	'',	'Sesuai Kebutuhan',	'',	'2022-06-08 04:37:49',	'2022-06-08 04:37:49',	'0000-00-00 00:00:00',	0),
(847,	'TASK-PRTM08062022',	'PR002',	55,	'Ya',	'',	'Sesuai Kebutuhan',	'',	'2022-06-08 04:37:49',	'2022-06-08 04:37:49',	'0000-00-00 00:00:00',	0),
(848,	'TASK-PRTM08062022',	'PR002',	56,	'Ya',	'',	'Sesuai Kebutuhan',	'',	'2022-06-08 04:37:49',	'2022-06-08 04:37:49',	'0000-00-00 00:00:00',	0),
(849,	'TASK-PRTM08062022',	'PR002',	57,	'Tidak',	'',	'Sesuai Kebutuhan',	'Kop Klinik',	'2022-06-08 04:37:49',	'2022-06-08 04:37:49',	'0000-00-00 00:00:00',	0),
(850,	'TASK-PRTM08062022',	'PR002',	58,	'Tidak',	'',	'Sesuai Kebutuhan',	'Kop Klinik',	'2022-06-08 04:37:49',	'2022-06-08 04:37:49',	'0000-00-00 00:00:00',	0),
(851,	'TASK-PRTM08062022',	'PR002',	59,	'Tidak',	'',	'Sesuai Kebutuhan',	'Kop Klinik',	'2022-06-08 04:37:49',	'2022-06-08 04:37:49',	'0000-00-00 00:00:00',	0),
(852,	'TASK-PRTM08062022',	'PR002',	60,	'Tidak',	'',	'Sesuai Kebutuhan',	'Kop Klinik',	'2022-06-08 04:37:49',	'2022-06-08 04:37:49',	'0000-00-00 00:00:00',	0),
(853,	'TASK-PRTM08062022',	'PR002',	61,	'Ya',	'',	'Buah',	'',	'2022-06-08 04:37:49',	'2022-06-08 04:37:49',	'0000-00-00 00:00:00',	0),
(854,	'TASK-PRTM08062022',	'PR002',	62,	'Ya',	'',	'Sesuai Kebutuhan',	'',	'2022-06-08 04:37:49',	'2022-06-08 04:37:49',	'0000-00-00 00:00:00',	0),
(855,	'TASK-PRTM08062022',	'PR002',	63,	'Ya',	'',	'Sesuai Kebutuhan',	'',	'2022-06-08 04:37:49',	'2022-06-08 04:37:49',	'0000-00-00 00:00:00',	0),
(856,	'TASK-PRTM08062022',	'PR002',	64,	'Ya',	'',	'Sesuai Kebutuhan',	'',	'2022-06-08 04:37:49',	'2022-06-08 04:37:49',	'0000-00-00 00:00:00',	0),
(857,	'TASK-PRTM08062022',	'PR002',	65,	'Ya',	'',	'Sesuai Kebutuhan',	'',	'2022-06-08 04:37:49',	'2022-06-08 04:37:49',	'0000-00-00 00:00:00',	0),
(858,	'TASK-PRTM08062022',	'PR002',	66,	'Ya',	'',	'Sesuai Kebutuhan',	'',	'2022-06-08 04:37:49',	'2022-06-08 04:37:49',	'0000-00-00 00:00:00',	0),
(859,	'TASK-PRTM08062022',	'PR003',	1,	'Ya',	'',	'Buah',	'',	'2022-06-08 05:22:54',	'2022-06-08 05:22:54',	'0000-00-00 00:00:00',	0),
(860,	'TASK-PRTM08062022',	'PR003',	2,	'Tidak',	'',	'Set',	'',	'2022-06-08 05:22:54',	'2022-06-08 05:22:54',	'0000-00-00 00:00:00',	0),
(861,	'TASK-PRTM08062022',	'PR003',	3,	'Ya',	'',	'Buah',	'',	'2022-06-08 05:22:54',	'2022-06-08 05:22:54',	'0000-00-00 00:00:00',	0),
(862,	'TASK-PRTM08062022',	'PR003',	4,	'Tidak',	'',	'',	'',	'2022-06-08 05:22:54',	'2022-06-08 05:22:54',	'0000-00-00 00:00:00',	0),
(863,	'TASK-PRTM08062022',	'PR003',	5,	'Ya',	'',	'Buah',	'',	'2022-06-08 05:22:54',	'2022-06-08 05:22:54',	'0000-00-00 00:00:00',	0),
(864,	'TASK-PRTM08062022',	'PR003',	6,	'Tidak',	'',	'Set',	'',	'2022-06-08 05:22:54',	'2022-06-08 05:22:54',	'0000-00-00 00:00:00',	0),
(865,	'TASK-PRTM08062022',	'PR003',	7,	'Tidak',	'',	'Set',	'',	'2022-06-08 05:22:54',	'2022-06-08 05:22:54',	'0000-00-00 00:00:00',	0),
(866,	'TASK-PRTM08062022',	'PR003',	8,	'Ya',	'',	'Buah',	'',	'2022-06-08 05:22:54',	'2022-06-08 05:22:54',	'0000-00-00 00:00:00',	0),
(867,	'TASK-PRTM08062022',	'PR003',	9,	'Ya',	'',	'Buah',	'',	'2022-06-08 05:22:54',	'2022-06-08 05:22:54',	'0000-00-00 00:00:00',	0),
(868,	'TASK-PRTM08062022',	'PR003',	10,	'Ya',	'',	'Buah',	'',	'2022-06-08 05:22:54',	'2022-06-08 05:22:54',	'0000-00-00 00:00:00',	0),
(869,	'TASK-PRTM08062022',	'PR003',	11,	'Ya',	'',	'Buah',	'',	'2022-06-08 05:22:54',	'2022-06-08 05:22:54',	'0000-00-00 00:00:00',	0),
(870,	'TASK-PRTM08062022',	'PR003',	12,	'Tidak',	'',	'Buah',	'',	'2022-06-08 05:22:54',	'2022-06-08 05:22:54',	'0000-00-00 00:00:00',	0),
(871,	'TASK-PRTM08062022',	'PR003',	13,	'Ya',	'',	'Buah',	'',	'2022-06-08 05:22:54',	'2022-06-08 05:22:54',	'0000-00-00 00:00:00',	0),
(872,	'TASK-PRTM08062022',	'PR003',	14,	'Ya',	'',	'Buah',	'',	'2022-06-08 05:22:54',	'2022-06-08 05:22:54',	'0000-00-00 00:00:00',	0),
(873,	'TASK-PRTM08062022',	'PR003',	15,	'Ya',	'',	'Sesuai Kebutuhan',	'',	'2022-06-08 05:22:54',	'2022-06-08 05:22:54',	'0000-00-00 00:00:00',	0),
(874,	'TASK-PRTM08062022',	'PR003',	16,	'Tidak',	'',	'Buah',	'',	'2022-06-08 05:22:54',	'2022-06-08 05:22:54',	'0000-00-00 00:00:00',	0),
(875,	'TASK-PRTM08062022',	'PR003',	17,	'Tidak',	'',	'Buah',	'dipindah',	'2022-06-08 05:22:54',	'2022-06-08 05:22:54',	'0000-00-00 00:00:00',	0),
(876,	'TASK-PRTM08062022',	'PR003',	18,	'Tidak',	'',	'Set',	'',	'2022-06-08 05:22:54',	'2022-06-08 05:22:54',	'0000-00-00 00:00:00',	0),
(877,	'TASK-PRTM08062022',	'PR003',	19,	'Tidak',	'',	'Buah',	'',	'2022-06-08 05:22:54',	'2022-06-08 05:22:54',	'0000-00-00 00:00:00',	0),
(878,	'TASK-PRTM08062022',	'PR003',	20,	'Tidak',	'',	'Buah',	'',	'2022-06-08 05:22:54',	'2022-06-08 05:22:54',	'0000-00-00 00:00:00',	0),
(879,	'TASK-PRTM08062022',	'PR003',	21,	'Tidak',	'',	'Buah',	'',	'2022-06-08 05:22:54',	'2022-06-08 05:22:54',	'0000-00-00 00:00:00',	0),
(880,	'TASK-PRTM08062022',	'PR003',	22,	'Tidak',	'',	'Buah',	'',	'2022-06-08 05:22:54',	'2022-06-08 05:22:54',	'0000-00-00 00:00:00',	0),
(881,	'TASK-PRTM08062022',	'PR003',	23,	'Ya',	'',	'Buah',	'',	'2022-06-08 05:22:54',	'2022-06-08 05:22:54',	'0000-00-00 00:00:00',	0),
(882,	'TASK-PRTM08062022',	'PR003',	24,	'Ya',	'',	'Sesuai Kebutuhan',	'',	'2022-06-08 05:22:54',	'2022-06-08 05:22:54',	'0000-00-00 00:00:00',	0),
(883,	'TASK-PRTM08062022',	'PR003',	25,	'Ya',	'',	'Buah',	'',	'2022-06-08 05:22:54',	'2022-06-08 05:22:54',	'0000-00-00 00:00:00',	0),
(884,	'TASK-PRTM08062022',	'PR003',	26,	'Ya',	'',	'Buah',	'',	'2022-06-08 05:22:54',	'2022-06-08 05:22:54',	'0000-00-00 00:00:00',	0),
(885,	'TASK-PRTM08062022',	'PR003',	27,	'Ya',	'',	'Buah',	'',	'2022-06-08 05:22:54',	'2022-06-08 05:22:54',	'0000-00-00 00:00:00',	0),
(886,	'TASK-PRTM08062022',	'PR003',	28,	'Ya',	'',	'Buah',	'',	'2022-06-08 05:22:54',	'2022-06-08 05:22:54',	'0000-00-00 00:00:00',	0),
(887,	'TASK-PRTM08062022',	'PR003',	29,	'Ya',	'',	'Sesuai Kebutuhan',	'',	'2022-06-08 05:22:54',	'2022-06-08 05:22:54',	'0000-00-00 00:00:00',	0),
(888,	'TASK-PRTM08062022',	'PR003',	30,	'Ya',	'',	'Sesuai Kebutuhan',	'',	'2022-06-08 05:22:54',	'2022-06-08 05:22:54',	'0000-00-00 00:00:00',	0),
(889,	'TASK-PRTM08062022',	'PR003',	31,	'Ya',	'',	'Sesuai Kebutuhan',	'',	'2022-06-08 05:22:54',	'2022-06-08 05:22:54',	'0000-00-00 00:00:00',	0),
(890,	'TASK-PRTM08062022',	'PR003',	32,	'Ya',	'',	'Sesuai Kebutuhan',	'',	'2022-06-08 05:22:54',	'2022-06-08 05:22:54',	'0000-00-00 00:00:00',	0),
(891,	'TASK-PRTM08062022',	'PR003',	33,	'Ya',	'',	'Sesuai Kebutuhan',	'',	'2022-06-08 05:22:54',	'2022-06-08 05:22:54',	'0000-00-00 00:00:00',	0),
(892,	'TASK-PRTM08062022',	'PR003',	34,	'Ya',	'',	'Sesuai Kebutuhan',	'',	'2022-06-08 05:22:54',	'2022-06-08 05:22:54',	'0000-00-00 00:00:00',	0),
(893,	'TASK-PRTM08062022',	'PR003',	35,	'Ya',	'',	'Sesuai Kebutuhan',	'',	'2022-06-08 05:22:54',	'2022-06-08 05:22:54',	'0000-00-00 00:00:00',	0),
(894,	'TASK-PRTM08062022',	'PR003',	36,	'Ya',	'',	'Sesuai Kebutuhan',	'',	'2022-06-08 05:22:54',	'2022-06-08 05:22:54',	'0000-00-00 00:00:00',	0),
(895,	'TASK-PRTM08062022',	'PR003',	37,	'Ya',	'',	'Buah',	'',	'2022-06-08 05:22:54',	'2022-06-08 05:22:54',	'0000-00-00 00:00:00',	0),
(896,	'TASK-PRTM08062022',	'PR003',	38,	'Ya',	'',	'Buah',	'',	'2022-06-08 05:22:54',	'2022-06-08 05:22:54',	'0000-00-00 00:00:00',	0),
(897,	'TASK-PRTM08062022',	'PR003',	39,	'Ya',	'',	'Set',	'',	'2022-06-08 05:22:54',	'2022-06-08 05:22:54',	'0000-00-00 00:00:00',	0),
(898,	'TASK-PRTM08062022',	'PR003',	40,	'Ya',	'',	'Buah',	'',	'2022-06-08 05:22:54',	'2022-06-08 05:22:54',	'0000-00-00 00:00:00',	0),
(899,	'TASK-PRTM08062022',	'PR003',	41,	'Ya',	'',	'Buah',	'',	'2022-06-08 05:22:54',	'2022-06-08 05:22:54',	'0000-00-00 00:00:00',	0),
(900,	'TASK-PRTM08062022',	'PR003',	42,	'Ya',	'',	'Buah',	'',	'2022-06-08 05:22:54',	'2022-06-08 05:22:54',	'0000-00-00 00:00:00',	0),
(901,	'TASK-PRTM08062022',	'PR003',	43,	'Ya',	'',	'Buah',	'',	'2022-06-08 05:22:54',	'2022-06-08 05:22:54',	'0000-00-00 00:00:00',	0),
(902,	'TASK-PRTM08062022',	'PR003',	44,	'Ya',	'',	'Buah',	'',	'2022-06-08 05:22:54',	'2022-06-08 05:22:54',	'0000-00-00 00:00:00',	0),
(903,	'TASK-PRTM08062022',	'PR003',	45,	'Ya',	'',	'Buah',	'',	'2022-06-08 05:22:54',	'2022-06-08 05:22:54',	'0000-00-00 00:00:00',	0),
(904,	'TASK-PRTM08062022',	'PR003',	46,	'Ya',	'',	'Buah',	'',	'2022-06-08 05:22:54',	'2022-06-08 05:22:54',	'0000-00-00 00:00:00',	0),
(905,	'TASK-PRTM08062022',	'PR003',	47,	'Ya',	'',	'Buah',	'',	'2022-06-08 05:22:54',	'2022-06-08 05:22:54',	'0000-00-00 00:00:00',	0),
(906,	'TASK-PRTM08062022',	'PR003',	48,	'Tidak',	'',	'Buah',	'',	'2022-06-08 05:22:54',	'2022-06-08 05:22:54',	'0000-00-00 00:00:00',	0),
(907,	'TASK-PRTM08062022',	'PR003',	49,	'Ya',	'',	'Buah',	'',	'2022-06-08 05:22:54',	'2022-06-08 05:22:54',	'0000-00-00 00:00:00',	0),
(908,	'TASK-PRTM08062022',	'PR003',	50,	'Ya',	'',	'Buah',	'',	'2022-06-08 05:22:54',	'2022-06-08 05:22:54',	'0000-00-00 00:00:00',	0),
(909,	'TASK-PRTM08062022',	'PR003',	51,	'Ya',	'',	'Unit',	'',	'2022-06-08 05:22:54',	'2022-06-08 05:22:54',	'0000-00-00 00:00:00',	0),
(910,	'TASK-PRTM08062022',	'PR003',	52,	'Ya',	'',	'Unit',	'',	'2022-06-08 05:22:54',	'2022-06-08 05:22:54',	'0000-00-00 00:00:00',	0),
(911,	'TASK-PRTM08062022',	'PR003',	53,	'Ya',	'',	'Unit',	'',	'2022-06-08 05:22:54',	'2022-06-08 05:22:54',	'0000-00-00 00:00:00',	0),
(912,	'TASK-PRTM08062022',	'PR003',	54,	'Tidak',	'',	'Sesuai Kebutuhan',	'',	'2022-06-08 05:22:54',	'2022-06-08 05:22:54',	'0000-00-00 00:00:00',	0),
(913,	'TASK-PRTM08062022',	'PR003',	55,	'Ya',	'',	'Sesuai Kebutuhan',	'',	'2022-06-08 05:22:54',	'2022-06-08 05:22:54',	'0000-00-00 00:00:00',	0),
(914,	'TASK-PRTM08062022',	'PR003',	56,	'Ya',	'',	'Sesuai Kebutuhan',	'',	'2022-06-08 05:22:54',	'2022-06-08 05:22:54',	'0000-00-00 00:00:00',	0),
(915,	'TASK-PRTM08062022',	'PR003',	57,	'Tidak',	'',	'Sesuai Kebutuhan',	'blm ada',	'2022-06-08 05:22:54',	'2022-06-08 05:22:54',	'0000-00-00 00:00:00',	0),
(916,	'TASK-PRTM08062022',	'PR003',	58,	'Ya',	'',	'Sesuai Kebutuhan',	'revisi',	'2022-06-08 05:22:54',	'2022-06-08 05:22:54',	'0000-00-00 00:00:00',	0),
(917,	'TASK-PRTM08062022',	'PR003',	59,	'Tidak',	'',	'Sesuai Kebutuhan',	'kop klinik',	'2022-06-08 05:22:54',	'2022-06-08 05:22:54',	'0000-00-00 00:00:00',	0),
(918,	'TASK-PRTM08062022',	'PR003',	60,	'Tidak',	'',	'Sesuai Kebutuhan',	'kop klinik',	'2022-06-08 05:22:54',	'2022-06-08 05:22:54',	'0000-00-00 00:00:00',	0),
(919,	'TASK-PRTM08062022',	'PR003',	61,	'Tidak',	'',	'Buah',	'',	'2022-06-08 05:22:54',	'2022-06-08 05:22:54',	'0000-00-00 00:00:00',	0),
(920,	'TASK-PRTM08062022',	'PR003',	62,	'Ya',	'',	'Sesuai Kebutuhan',	'',	'2022-06-08 05:22:54',	'2022-06-08 05:22:54',	'0000-00-00 00:00:00',	0),
(921,	'TASK-PRTM08062022',	'PR003',	63,	'Ya',	'',	'Sesuai Kebutuhan',	'',	'2022-06-08 05:22:54',	'2022-06-08 05:22:54',	'0000-00-00 00:00:00',	0),
(922,	'TASK-PRTM08062022',	'PR003',	64,	'Ya',	'',	'Sesuai Kebutuhan',	'',	'2022-06-08 05:22:54',	'2022-06-08 05:22:54',	'0000-00-00 00:00:00',	0),
(923,	'TASK-PRTM08062022',	'PR003',	65,	'Ya',	'',	'Sesuai Kebutuhan',	'',	'2022-06-08 05:22:54',	'2022-06-08 05:22:54',	'0000-00-00 00:00:00',	0),
(924,	'TASK-PRTM08062022',	'PR003',	66,	'Ya',	'',	'Sesuai Kebutuhan',	'',	'2022-06-08 05:22:54',	'2022-06-08 05:22:54',	'0000-00-00 00:00:00',	0),
(925,	'TASK-PRTM08062022',	'PR004',	1,	'Ya',	'',	'Buah',	'',	'2022-06-08 07:28:59',	'2022-06-08 07:28:59',	'0000-00-00 00:00:00',	0),
(926,	'TASK-PRTM08062022',	'PR004',	2,	'Tidak',	'',	'Set',	'',	'2022-06-08 07:28:59',	'2022-06-08 07:28:59',	'0000-00-00 00:00:00',	0),
(927,	'TASK-PRTM08062022',	'PR004',	3,	'Ya',	'',	'Buah',	'',	'2022-06-08 07:28:59',	'2022-06-08 07:28:59',	'0000-00-00 00:00:00',	0),
(928,	'TASK-PRTM08062022',	'PR004',	4,	'Tidak',	'',	'',	'',	'2022-06-08 07:28:59',	'2022-06-08 07:28:59',	'0000-00-00 00:00:00',	0),
(929,	'TASK-PRTM08062022',	'PR004',	5,	'Ya',	'',	'Buah',	'',	'2022-06-08 07:28:59',	'2022-06-08 07:28:59',	'0000-00-00 00:00:00',	0),
(930,	'TASK-PRTM08062022',	'PR004',	6,	'Tidak',	'',	'Set',	'',	'2022-06-08 07:28:59',	'2022-06-08 07:28:59',	'0000-00-00 00:00:00',	0),
(931,	'TASK-PRTM08062022',	'PR004',	7,	'Tidak',	'',	'Set',	'',	'2022-06-08 07:28:59',	'2022-06-08 07:28:59',	'0000-00-00 00:00:00',	0),
(932,	'TASK-PRTM08062022',	'PR004',	8,	'Tidak',	'',	'Buah',	'',	'2022-06-08 07:28:59',	'2022-06-08 07:28:59',	'0000-00-00 00:00:00',	0),
(933,	'TASK-PRTM08062022',	'PR004',	9,	'Tidak',	'',	'Buah',	'',	'2022-06-08 07:28:59',	'2022-06-08 07:28:59',	'0000-00-00 00:00:00',	0),
(934,	'TASK-PRTM08062022',	'PR004',	10,	'Ya',	'',	'Buah',	'',	'2022-06-08 07:28:59',	'2022-06-08 07:28:59',	'0000-00-00 00:00:00',	0),
(935,	'TASK-PRTM08062022',	'PR004',	11,	'Ya',	'',	'Buah',	'',	'2022-06-08 07:28:59',	'2022-06-08 07:28:59',	'0000-00-00 00:00:00',	0),
(936,	'TASK-PRTM08062022',	'PR004',	12,	'Tidak',	'',	'Buah',	'',	'2022-06-08 07:28:59',	'2022-06-08 07:28:59',	'0000-00-00 00:00:00',	0),
(937,	'TASK-PRTM08062022',	'PR004',	13,	'Tidak',	'',	'Buah',	'',	'2022-06-08 07:28:59',	'2022-06-08 07:28:59',	'0000-00-00 00:00:00',	0),
(938,	'TASK-PRTM08062022',	'PR004',	14,	'Ya',	'',	'Buah',	'',	'2022-06-08 07:28:59',	'2022-06-08 07:28:59',	'0000-00-00 00:00:00',	0),
(939,	'TASK-PRTM08062022',	'PR004',	15,	'Ya',	'',	'Sesuai Kebutuhan',	'',	'2022-06-08 07:28:59',	'2022-06-08 07:28:59',	'0000-00-00 00:00:00',	0),
(940,	'TASK-PRTM08062022',	'PR004',	16,	'Tidak',	'',	'Buah',	'',	'2022-06-08 07:28:59',	'2022-06-08 07:28:59',	'0000-00-00 00:00:00',	0),
(941,	'TASK-PRTM08062022',	'PR004',	17,	'Tidak',	'',	'Buah',	'',	'2022-06-08 07:28:59',	'2022-06-08 07:28:59',	'0000-00-00 00:00:00',	0),
(942,	'TASK-PRTM08062022',	'PR004',	18,	'Tidak',	'',	'Set',	'',	'2022-06-08 07:28:59',	'2022-06-08 07:28:59',	'0000-00-00 00:00:00',	0),
(943,	'TASK-PRTM08062022',	'PR004',	19,	'Tidak',	'',	'Buah',	'',	'2022-06-08 07:28:59',	'2022-06-08 07:28:59',	'0000-00-00 00:00:00',	0),
(944,	'TASK-PRTM08062022',	'PR004',	20,	'Tidak',	'',	'Buah',	'',	'2022-06-08 07:28:59',	'2022-06-08 07:28:59',	'0000-00-00 00:00:00',	0),
(945,	'TASK-PRTM08062022',	'PR004',	21,	'Tidak',	'',	'Buah',	'',	'2022-06-08 07:28:59',	'2022-06-08 07:28:59',	'0000-00-00 00:00:00',	0),
(946,	'TASK-PRTM08062022',	'PR004',	22,	'Tidak',	'',	'Buah',	'',	'2022-06-08 07:28:59',	'2022-06-08 07:28:59',	'0000-00-00 00:00:00',	0),
(947,	'TASK-PRTM08062022',	'PR004',	23,	'Ya',	'',	'Buah',	'',	'2022-06-08 07:28:59',	'2022-06-08 07:28:59',	'0000-00-00 00:00:00',	0),
(948,	'TASK-PRTM08062022',	'PR004',	24,	'Ya',	'',	'Sesuai Kebutuhan',	'',	'2022-06-08 07:28:59',	'2022-06-08 07:28:59',	'0000-00-00 00:00:00',	0),
(949,	'TASK-PRTM08062022',	'PR004',	25,	'Ya',	'',	'Buah',	'',	'2022-06-08 07:28:59',	'2022-06-08 07:28:59',	'0000-00-00 00:00:00',	0),
(950,	'TASK-PRTM08062022',	'PR004',	26,	'Ya',	'',	'Buah',	'',	'2022-06-08 07:28:59',	'2022-06-08 07:28:59',	'0000-00-00 00:00:00',	0),
(951,	'TASK-PRTM08062022',	'PR004',	27,	'Ya',	'',	'Buah',	'',	'2022-06-08 07:28:59',	'2022-06-08 07:28:59',	'0000-00-00 00:00:00',	0),
(952,	'TASK-PRTM08062022',	'PR004',	28,	'Ya',	'',	'Buah',	'',	'2022-06-08 07:28:59',	'2022-06-08 07:28:59',	'0000-00-00 00:00:00',	0),
(953,	'TASK-PRTM08062022',	'PR004',	29,	'Ya',	'',	'Sesuai Kebutuhan',	'',	'2022-06-08 07:28:59',	'2022-06-08 07:28:59',	'0000-00-00 00:00:00',	0),
(954,	'TASK-PRTM08062022',	'PR004',	30,	'Ya',	'',	'Sesuai Kebutuhan',	'',	'2022-06-08 07:28:59',	'2022-06-08 07:28:59',	'0000-00-00 00:00:00',	0),
(955,	'TASK-PRTM08062022',	'PR004',	31,	'Ya',	'',	'Sesuai Kebutuhan',	'',	'2022-06-08 07:28:59',	'2022-06-08 07:28:59',	'0000-00-00 00:00:00',	0),
(956,	'TASK-PRTM08062022',	'PR004',	32,	'Ya',	'',	'Sesuai Kebutuhan',	'',	'2022-06-08 07:28:59',	'2022-06-08 07:28:59',	'0000-00-00 00:00:00',	0),
(957,	'TASK-PRTM08062022',	'PR004',	33,	'Ya',	'',	'Sesuai Kebutuhan',	'',	'2022-06-08 07:28:59',	'2022-06-08 07:28:59',	'0000-00-00 00:00:00',	0),
(958,	'TASK-PRTM08062022',	'PR004',	34,	'Ya',	'',	'Sesuai Kebutuhan',	'',	'2022-06-08 07:28:59',	'2022-06-08 07:28:59',	'0000-00-00 00:00:00',	0),
(959,	'TASK-PRTM08062022',	'PR004',	35,	'Ya',	'',	'Sesuai Kebutuhan',	'',	'2022-06-08 07:28:59',	'2022-06-08 07:28:59',	'0000-00-00 00:00:00',	0),
(960,	'TASK-PRTM08062022',	'PR004',	36,	'Ya',	'',	'Sesuai Kebutuhan',	'',	'2022-06-08 07:28:59',	'2022-06-08 07:28:59',	'0000-00-00 00:00:00',	0),
(961,	'TASK-PRTM08062022',	'PR004',	37,	'Ya',	'',	'Buah',	'',	'2022-06-08 07:28:59',	'2022-06-08 07:28:59',	'0000-00-00 00:00:00',	0),
(962,	'TASK-PRTM08062022',	'PR004',	38,	'Tidak',	'',	'Buah',	'',	'2022-06-08 07:28:59',	'2022-06-08 07:28:59',	'0000-00-00 00:00:00',	0),
(963,	'TASK-PRTM08062022',	'PR004',	39,	'Tidak',	'',	'Set',	'',	'2022-06-08 07:28:59',	'2022-06-08 07:28:59',	'0000-00-00 00:00:00',	0),
(964,	'TASK-PRTM08062022',	'PR004',	40,	'Tidak',	'',	'Buah',	'',	'2022-06-08 07:28:59',	'2022-06-08 07:28:59',	'0000-00-00 00:00:00',	0),
(965,	'TASK-PRTM08062022',	'PR004',	41,	'Tidak',	'',	'Buah',	'',	'2022-06-08 07:28:59',	'2022-06-08 07:28:59',	'0000-00-00 00:00:00',	0),
(966,	'TASK-PRTM08062022',	'PR004',	42,	'Tidak',	'',	'Buah',	'',	'2022-06-08 07:28:59',	'2022-06-08 07:28:59',	'0000-00-00 00:00:00',	0),
(967,	'TASK-PRTM08062022',	'PR004',	43,	'Ya',	'',	'Buah',	'',	'2022-06-08 07:28:59',	'2022-06-08 07:28:59',	'0000-00-00 00:00:00',	0),
(968,	'TASK-PRTM08062022',	'PR004',	44,	'Ya',	'',	'Buah',	'',	'2022-06-08 07:28:59',	'2022-06-08 07:28:59',	'0000-00-00 00:00:00',	0),
(969,	'TASK-PRTM08062022',	'PR004',	45,	'Ya',	'',	'Buah',	'',	'2022-06-08 07:28:59',	'2022-06-08 07:28:59',	'0000-00-00 00:00:00',	0),
(970,	'TASK-PRTM08062022',	'PR004',	46,	'Ya',	'',	'Buah',	'',	'2022-06-08 07:28:59',	'2022-06-08 07:28:59',	'0000-00-00 00:00:00',	0),
(971,	'TASK-PRTM08062022',	'PR004',	47,	'Ya',	'',	'Buah',	'',	'2022-06-08 07:28:59',	'2022-06-08 07:28:59',	'0000-00-00 00:00:00',	0),
(972,	'TASK-PRTM08062022',	'PR004',	48,	'Ya',	'',	'Buah',	'',	'2022-06-08 07:28:59',	'2022-06-08 07:28:59',	'0000-00-00 00:00:00',	0),
(973,	'TASK-PRTM08062022',	'PR004',	49,	'Ya',	'',	'Buah',	'',	'2022-06-08 07:28:59',	'2022-06-08 07:28:59',	'0000-00-00 00:00:00',	0),
(974,	'TASK-PRTM08062022',	'PR004',	50,	'Ya',	'',	'Buah',	'',	'2022-06-08 07:28:59',	'2022-06-08 07:28:59',	'0000-00-00 00:00:00',	0),
(975,	'TASK-PRTM08062022',	'PR004',	51,	'Ya',	'',	'Unit',	'',	'2022-06-08 07:28:59',	'2022-06-08 07:28:59',	'0000-00-00 00:00:00',	0),
(976,	'TASK-PRTM08062022',	'PR004',	52,	'Ya',	'',	'Unit',	'',	'2022-06-08 07:28:59',	'2022-06-08 07:28:59',	'0000-00-00 00:00:00',	0),
(977,	'TASK-PRTM08062022',	'PR004',	53,	'Ya',	'',	'Unit',	'',	'2022-06-08 07:28:59',	'2022-06-08 07:28:59',	'0000-00-00 00:00:00',	0),
(978,	'TASK-PRTM08062022',	'PR004',	54,	'Ya',	'',	'Sesuai Kebutuhan',	'',	'2022-06-08 07:28:59',	'2022-06-08 07:28:59',	'0000-00-00 00:00:00',	0),
(979,	'TASK-PRTM08062022',	'PR004',	55,	'Ya',	'',	'Sesuai Kebutuhan',	'',	'2022-06-08 07:28:59',	'2022-06-08 07:28:59',	'0000-00-00 00:00:00',	0),
(980,	'TASK-PRTM08062022',	'PR004',	56,	'Ya',	'',	'Sesuai Kebutuhan',	'',	'2022-06-08 07:28:59',	'2022-06-08 07:28:59',	'0000-00-00 00:00:00',	0),
(981,	'TASK-PRTM08062022',	'PR004',	57,	'Ya',	'',	'Sesuai Kebutuhan',	'',	'2022-06-08 07:28:59',	'2022-06-08 07:28:59',	'0000-00-00 00:00:00',	0),
(982,	'TASK-PRTM08062022',	'PR004',	58,	'Tidak',	'',	'Sesuai Kebutuhan',	'',	'2022-06-08 07:28:59',	'2022-06-08 07:28:59',	'0000-00-00 00:00:00',	0),
(983,	'TASK-PRTM08062022',	'PR004',	59,	'Tidak',	'',	'Sesuai Kebutuhan',	'',	'2022-06-08 07:28:59',	'2022-06-08 07:28:59',	'0000-00-00 00:00:00',	0),
(984,	'TASK-PRTM08062022',	'PR004',	60,	'Tidak',	'',	'Sesuai Kebutuhan',	'',	'2022-06-08 07:28:59',	'2022-06-08 07:28:59',	'0000-00-00 00:00:00',	0),
(985,	'TASK-PRTM08062022',	'PR004',	61,	'Tidak',	'',	'Buah',	'',	'2022-06-08 07:28:59',	'2022-06-08 07:28:59',	'0000-00-00 00:00:00',	0),
(986,	'TASK-PRTM08062022',	'PR004',	62,	'Tidak',	'',	'Sesuai Kebutuhan',	'',	'2022-06-08 07:28:59',	'2022-06-08 07:28:59',	'0000-00-00 00:00:00',	0),
(987,	'TASK-PRTM08062022',	'PR004',	63,	'Tidak',	'',	'Sesuai Kebutuhan',	'',	'2022-06-08 07:28:59',	'2022-06-08 07:28:59',	'0000-00-00 00:00:00',	0),
(988,	'TASK-PRTM08062022',	'PR004',	64,	'Tidak',	'',	'Sesuai Kebutuhan',	'',	'2022-06-08 07:28:59',	'2022-06-08 07:28:59',	'0000-00-00 00:00:00',	0),
(989,	'TASK-PRTM08062022',	'PR004',	65,	'Tidak',	'',	'Sesuai Kebutuhan',	'',	'2022-06-08 07:28:59',	'2022-06-08 07:28:59',	'0000-00-00 00:00:00',	0),
(990,	'TASK-PRTM08062022',	'PR004',	66,	'Tidak',	'',	'Sesuai Kebutuhan',	'',	'2022-06-08 07:28:59',	'2022-06-08 07:28:59',	'0000-00-00 00:00:00',	0),
(991,	'TASK-PRTM09062022',	'PR007',	1,	'Ya',	'',	'Buah',	'',	'2022-06-09 00:38:06',	'2022-06-09 00:38:06',	'0000-00-00 00:00:00',	0),
(992,	'TASK-PRTM09062022',	'PR007',	2,	'Tidak',	'',	'Set',	'',	'2022-06-09 00:38:06',	'2022-06-09 00:38:06',	'0000-00-00 00:00:00',	0),
(993,	'TASK-PRTM09062022',	'PR007',	3,	'Ya',	'',	'Buah',	'',	'2022-06-09 00:38:06',	'2022-06-09 00:38:06',	'0000-00-00 00:00:00',	0),
(994,	'TASK-PRTM09062022',	'PR007',	4,	'Tidak',	'',	'',	'',	'2022-06-09 00:38:06',	'2022-06-09 00:38:06',	'0000-00-00 00:00:00',	0),
(995,	'TASK-PRTM09062022',	'PR007',	5,	'Tidak',	'',	'Buah',	'',	'2022-06-09 00:38:06',	'2022-06-09 00:38:06',	'0000-00-00 00:00:00',	0),
(996,	'TASK-PRTM09062022',	'PR007',	6,	'Tidak',	'',	'Set',	'',	'2022-06-09 00:38:06',	'2022-06-09 00:38:06',	'0000-00-00 00:00:00',	0),
(997,	'TASK-PRTM09062022',	'PR007',	7,	'Tidak',	'',	'Set',	'',	'2022-06-09 00:38:06',	'2022-06-09 00:38:06',	'0000-00-00 00:00:00',	0),
(998,	'TASK-PRTM09062022',	'PR007',	8,	'Ya',	'',	'Buah',	'',	'2022-06-09 00:38:06',	'2022-06-09 00:38:06',	'0000-00-00 00:00:00',	0),
(999,	'TASK-PRTM09062022',	'PR007',	9,	'Ya',	'',	'Buah',	'',	'2022-06-09 00:38:06',	'2022-06-09 00:38:06',	'0000-00-00 00:00:00',	0),
(1000,	'TASK-PRTM09062022',	'PR007',	10,	'Ya',	'',	'Buah',	'',	'2022-06-09 00:38:06',	'2022-06-09 00:38:06',	'0000-00-00 00:00:00',	0),
(1001,	'TASK-PRTM09062022',	'PR007',	11,	'Ya',	'',	'Buah',	'',	'2022-06-09 00:38:06',	'2022-06-09 00:38:06',	'0000-00-00 00:00:00',	0),
(1002,	'TASK-PRTM09062022',	'PR007',	12,	'Tidak',	'',	'Buah',	'',	'2022-06-09 00:38:06',	'2022-06-09 00:38:06',	'0000-00-00 00:00:00',	0),
(1003,	'TASK-PRTM09062022',	'PR007',	13,	'Tidak',	'',	'Buah',	'',	'2022-06-09 00:38:06',	'2022-06-09 00:38:06',	'0000-00-00 00:00:00',	0),
(1004,	'TASK-PRTM09062022',	'PR007',	14,	'Ya',	'',	'Buah',	'',	'2022-06-09 00:38:06',	'2022-06-09 00:38:06',	'0000-00-00 00:00:00',	0),
(1005,	'TASK-PRTM09062022',	'PR007',	15,	'Ya',	'',	'Sesuai Kebutuhan',	'',	'2022-06-09 00:38:06',	'2022-06-09 00:38:06',	'0000-00-00 00:00:00',	0),
(1006,	'TASK-PRTM09062022',	'PR007',	16,	'Tidak',	'',	'Buah',	'',	'2022-06-09 00:38:06',	'2022-06-09 00:38:06',	'0000-00-00 00:00:00',	0),
(1007,	'TASK-PRTM09062022',	'PR007',	17,	'Tidak',	'',	'Buah',	'',	'2022-06-09 00:38:06',	'2022-06-09 00:38:06',	'0000-00-00 00:00:00',	0),
(1008,	'TASK-PRTM09062022',	'PR007',	18,	'Tidak',	'',	'Set',	'',	'2022-06-09 00:38:06',	'2022-06-09 00:38:06',	'0000-00-00 00:00:00',	0),
(1009,	'TASK-PRTM09062022',	'PR007',	19,	'Tidak',	'',	'Buah',	'',	'2022-06-09 00:38:06',	'2022-06-09 00:38:06',	'0000-00-00 00:00:00',	0),
(1010,	'TASK-PRTM09062022',	'PR007',	20,	'Tidak',	'',	'Buah',	'',	'2022-06-09 00:38:06',	'2022-06-09 00:38:06',	'0000-00-00 00:00:00',	0),
(1011,	'TASK-PRTM09062022',	'PR007',	21,	'Tidak',	'',	'Buah',	'',	'2022-06-09 00:38:06',	'2022-06-09 00:38:06',	'0000-00-00 00:00:00',	0),
(1012,	'TASK-PRTM09062022',	'PR007',	22,	'Tidak',	'',	'Buah',	'',	'2022-06-09 00:38:06',	'2022-06-09 00:38:06',	'0000-00-00 00:00:00',	0),
(1013,	'TASK-PRTM09062022',	'PR007',	23,	'Ya',	'',	'Buah',	'',	'2022-06-09 00:38:06',	'2022-06-09 00:38:06',	'0000-00-00 00:00:00',	0),
(1014,	'TASK-PRTM09062022',	'PR007',	24,	'Ya',	'',	'Sesuai Kebutuhan',	'',	'2022-06-09 00:38:06',	'2022-06-09 00:38:06',	'0000-00-00 00:00:00',	0),
(1015,	'TASK-PRTM09062022',	'PR007',	25,	'Ya',	'',	'Buah',	'',	'2022-06-09 00:38:06',	'2022-06-09 00:38:06',	'0000-00-00 00:00:00',	0),
(1016,	'TASK-PRTM09062022',	'PR007',	26,	'Ya',	'',	'Buah',	'',	'2022-06-09 00:38:06',	'2022-06-09 00:38:06',	'0000-00-00 00:00:00',	0),
(1017,	'TASK-PRTM09062022',	'PR007',	27,	'Ya',	'',	'Buah',	'',	'2022-06-09 00:38:06',	'2022-06-09 00:38:06',	'0000-00-00 00:00:00',	0),
(1018,	'TASK-PRTM09062022',	'PR007',	28,	'Ya',	'',	'Buah',	'',	'2022-06-09 00:38:06',	'2022-06-09 00:38:06',	'0000-00-00 00:00:00',	0),
(1019,	'TASK-PRTM09062022',	'PR007',	29,	'Tidak',	'',	'Sesuai Kebutuhan',	'',	'2022-06-09 00:38:06',	'2022-06-09 00:38:06',	'0000-00-00 00:00:00',	0),
(1020,	'TASK-PRTM09062022',	'PR007',	30,	'Tidak',	'',	'Sesuai Kebutuhan',	'',	'2022-06-09 00:38:06',	'2022-06-09 00:38:06',	'0000-00-00 00:00:00',	0),
(1021,	'TASK-PRTM09062022',	'PR007',	31,	'Ya',	'',	'Sesuai Kebutuhan',	'',	'2022-06-09 00:38:06',	'2022-06-09 00:38:06',	'0000-00-00 00:00:00',	0),
(1022,	'TASK-PRTM09062022',	'PR007',	32,	'Ya',	'',	'Sesuai Kebutuhan',	'',	'2022-06-09 00:38:06',	'2022-06-09 00:38:06',	'0000-00-00 00:00:00',	0),
(1023,	'TASK-PRTM09062022',	'PR007',	33,	'Ya',	'',	'Sesuai Kebutuhan',	'',	'2022-06-09 00:38:06',	'2022-06-09 00:38:06',	'0000-00-00 00:00:00',	0),
(1024,	'TASK-PRTM09062022',	'PR007',	34,	'Ya',	'',	'Sesuai Kebutuhan',	'',	'2022-06-09 00:38:06',	'2022-06-09 00:38:06',	'0000-00-00 00:00:00',	0),
(1025,	'TASK-PRTM09062022',	'PR007',	35,	'Ya',	'',	'Sesuai Kebutuhan',	'',	'2022-06-09 00:38:06',	'2022-06-09 00:38:06',	'0000-00-00 00:00:00',	0),
(1026,	'TASK-PRTM09062022',	'PR007',	36,	'Ya',	'',	'Sesuai Kebutuhan',	'',	'2022-06-09 00:38:06',	'2022-06-09 00:38:06',	'0000-00-00 00:00:00',	0),
(1027,	'TASK-PRTM09062022',	'PR007',	37,	'Ya',	'',	'Buah',	'',	'2022-06-09 00:38:06',	'2022-06-09 00:38:06',	'0000-00-00 00:00:00',	0),
(1028,	'TASK-PRTM09062022',	'PR007',	38,	'Ya',	'',	'Buah',	'',	'2022-06-09 00:38:06',	'2022-06-09 00:38:06',	'0000-00-00 00:00:00',	0),
(1029,	'TASK-PRTM09062022',	'PR007',	39,	'Tidak',	'',	'Set',	'',	'2022-06-09 00:38:06',	'2022-06-09 00:38:06',	'0000-00-00 00:00:00',	0),
(1030,	'TASK-PRTM09062022',	'PR007',	40,	'Tidak',	'',	'Buah',	'',	'2022-06-09 00:38:06',	'2022-06-09 00:38:06',	'0000-00-00 00:00:00',	0),
(1031,	'TASK-PRTM09062022',	'PR007',	41,	'Ya',	'',	'Buah',	'',	'2022-06-09 00:38:06',	'2022-06-09 00:38:06',	'0000-00-00 00:00:00',	0),
(1032,	'TASK-PRTM09062022',	'PR007',	42,	'Ya',	'',	'Buah',	'',	'2022-06-09 00:38:06',	'2022-06-09 00:38:06',	'0000-00-00 00:00:00',	0),
(1033,	'TASK-PRTM09062022',	'PR007',	43,	'Ya',	'',	'Buah',	'',	'2022-06-09 00:38:06',	'2022-06-09 00:38:06',	'0000-00-00 00:00:00',	0),
(1034,	'TASK-PRTM09062022',	'PR007',	44,	'Ya',	'',	'Buah',	'',	'2022-06-09 00:38:06',	'2022-06-09 00:38:06',	'0000-00-00 00:00:00',	0),
(1035,	'TASK-PRTM09062022',	'PR007',	45,	'Tidak',	'',	'Buah',	'',	'2022-06-09 00:38:06',	'2022-06-09 00:38:06',	'0000-00-00 00:00:00',	0),
(1036,	'TASK-PRTM09062022',	'PR007',	46,	'Ya',	'',	'Buah',	'',	'2022-06-09 00:38:06',	'2022-06-09 00:38:06',	'0000-00-00 00:00:00',	0),
(1037,	'TASK-PRTM09062022',	'PR007',	47,	'Ya',	'',	'Buah',	'',	'2022-06-09 00:38:06',	'2022-06-09 00:38:06',	'0000-00-00 00:00:00',	0),
(1038,	'TASK-PRTM09062022',	'PR007',	48,	'Ya',	'',	'Buah',	'',	'2022-06-09 00:38:06',	'2022-06-09 00:38:06',	'0000-00-00 00:00:00',	0),
(1039,	'TASK-PRTM09062022',	'PR007',	49,	'Ya',	'',	'Buah',	'',	'2022-06-09 00:38:06',	'2022-06-09 00:38:06',	'0000-00-00 00:00:00',	0),
(1040,	'TASK-PRTM09062022',	'PR007',	50,	'Ya',	'',	'Buah',	'',	'2022-06-09 00:38:06',	'2022-06-09 00:38:06',	'0000-00-00 00:00:00',	0),
(1041,	'TASK-PRTM09062022',	'PR007',	51,	'Ya',	'',	'Unit',	'',	'2022-06-09 00:38:06',	'2022-06-09 00:38:06',	'0000-00-00 00:00:00',	0),
(1042,	'TASK-PRTM09062022',	'PR007',	52,	'Ya',	'',	'Unit',	'',	'2022-06-09 00:38:06',	'2022-06-09 00:38:06',	'0000-00-00 00:00:00',	0),
(1043,	'TASK-PRTM09062022',	'PR007',	53,	'Ya',	'',	'Unit',	'',	'2022-06-09 00:38:06',	'2022-06-09 00:38:06',	'0000-00-00 00:00:00',	0),
(1044,	'TASK-PRTM09062022',	'PR007',	54,	'Tidak',	'',	'Sesuai Kebutuhan',	'Penamaan lab dihilangkan',	'2022-06-09 00:38:06',	'2022-06-09 00:38:06',	'0000-00-00 00:00:00',	0),
(1045,	'TASK-PRTM09062022',	'PR007',	55,	'Ya',	'',	'Sesuai Kebutuhan',	'',	'2022-06-09 00:38:06',	'2022-06-09 00:38:06',	'0000-00-00 00:00:00',	0),
(1046,	'TASK-PRTM09062022',	'PR007',	56,	'Ya',	'',	'Sesuai Kebutuhan',	'',	'2022-06-09 00:38:06',	'2022-06-09 00:38:06',	'0000-00-00 00:00:00',	0),
(1047,	'TASK-PRTM09062022',	'PR007',	57,	'Tidak',	'',	'Sesuai Kebutuhan',	'',	'2022-06-09 00:38:06',	'2022-06-09 00:38:06',	'0000-00-00 00:00:00',	0),
(1048,	'TASK-PRTM09062022',	'PR007',	58,	'Ya',	'',	'Sesuai Kebutuhan',	'',	'2022-06-09 00:38:06',	'2022-06-09 00:38:06',	'0000-00-00 00:00:00',	0),
(1049,	'TASK-PRTM09062022',	'PR007',	59,	'Ya',	'',	'Sesuai Kebutuhan',	'',	'2022-06-09 00:38:06',	'2022-06-09 00:38:06',	'0000-00-00 00:00:00',	0),
(1050,	'TASK-PRTM09062022',	'PR007',	60,	'Ya',	'',	'Sesuai Kebutuhan',	'',	'2022-06-09 00:38:06',	'2022-06-09 00:38:06',	'0000-00-00 00:00:00',	0),
(1051,	'TASK-PRTM09062022',	'PR007',	61,	'Ya',	'',	'Buah',	'',	'2022-06-09 00:38:06',	'2022-06-09 00:38:06',	'0000-00-00 00:00:00',	0),
(1052,	'TASK-PRTM09062022',	'PR007',	62,	'Ya',	'',	'Sesuai Kebutuhan',	'',	'2022-06-09 00:38:06',	'2022-06-09 00:38:06',	'0000-00-00 00:00:00',	0),
(1053,	'TASK-PRTM09062022',	'PR007',	63,	'Ya',	'',	'Sesuai Kebutuhan',	'',	'2022-06-09 00:38:06',	'2022-06-09 00:38:06',	'0000-00-00 00:00:00',	0),
(1054,	'TASK-PRTM09062022',	'PR007',	64,	'Tidak',	'',	'Sesuai Kebutuhan',	'',	'2022-06-09 00:38:06',	'2022-06-09 00:38:06',	'0000-00-00 00:00:00',	0),
(1055,	'TASK-PRTM09062022',	'PR007',	65,	'Ya',	'',	'Sesuai Kebutuhan',	'',	'2022-06-09 00:38:06',	'2022-06-09 00:38:06',	'0000-00-00 00:00:00',	0),
(1056,	'TASK-PRTM09062022',	'PR007',	66,	'Ya',	'',	'Sesuai Kebutuhan',	'',	'2022-06-09 00:38:06',	'2022-06-09 00:38:06',	'0000-00-00 00:00:00',	0),
(1057,	'TASK-PRTM09062022',	'PR005',	1,	'Ya',	'',	'Buah',	'',	'2022-06-09 01:12:41',	'2022-06-09 01:12:41',	'0000-00-00 00:00:00',	0),
(1058,	'TASK-PRTM09062022',	'PR005',	2,	'Tidak',	'',	'Set',	'',	'2022-06-09 01:12:41',	'2022-06-09 01:12:41',	'0000-00-00 00:00:00',	0),
(1059,	'TASK-PRTM09062022',	'PR005',	3,	'Tidak',	'',	'Buah',	'',	'2022-06-09 01:12:41',	'2022-06-09 01:12:41',	'0000-00-00 00:00:00',	0),
(1060,	'TASK-PRTM09062022',	'PR005',	4,	'Ya',	'',	'',	'',	'2022-06-09 01:12:41',	'2022-06-09 01:12:41',	'0000-00-00 00:00:00',	0),
(1061,	'TASK-PRTM09062022',	'PR005',	5,	'Ya',	'',	'Buah',	'',	'2022-06-09 01:12:41',	'2022-06-09 01:12:41',	'0000-00-00 00:00:00',	0),
(1062,	'TASK-PRTM09062022',	'PR005',	6,	'Tidak',	'',	'Set',	'',	'2022-06-09 01:12:41',	'2022-06-09 01:12:41',	'0000-00-00 00:00:00',	0),
(1063,	'TASK-PRTM09062022',	'PR005',	7,	'Tidak',	'',	'Set',	'',	'2022-06-09 01:12:41',	'2022-06-09 01:12:41',	'0000-00-00 00:00:00',	0),
(1064,	'TASK-PRTM09062022',	'PR005',	8,	'Ya',	'',	'Buah',	'',	'2022-06-09 01:12:41',	'2022-06-09 01:12:41',	'0000-00-00 00:00:00',	0),
(1065,	'TASK-PRTM09062022',	'PR005',	9,	'Tidak',	'',	'Buah',	'',	'2022-06-09 01:12:41',	'2022-06-09 01:12:41',	'0000-00-00 00:00:00',	0),
(1066,	'TASK-PRTM09062022',	'PR005',	10,	'Ya',	'',	'Buah',	'',	'2022-06-09 01:12:41',	'2022-06-09 01:12:41',	'0000-00-00 00:00:00',	0),
(1067,	'TASK-PRTM09062022',	'PR005',	11,	'Tidak',	'',	'Buah',	'',	'2022-06-09 01:12:41',	'2022-06-09 01:12:41',	'0000-00-00 00:00:00',	0),
(1068,	'TASK-PRTM09062022',	'PR005',	12,	'Tidak',	'',	'Buah',	'',	'2022-06-09 01:12:41',	'2022-06-09 01:12:41',	'0000-00-00 00:00:00',	0),
(1069,	'TASK-PRTM09062022',	'PR005',	13,	'Ya',	'',	'Buah',	'',	'2022-06-09 01:12:41',	'2022-06-09 01:12:41',	'0000-00-00 00:00:00',	0),
(1070,	'TASK-PRTM09062022',	'PR005',	14,	'Ya',	'',	'Buah',	'',	'2022-06-09 01:12:41',	'2022-06-09 01:12:41',	'0000-00-00 00:00:00',	0),
(1071,	'TASK-PRTM09062022',	'PR005',	15,	'Ya',	'',	'Sesuai Kebutuhan',	'',	'2022-06-09 01:12:41',	'2022-06-09 01:12:41',	'0000-00-00 00:00:00',	0),
(1072,	'TASK-PRTM09062022',	'PR005',	16,	'Tidak',	'',	'Buah',	'',	'2022-06-09 01:12:41',	'2022-06-09 01:12:41',	'0000-00-00 00:00:00',	0),
(1073,	'TASK-PRTM09062022',	'PR005',	17,	'Ya',	'',	'Buah',	'',	'2022-06-09 01:12:41',	'2022-06-09 01:12:41',	'0000-00-00 00:00:00',	0),
(1074,	'TASK-PRTM09062022',	'PR005',	18,	'Ya',	'',	'Set',	'',	'2022-06-09 01:12:41',	'2022-06-09 01:12:41',	'0000-00-00 00:00:00',	0),
(1075,	'TASK-PRTM09062022',	'PR005',	19,	'Ya',	'',	'Buah',	'',	'2022-06-09 01:12:41',	'2022-06-09 01:12:41',	'0000-00-00 00:00:00',	0),
(1076,	'TASK-PRTM09062022',	'PR005',	20,	'Tidak',	'',	'Buah',	'',	'2022-06-09 01:12:41',	'2022-06-09 01:12:41',	'0000-00-00 00:00:00',	0),
(1077,	'TASK-PRTM09062022',	'PR005',	21,	'Tidak',	'',	'Buah',	'',	'2022-06-09 01:12:41',	'2022-06-09 01:12:41',	'0000-00-00 00:00:00',	0),
(1078,	'TASK-PRTM09062022',	'PR005',	22,	'Tidak',	'',	'Buah',	'',	'2022-06-09 01:12:41',	'2022-06-09 01:12:41',	'0000-00-00 00:00:00',	0),
(1079,	'TASK-PRTM09062022',	'PR005',	23,	'Ya',	'',	'Buah',	'',	'2022-06-09 01:12:41',	'2022-06-09 01:12:41',	'0000-00-00 00:00:00',	0),
(1080,	'TASK-PRTM09062022',	'PR005',	24,	'Ya',	'',	'Sesuai Kebutuhan',	'',	'2022-06-09 01:12:41',	'2022-06-09 01:12:41',	'0000-00-00 00:00:00',	0),
(1081,	'TASK-PRTM09062022',	'PR005',	25,	'Ya',	'',	'Buah',	'',	'2022-06-09 01:12:41',	'2022-06-09 01:12:41',	'0000-00-00 00:00:00',	0),
(1082,	'TASK-PRTM09062022',	'PR005',	26,	'Ya',	'',	'Buah',	'',	'2022-06-09 01:12:41',	'2022-06-09 01:12:41',	'0000-00-00 00:00:00',	0),
(1083,	'TASK-PRTM09062022',	'PR005',	27,	'Ya',	'',	'Buah',	'',	'2022-06-09 01:12:41',	'2022-06-09 01:12:41',	'0000-00-00 00:00:00',	0),
(1084,	'TASK-PRTM09062022',	'PR005',	28,	'Ya',	'',	'Buah',	'',	'2022-06-09 01:12:41',	'2022-06-09 01:12:41',	'0000-00-00 00:00:00',	0),
(1085,	'TASK-PRTM09062022',	'PR005',	29,	'Ya',	'',	'Sesuai Kebutuhan',	'',	'2022-06-09 01:12:41',	'2022-06-09 01:12:41',	'0000-00-00 00:00:00',	0),
(1086,	'TASK-PRTM09062022',	'PR005',	30,	'Ya',	'',	'Sesuai Kebutuhan',	'',	'2022-06-09 01:12:41',	'2022-06-09 01:12:41',	'0000-00-00 00:00:00',	0),
(1087,	'TASK-PRTM09062022',	'PR005',	31,	'Ya',	'',	'Sesuai Kebutuhan',	'',	'2022-06-09 01:12:41',	'2022-06-09 01:12:41',	'0000-00-00 00:00:00',	0),
(1088,	'TASK-PRTM09062022',	'PR005',	32,	'Ya',	'',	'Sesuai Kebutuhan',	'',	'2022-06-09 01:12:41',	'2022-06-09 01:12:41',	'0000-00-00 00:00:00',	0),
(1089,	'TASK-PRTM09062022',	'PR005',	33,	'Ya',	'',	'Sesuai Kebutuhan',	'',	'2022-06-09 01:12:41',	'2022-06-09 01:12:41',	'0000-00-00 00:00:00',	0),
(1090,	'TASK-PRTM09062022',	'PR005',	34,	'Ya',	'',	'Sesuai Kebutuhan',	'',	'2022-06-09 01:12:41',	'2022-06-09 01:12:41',	'0000-00-00 00:00:00',	0),
(1091,	'TASK-PRTM09062022',	'PR005',	35,	'Ya',	'',	'Sesuai Kebutuhan',	'',	'2022-06-09 01:12:41',	'2022-06-09 01:12:41',	'0000-00-00 00:00:00',	0),
(1092,	'TASK-PRTM09062022',	'PR005',	36,	'Ya',	'',	'Sesuai Kebutuhan',	'',	'2022-06-09 01:12:41',	'2022-06-09 01:12:41',	'0000-00-00 00:00:00',	0),
(1093,	'TASK-PRTM09062022',	'PR005',	37,	'Tidak',	'',	'Buah',	'',	'2022-06-09 01:12:41',	'2022-06-09 01:12:41',	'0000-00-00 00:00:00',	0),
(1094,	'TASK-PRTM09062022',	'PR005',	38,	'Ya',	'',	'Buah',	'wastafell',	'2022-06-09 01:12:41',	'2022-06-09 01:12:41',	'0000-00-00 00:00:00',	0),
(1095,	'TASK-PRTM09062022',	'PR005',	39,	'Tidak',	'',	'Set',	'',	'2022-06-09 01:12:41',	'2022-06-09 01:12:41',	'0000-00-00 00:00:00',	0),
(1096,	'TASK-PRTM09062022',	'PR005',	40,	'Ya',	'',	'Buah',	'',	'2022-06-09 01:12:41',	'2022-06-09 01:12:41',	'0000-00-00 00:00:00',	0),
(1097,	'TASK-PRTM09062022',	'PR005',	41,	'Ya',	'',	'Buah',	'',	'2022-06-09 01:12:41',	'2022-06-09 01:12:41',	'0000-00-00 00:00:00',	0),
(1098,	'TASK-PRTM09062022',	'PR005',	42,	'Ya',	'',	'Buah',	'',	'2022-06-09 01:12:41',	'2022-06-09 01:12:41',	'0000-00-00 00:00:00',	0),
(1099,	'TASK-PRTM09062022',	'PR005',	43,	'Ya',	'',	'Buah',	'',	'2022-06-09 01:12:41',	'2022-06-09 01:12:41',	'0000-00-00 00:00:00',	0),
(1100,	'TASK-PRTM09062022',	'PR005',	44,	'Ya',	'',	'Buah',	'',	'2022-06-09 01:12:41',	'2022-06-09 01:12:41',	'0000-00-00 00:00:00',	0),
(1101,	'TASK-PRTM09062022',	'PR005',	45,	'Tidak',	'',	'Buah',	'',	'2022-06-09 01:12:41',	'2022-06-09 01:12:41',	'0000-00-00 00:00:00',	0),
(1102,	'TASK-PRTM09062022',	'PR005',	46,	'Ya',	'',	'Buah',	'',	'2022-06-09 01:12:41',	'2022-06-09 01:12:41',	'0000-00-00 00:00:00',	0),
(1103,	'TASK-PRTM09062022',	'PR005',	47,	'Ya',	'',	'Buah',	'',	'2022-06-09 01:12:41',	'2022-06-09 01:12:41',	'0000-00-00 00:00:00',	0),
(1104,	'TASK-PRTM09062022',	'PR005',	48,	'Ya',	'',	'Buah',	'',	'2022-06-09 01:12:41',	'2022-06-09 01:12:41',	'0000-00-00 00:00:00',	0),
(1105,	'TASK-PRTM09062022',	'PR005',	49,	'Ya',	'',	'Buah',	'',	'2022-06-09 01:12:41',	'2022-06-09 01:12:41',	'0000-00-00 00:00:00',	0),
(1106,	'TASK-PRTM09062022',	'PR005',	50,	'Ya',	'',	'Buah',	'',	'2022-06-09 01:12:41',	'2022-06-09 01:12:41',	'0000-00-00 00:00:00',	0),
(1107,	'TASK-PRTM09062022',	'PR005',	51,	'Ya',	'',	'Unit',	'',	'2022-06-09 01:12:41',	'2022-06-09 01:12:41',	'0000-00-00 00:00:00',	0),
(1108,	'TASK-PRTM09062022',	'PR005',	52,	'Ya',	'',	'Unit',	'',	'2022-06-09 01:12:41',	'2022-06-09 01:12:41',	'0000-00-00 00:00:00',	0),
(1109,	'TASK-PRTM09062022',	'PR005',	53,	'Ya',	'',	'Unit',	'',	'2022-06-09 01:12:41',	'2022-06-09 01:12:41',	'0000-00-00 00:00:00',	0),
(1110,	'TASK-PRTM09062022',	'PR005',	54,	'Ya',	'',	'Sesuai Kebutuhan',	'',	'2022-06-09 01:12:41',	'2022-06-09 01:12:41',	'0000-00-00 00:00:00',	0),
(1111,	'TASK-PRTM09062022',	'PR005',	55,	'Ya',	'',	'Sesuai Kebutuhan',	'',	'2022-06-09 01:12:41',	'2022-06-09 01:12:41',	'0000-00-00 00:00:00',	0),
(1112,	'TASK-PRTM09062022',	'PR005',	56,	'Ya',	'',	'Sesuai Kebutuhan',	'alamat',	'2022-06-09 01:12:41',	'2022-06-09 01:12:41',	'0000-00-00 00:00:00',	0),
(1113,	'TASK-PRTM09062022',	'PR005',	57,	'Tidak',	'',	'Sesuai Kebutuhan',	'alamat',	'2022-06-09 01:12:41',	'2022-06-09 01:12:41',	'0000-00-00 00:00:00',	0),
(1114,	'TASK-PRTM09062022',	'PR005',	58,	'Ya',	'',	'Sesuai Kebutuhan',	'',	'2022-06-09 01:12:41',	'2022-06-09 01:12:41',	'0000-00-00 00:00:00',	0),
(1115,	'TASK-PRTM09062022',	'PR005',	59,	'Ya',	'',	'Sesuai Kebutuhan',	'',	'2022-06-09 01:12:41',	'2022-06-09 01:12:41',	'0000-00-00 00:00:00',	0),
(1116,	'TASK-PRTM09062022',	'PR005',	60,	'Ya',	'',	'Sesuai Kebutuhan',	'',	'2022-06-09 01:12:41',	'2022-06-09 01:12:41',	'0000-00-00 00:00:00',	0),
(1117,	'TASK-PRTM09062022',	'PR005',	61,	'Tidak',	'',	'Buah',	'',	'2022-06-09 01:12:41',	'2022-06-09 01:12:41',	'0000-00-00 00:00:00',	0),
(1118,	'TASK-PRTM09062022',	'PR005',	62,	'Ya',	'',	'Sesuai Kebutuhan',	'',	'2022-06-09 01:12:41',	'2022-06-09 01:12:41',	'0000-00-00 00:00:00',	0),
(1119,	'TASK-PRTM09062022',	'PR005',	63,	'Ya',	'',	'Sesuai Kebutuhan',	'',	'2022-06-09 01:12:41',	'2022-06-09 01:12:41',	'0000-00-00 00:00:00',	0),
(1120,	'TASK-PRTM09062022',	'PR005',	64,	'Ya',	'',	'Sesuai Kebutuhan',	'',	'2022-06-09 01:12:41',	'2022-06-09 01:12:41',	'0000-00-00 00:00:00',	0),
(1121,	'TASK-PRTM09062022',	'PR005',	65,	'Ya',	'',	'Sesuai Kebutuhan',	'',	'2022-06-09 01:12:41',	'2022-06-09 01:12:41',	'0000-00-00 00:00:00',	0),
(1122,	'TASK-PRTM09062022',	'PR005',	66,	'Ya',	'',	'Sesuai Kebutuhan',	'',	'2022-06-09 01:12:41',	'2022-06-09 01:12:41',	'0000-00-00 00:00:00',	0),
(1123,	'TASK-PRTM09062022',	'PR006',	1,	'Ya',	'',	'Buah',	'',	'2022-06-09 02:29:02',	'2022-06-09 02:29:02',	'0000-00-00 00:00:00',	0),
(1124,	'TASK-PRTM09062022',	'PR006',	2,	'Tidak',	'',	'Set',	'',	'2022-06-09 02:29:02',	'2022-06-09 02:29:02',	'0000-00-00 00:00:00',	0),
(1125,	'TASK-PRTM09062022',	'PR006',	3,	'Tidak',	'',	'Buah',	'',	'2022-06-09 02:29:02',	'2022-06-09 02:29:02',	'0000-00-00 00:00:00',	0),
(1126,	'TASK-PRTM09062022',	'PR006',	4,	'Tidak',	'',	'',	'',	'2022-06-09 02:29:02',	'2022-06-09 02:29:02',	'0000-00-00 00:00:00',	0),
(1127,	'TASK-PRTM09062022',	'PR006',	5,	'Ya',	'',	'Buah',	'',	'2022-06-09 02:29:02',	'2022-06-09 02:29:02',	'0000-00-00 00:00:00',	0),
(1128,	'TASK-PRTM09062022',	'PR006',	6,	'Tidak',	'',	'Set',	'',	'2022-06-09 02:29:02',	'2022-06-09 02:29:02',	'0000-00-00 00:00:00',	0),
(1129,	'TASK-PRTM09062022',	'PR006',	7,	'Tidak',	'',	'Set',	'',	'2022-06-09 02:29:02',	'2022-06-09 02:29:02',	'0000-00-00 00:00:00',	0),
(1130,	'TASK-PRTM09062022',	'PR006',	8,	'Ya',	'',	'Buah',	'',	'2022-06-09 02:29:02',	'2022-06-09 02:29:02',	'0000-00-00 00:00:00',	0),
(1131,	'TASK-PRTM09062022',	'PR006',	9,	'Ya',	'',	'Buah',	'',	'2022-06-09 02:29:02',	'2022-06-09 02:29:02',	'0000-00-00 00:00:00',	0),
(1132,	'TASK-PRTM09062022',	'PR006',	10,	'Ya',	'',	'Buah',	'',	'2022-06-09 02:29:02',	'2022-06-09 02:29:02',	'0000-00-00 00:00:00',	0),
(1133,	'TASK-PRTM09062022',	'PR006',	11,	'Tidak',	'',	'Buah',	'',	'2022-06-09 02:29:02',	'2022-06-09 02:29:02',	'0000-00-00 00:00:00',	0),
(1134,	'TASK-PRTM09062022',	'PR006',	12,	'Tidak',	'',	'Buah',	'',	'2022-06-09 02:29:02',	'2022-06-09 02:29:02',	'0000-00-00 00:00:00',	0),
(1135,	'TASK-PRTM09062022',	'PR006',	13,	'Tidak',	'',	'Buah',	'',	'2022-06-09 02:29:02',	'2022-06-09 02:29:02',	'0000-00-00 00:00:00',	0),
(1136,	'TASK-PRTM09062022',	'PR006',	14,	'Tidak',	'',	'Buah',	'',	'2022-06-09 02:29:02',	'2022-06-09 02:29:02',	'0000-00-00 00:00:00',	0),
(1137,	'TASK-PRTM09062022',	'PR006',	15,	'Ya',	'',	'Sesuai Kebutuhan',	'',	'2022-06-09 02:29:02',	'2022-06-09 02:29:02',	'0000-00-00 00:00:00',	0),
(1138,	'TASK-PRTM09062022',	'PR006',	16,	'Tidak',	'',	'Buah',	'',	'2022-06-09 02:29:02',	'2022-06-09 02:29:02',	'0000-00-00 00:00:00',	0),
(1139,	'TASK-PRTM09062022',	'PR006',	17,	'Tidak',	'',	'Buah',	'',	'2022-06-09 02:29:02',	'2022-06-09 02:29:02',	'0000-00-00 00:00:00',	0),
(1140,	'TASK-PRTM09062022',	'PR006',	18,	'Tidak',	'',	'Set',	'',	'2022-06-09 02:29:02',	'2022-06-09 02:29:02',	'0000-00-00 00:00:00',	0),
(1141,	'TASK-PRTM09062022',	'PR006',	19,	'Tidak',	'',	'Buah',	'',	'2022-06-09 02:29:02',	'2022-06-09 02:29:02',	'0000-00-00 00:00:00',	0),
(1142,	'TASK-PRTM09062022',	'PR006',	20,	'Tidak',	'',	'Buah',	'',	'2022-06-09 02:29:02',	'2022-06-09 02:29:02',	'0000-00-00 00:00:00',	0),
(1143,	'TASK-PRTM09062022',	'PR006',	21,	'Tidak',	'',	'Buah',	'',	'2022-06-09 02:29:02',	'2022-06-09 02:29:02',	'0000-00-00 00:00:00',	0),
(1144,	'TASK-PRTM09062022',	'PR006',	22,	'Tidak',	'',	'Buah',	'',	'2022-06-09 02:29:02',	'2022-06-09 02:29:02',	'0000-00-00 00:00:00',	0),
(1145,	'TASK-PRTM09062022',	'PR006',	23,	'Ya',	'',	'Buah',	'',	'2022-06-09 02:29:02',	'2022-06-09 02:29:02',	'0000-00-00 00:00:00',	0),
(1146,	'TASK-PRTM09062022',	'PR006',	24,	'Tidak',	'',	'Sesuai Kebutuhan',	'',	'2022-06-09 02:29:02',	'2022-06-09 02:29:02',	'0000-00-00 00:00:00',	0),
(1147,	'TASK-PRTM09062022',	'PR006',	25,	'Ya',	'',	'Buah',	'',	'2022-06-09 02:29:02',	'2022-06-09 02:29:02',	'0000-00-00 00:00:00',	0),
(1148,	'TASK-PRTM09062022',	'PR006',	26,	'Ya',	'',	'Buah',	'',	'2022-06-09 02:29:02',	'2022-06-09 02:29:02',	'0000-00-00 00:00:00',	0),
(1149,	'TASK-PRTM09062022',	'PR006',	27,	'Ya',	'',	'Buah',	'',	'2022-06-09 02:29:02',	'2022-06-09 02:29:02',	'0000-00-00 00:00:00',	0),
(1150,	'TASK-PRTM09062022',	'PR006',	28,	'Tidak',	'',	'Buah',	'',	'2022-06-09 02:29:02',	'2022-06-09 02:29:02',	'0000-00-00 00:00:00',	0),
(1151,	'TASK-PRTM09062022',	'PR006',	29,	'Ya',	'',	'Sesuai Kebutuhan',	'',	'2022-06-09 02:29:02',	'2022-06-09 02:29:02',	'0000-00-00 00:00:00',	0),
(1152,	'TASK-PRTM09062022',	'PR006',	30,	'Tidak',	'',	'Sesuai Kebutuhan',	'',	'2022-06-09 02:29:02',	'2022-06-09 02:29:02',	'0000-00-00 00:00:00',	0),
(1153,	'TASK-PRTM09062022',	'PR006',	31,	'Tidak',	'',	'Sesuai Kebutuhan',	'',	'2022-06-09 02:29:02',	'2022-06-09 02:29:02',	'0000-00-00 00:00:00',	0),
(1154,	'TASK-PRTM09062022',	'PR006',	32,	'Tidak',	'',	'Sesuai Kebutuhan',	'',	'2022-06-09 02:29:02',	'2022-06-09 02:29:02',	'0000-00-00 00:00:00',	0),
(1155,	'TASK-PRTM09062022',	'PR006',	33,	'Ya',	'',	'Sesuai Kebutuhan',	'',	'2022-06-09 02:29:02',	'2022-06-09 02:29:02',	'0000-00-00 00:00:00',	0),
(1156,	'TASK-PRTM09062022',	'PR006',	34,	'Ya',	'',	'Sesuai Kebutuhan',	'',	'2022-06-09 02:29:02',	'2022-06-09 02:29:02',	'0000-00-00 00:00:00',	0),
(1157,	'TASK-PRTM09062022',	'PR006',	35,	'Ya',	'',	'Sesuai Kebutuhan',	'',	'2022-06-09 02:29:02',	'2022-06-09 02:29:02',	'0000-00-00 00:00:00',	0),
(1158,	'TASK-PRTM09062022',	'PR006',	36,	'Ya',	'',	'Sesuai Kebutuhan',	'',	'2022-06-09 02:29:02',	'2022-06-09 02:29:02',	'0000-00-00 00:00:00',	0),
(1159,	'TASK-PRTM09062022',	'PR006',	37,	'Ya',	'',	'Buah',	'',	'2022-06-09 02:29:02',	'2022-06-09 02:29:02',	'0000-00-00 00:00:00',	0),
(1160,	'TASK-PRTM09062022',	'PR006',	38,	'Ya',	'',	'Buah',	'',	'2022-06-09 02:29:02',	'2022-06-09 02:29:02',	'0000-00-00 00:00:00',	0),
(1161,	'TASK-PRTM09062022',	'PR006',	39,	'Tidak',	'',	'Set',	'',	'2022-06-09 02:29:02',	'2022-06-09 02:29:02',	'0000-00-00 00:00:00',	0),
(1162,	'TASK-PRTM09062022',	'PR006',	40,	'Tidak',	'',	'Buah',	'',	'2022-06-09 02:29:02',	'2022-06-09 02:29:02',	'0000-00-00 00:00:00',	0),
(1163,	'TASK-PRTM09062022',	'PR006',	41,	'Ya',	'',	'Buah',	'',	'2022-06-09 02:29:02',	'2022-06-09 02:29:02',	'0000-00-00 00:00:00',	0),
(1164,	'TASK-PRTM09062022',	'PR006',	42,	'Ya',	'',	'Buah',	'',	'2022-06-09 02:29:02',	'2022-06-09 02:29:02',	'0000-00-00 00:00:00',	0),
(1165,	'TASK-PRTM09062022',	'PR006',	43,	'Tidak',	'',	'Buah',	'',	'2022-06-09 02:29:02',	'2022-06-09 02:29:02',	'0000-00-00 00:00:00',	0),
(1166,	'TASK-PRTM09062022',	'PR006',	44,	'Ya',	'',	'Buah',	'',	'2022-06-09 02:29:02',	'2022-06-09 02:29:02',	'0000-00-00 00:00:00',	0),
(1167,	'TASK-PRTM09062022',	'PR006',	45,	'Tidak',	'',	'Buah',	'',	'2022-06-09 02:29:02',	'2022-06-09 02:29:02',	'0000-00-00 00:00:00',	0),
(1168,	'TASK-PRTM09062022',	'PR006',	46,	'Ya',	'',	'Buah',	'',	'2022-06-09 02:29:02',	'2022-06-09 02:29:02',	'0000-00-00 00:00:00',	0),
(1169,	'TASK-PRTM09062022',	'PR006',	47,	'Ya',	'',	'Buah',	'',	'2022-06-09 02:29:02',	'2022-06-09 02:29:02',	'0000-00-00 00:00:00',	0),
(1170,	'TASK-PRTM09062022',	'PR006',	48,	'Ya',	'',	'Buah',	'',	'2022-06-09 02:29:02',	'2022-06-09 02:29:02',	'0000-00-00 00:00:00',	0),
(1171,	'TASK-PRTM09062022',	'PR006',	49,	'Ya',	'',	'Buah',	'',	'2022-06-09 02:29:02',	'2022-06-09 02:29:02',	'0000-00-00 00:00:00',	0),
(1172,	'TASK-PRTM09062022',	'PR006',	50,	'Ya',	'',	'Buah',	'',	'2022-06-09 02:29:02',	'2022-06-09 02:29:02',	'0000-00-00 00:00:00',	0),
(1173,	'TASK-PRTM09062022',	'PR006',	51,	'Ya',	'',	'Unit',	'',	'2022-06-09 02:29:02',	'2022-06-09 02:29:02',	'0000-00-00 00:00:00',	0),
(1174,	'TASK-PRTM09062022',	'PR006',	52,	'Ya',	'',	'Unit',	'',	'2022-06-09 02:29:02',	'2022-06-09 02:29:02',	'0000-00-00 00:00:00',	0),
(1175,	'TASK-PRTM09062022',	'PR006',	53,	'Ya',	'',	'Unit',	'',	'2022-06-09 02:29:02',	'2022-06-09 02:29:02',	'0000-00-00 00:00:00',	0),
(1176,	'TASK-PRTM09062022',	'PR006',	54,	'Ya',	'',	'Sesuai Kebutuhan',	'',	'2022-06-09 02:29:02',	'2022-06-09 02:29:02',	'0000-00-00 00:00:00',	0),
(1177,	'TASK-PRTM09062022',	'PR006',	55,	'Ya',	'',	'Sesuai Kebutuhan',	'',	'2022-06-09 02:29:02',	'2022-06-09 02:29:02',	'0000-00-00 00:00:00',	0),
(1178,	'TASK-PRTM09062022',	'PR006',	56,	'Ya',	'',	'Sesuai Kebutuhan',	'',	'2022-06-09 02:29:02',	'2022-06-09 02:29:02',	'0000-00-00 00:00:00',	0),
(1179,	'TASK-PRTM09062022',	'PR006',	57,	'Ya',	'',	'Sesuai Kebutuhan',	'',	'2022-06-09 02:29:02',	'2022-06-09 02:29:02',	'0000-00-00 00:00:00',	0),
(1180,	'TASK-PRTM09062022',	'PR006',	58,	'Ya',	'',	'Sesuai Kebutuhan',	'',	'2022-06-09 02:29:02',	'2022-06-09 02:29:02',	'0000-00-00 00:00:00',	0),
(1181,	'TASK-PRTM09062022',	'PR006',	59,	'Ya',	'',	'Sesuai Kebutuhan',	'',	'2022-06-09 02:29:02',	'2022-06-09 02:29:02',	'0000-00-00 00:00:00',	0),
(1182,	'TASK-PRTM09062022',	'PR006',	60,	'Tidak',	'',	'Sesuai Kebutuhan',	'',	'2022-06-09 02:29:02',	'2022-06-09 02:29:02',	'0000-00-00 00:00:00',	0),
(1183,	'TASK-PRTM09062022',	'PR006',	61,	'Ya',	'',	'Buah',	'',	'2022-06-09 02:29:02',	'2022-06-09 02:29:02',	'0000-00-00 00:00:00',	0),
(1184,	'TASK-PRTM09062022',	'PR006',	62,	'Ya',	'',	'Sesuai Kebutuhan',	'',	'2022-06-09 02:29:02',	'2022-06-09 02:29:02',	'0000-00-00 00:00:00',	0),
(1185,	'TASK-PRTM09062022',	'PR006',	63,	'Ya',	'',	'Sesuai Kebutuhan',	'',	'2022-06-09 02:29:02',	'2022-06-09 02:29:02',	'0000-00-00 00:00:00',	0),
(1186,	'TASK-PRTM09062022',	'PR006',	64,	'Tidak',	'',	'Sesuai Kebutuhan',	'Dekat KM',	'2022-06-09 02:29:02',	'2022-06-09 02:29:41',	'0000-00-00 00:00:00',	0),
(1187,	'TASK-PRTM09062022',	'PR006',	65,	'Ya',	'',	'Sesuai Kebutuhan',	'',	'2022-06-09 02:29:02',	'2022-06-09 02:29:02',	'0000-00-00 00:00:00',	0),
(1188,	'TASK-PRTM09062022',	'PR006',	66,	'Ya',	'',	'Sesuai Kebutuhan',	'',	'2022-06-09 02:29:02',	'2022-06-09 02:29:02',	'0000-00-00 00:00:00',	0),
(1189,	'TASK-PRTM21062022',	'PR008',	1,	'Ya',	'Lebih >2',	'Buah',	'',	'2022-06-21 07:55:56',	'2022-06-21 07:55:56',	'0000-00-00 00:00:00',	0),
(1190,	'TASK-PRTM21062022',	'PR008',	2,	'Tidak',	'',	'Set',	'',	'2022-06-21 07:55:56',	'2022-06-21 07:55:56',	'0000-00-00 00:00:00',	0),
(1191,	'TASK-PRTM21062022',	'PR008',	3,	'Ya',	'1',	'Buah',	'',	'2022-06-21 07:55:56',	'2022-06-21 07:55:56',	'0000-00-00 00:00:00',	0),
(1192,	'TASK-PRTM21062022',	'PR008',	4,	'Tidak',	'',	'',	'',	'2022-06-21 07:55:56',	'2022-06-21 07:55:56',	'0000-00-00 00:00:00',	0),
(1193,	'TASK-PRTM21062022',	'PR008',	5,	'Ya',	'1',	'Buah',	'',	'2022-06-21 07:55:56',	'2022-06-21 07:55:56',	'0000-00-00 00:00:00',	0),
(1194,	'TASK-PRTM21062022',	'PR008',	6,	'Tidak',	'',	'Set',	'',	'2022-06-21 07:55:56',	'2022-06-21 07:55:56',	'0000-00-00 00:00:00',	0),
(1195,	'TASK-PRTM21062022',	'PR008',	7,	'Tidak',	'',	'Set',	'',	'2022-06-21 07:55:56',	'2022-06-21 07:55:56',	'0000-00-00 00:00:00',	0),
(1196,	'TASK-PRTM21062022',	'PR008',	8,	'Ya',	'',	'Buah',	'',	'2022-06-21 07:55:56',	'2022-06-21 07:55:56',	'0000-00-00 00:00:00',	0),
(1197,	'TASK-PRTM21062022',	'PR008',	9,	'Ya',	'',	'Buah',	'',	'2022-06-21 07:55:56',	'2022-06-21 07:55:56',	'0000-00-00 00:00:00',	0),
(1198,	'TASK-PRTM21062022',	'PR008',	10,	'Ya',	'',	'Buah',	'',	'2022-06-21 07:55:56',	'2022-06-21 07:55:56',	'0000-00-00 00:00:00',	0),
(1199,	'TASK-PRTM21062022',	'PR008',	11,	'Ya',	'',	'Buah',	'',	'2022-06-21 07:55:56',	'2022-06-21 07:55:56',	'0000-00-00 00:00:00',	0),
(1200,	'TASK-PRTM21062022',	'PR008',	12,	'Tidak',	'',	'Buah',	'',	'2022-06-21 07:55:56',	'2022-06-21 07:55:56',	'0000-00-00 00:00:00',	0),
(1201,	'TASK-PRTM21062022',	'PR008',	13,	'Ya',	'',	'Buah',	'',	'2022-06-21 07:55:56',	'2022-06-21 07:55:56',	'0000-00-00 00:00:00',	0),
(1202,	'TASK-PRTM21062022',	'PR008',	14,	'Ya',	'',	'Buah',	'',	'2022-06-21 07:55:56',	'2022-06-21 07:55:56',	'0000-00-00 00:00:00',	0),
(1203,	'TASK-PRTM21062022',	'PR008',	15,	'Ya',	'',	'Sesuai Kebutuhan',	'',	'2022-06-21 07:55:56',	'2022-06-21 07:55:56',	'0000-00-00 00:00:00',	0),
(1204,	'TASK-PRTM21062022',	'PR008',	16,	'Tidak',	'',	'Buah',	'',	'2022-06-21 07:55:56',	'2022-06-21 07:55:56',	'0000-00-00 00:00:00',	0),
(1205,	'TASK-PRTM21062022',	'PR008',	17,	'Ya',	'',	'Buah',	'',	'2022-06-21 07:55:56',	'2022-06-21 07:55:56',	'0000-00-00 00:00:00',	0),
(1206,	'TASK-PRTM21062022',	'PR008',	18,	'Tidak',	'',	'Set',	'',	'2022-06-21 07:55:56',	'2022-06-21 07:55:56',	'0000-00-00 00:00:00',	0),
(1207,	'TASK-PRTM21062022',	'PR008',	19,	'Tidak',	'',	'Buah',	'',	'2022-06-21 07:55:56',	'2022-06-21 07:55:56',	'0000-00-00 00:00:00',	0),
(1208,	'TASK-PRTM21062022',	'PR008',	20,	'Tidak',	'',	'Buah',	'',	'2022-06-21 07:55:56',	'2022-06-21 07:55:56',	'0000-00-00 00:00:00',	0),
(1209,	'TASK-PRTM21062022',	'PR008',	21,	'Ya',	'',	'Buah',	'',	'2022-06-21 07:55:56',	'2022-06-21 07:55:56',	'0000-00-00 00:00:00',	0),
(1210,	'TASK-PRTM21062022',	'PR008',	22,	'Ya',	'',	'Buah',	'',	'2022-06-21 07:55:56',	'2022-06-21 07:55:56',	'0000-00-00 00:00:00',	0),
(1211,	'TASK-PRTM21062022',	'PR008',	23,	'Ya',	'',	'Buah',	'',	'2022-06-21 07:55:56',	'2022-06-21 07:55:56',	'0000-00-00 00:00:00',	0),
(1212,	'TASK-PRTM21062022',	'PR008',	24,	'Ya',	'',	'Sesuai Kebutuhan',	'',	'2022-06-21 07:55:56',	'2022-06-21 07:55:56',	'0000-00-00 00:00:00',	0),
(1213,	'TASK-PRTM21062022',	'PR008',	25,	'Ya',	'',	'Buah',	'',	'2022-06-21 07:55:56',	'2022-06-21 07:55:56',	'0000-00-00 00:00:00',	0),
(1214,	'TASK-PRTM21062022',	'PR008',	26,	'Ya',	'',	'Buah',	'',	'2022-06-21 07:55:56',	'2022-06-21 07:55:56',	'0000-00-00 00:00:00',	0),
(1215,	'TASK-PRTM21062022',	'PR008',	27,	'Ya',	'',	'Buah',	'',	'2022-06-21 07:55:56',	'2022-06-21 07:55:56',	'0000-00-00 00:00:00',	0),
(1216,	'TASK-PRTM21062022',	'PR008',	28,	'Ya',	'',	'Buah',	'',	'2022-06-21 07:55:56',	'2022-06-21 07:55:56',	'0000-00-00 00:00:00',	0),
(1217,	'TASK-PRTM21062022',	'PR008',	29,	'Ya',	'',	'Sesuai Kebutuhan',	'',	'2022-06-21 07:55:56',	'2022-06-21 07:55:56',	'0000-00-00 00:00:00',	0),
(1218,	'TASK-PRTM21062022',	'PR008',	30,	'Ya',	'',	'Sesuai Kebutuhan',	'',	'2022-06-21 07:55:56',	'2022-06-21 07:55:56',	'0000-00-00 00:00:00',	0),
(1219,	'TASK-PRTM21062022',	'PR008',	31,	'Ya',	'',	'Sesuai Kebutuhan',	'',	'2022-06-21 07:55:56',	'2022-06-21 07:55:56',	'0000-00-00 00:00:00',	0),
(1220,	'TASK-PRTM21062022',	'PR008',	32,	'Ya',	'',	'Sesuai Kebutuhan',	'',	'2022-06-21 07:55:56',	'2022-06-21 07:55:56',	'0000-00-00 00:00:00',	0),
(1221,	'TASK-PRTM21062022',	'PR008',	33,	'Ya',	'',	'Sesuai Kebutuhan',	'',	'2022-06-21 07:55:56',	'2022-06-21 07:55:56',	'0000-00-00 00:00:00',	0),
(1222,	'TASK-PRTM21062022',	'PR008',	34,	'Ya',	'',	'Sesuai Kebutuhan',	'',	'2022-06-21 07:55:56',	'2022-06-21 07:55:56',	'0000-00-00 00:00:00',	0),
(1223,	'TASK-PRTM21062022',	'PR008',	35,	'Ya',	'',	'Sesuai Kebutuhan',	'',	'2022-06-21 07:55:56',	'2022-06-21 07:55:56',	'0000-00-00 00:00:00',	0),
(1224,	'TASK-PRTM21062022',	'PR008',	36,	'Ya',	'',	'Sesuai Kebutuhan',	'',	'2022-06-21 07:55:56',	'2022-06-21 07:55:56',	'0000-00-00 00:00:00',	0),
(1225,	'TASK-PRTM21062022',	'PR008',	37,	'Ya',	'',	'Buah',	'',	'2022-06-21 07:55:56',	'2022-06-21 07:55:56',	'0000-00-00 00:00:00',	0),
(1226,	'TASK-PRTM21062022',	'PR008',	38,	'Ya',	'',	'Buah',	'Wastafel',	'2022-06-21 07:55:56',	'2022-06-21 07:55:56',	'0000-00-00 00:00:00',	0),
(1227,	'TASK-PRTM21062022',	'PR008',	39,	'Tidak',	'',	'Set',	'RJ',	'2022-06-21 07:55:56',	'2022-06-21 07:55:56',	'0000-00-00 00:00:00',	0),
(1228,	'TASK-PRTM21062022',	'PR008',	40,	'Tidak',	'',	'Buah',	'',	'2022-06-21 07:55:56',	'2022-06-21 07:55:56',	'0000-00-00 00:00:00',	0),
(1229,	'TASK-PRTM21062022',	'PR008',	41,	'Ya',	'',	'Buah',	'',	'2022-06-21 07:55:56',	'2022-06-21 07:55:56',	'0000-00-00 00:00:00',	0),
(1230,	'TASK-PRTM21062022',	'PR008',	42,	'Ya',	'',	'Buah',	'',	'2022-06-21 07:55:56',	'2022-06-21 07:55:56',	'0000-00-00 00:00:00',	0),
(1231,	'TASK-PRTM21062022',	'PR008',	43,	'Ya',	'',	'Buah',	'',	'2022-06-21 07:55:56',	'2022-06-21 07:55:56',	'0000-00-00 00:00:00',	0),
(1232,	'TASK-PRTM21062022',	'PR008',	44,	'Ya',	'',	'Buah',	'',	'2022-06-21 07:55:56',	'2022-06-21 07:55:56',	'0000-00-00 00:00:00',	0),
(1233,	'TASK-PRTM21062022',	'PR008',	45,	'Tidak',	'',	'Buah',	'',	'2022-06-21 07:55:56',	'2022-06-21 07:55:56',	'0000-00-00 00:00:00',	0),
(1234,	'TASK-PRTM21062022',	'PR008',	46,	'Ya',	'',	'Buah',	'',	'2022-06-21 07:55:56',	'2022-06-21 07:55:56',	'0000-00-00 00:00:00',	0),
(1235,	'TASK-PRTM21062022',	'PR008',	47,	'Ya',	'',	'Buah',	'',	'2022-06-21 07:55:56',	'2022-06-21 07:55:56',	'0000-00-00 00:00:00',	0),
(1236,	'TASK-PRTM21062022',	'PR008',	48,	'Ya',	'',	'Buah',	'',	'2022-06-21 07:55:56',	'2022-06-21 07:55:56',	'0000-00-00 00:00:00',	0),
(1237,	'TASK-PRTM21062022',	'PR008',	49,	'Ya',	'',	'Buah',	'',	'2022-06-21 07:55:56',	'2022-06-21 07:55:56',	'0000-00-00 00:00:00',	0),
(1238,	'TASK-PRTM21062022',	'PR008',	50,	'Ya',	'',	'Buah',	'',	'2022-06-21 07:55:56',	'2022-06-21 07:55:56',	'0000-00-00 00:00:00',	0),
(1239,	'TASK-PRTM21062022',	'PR008',	51,	'Ya',	'',	'Unit',	'',	'2022-06-21 07:55:56',	'2022-06-21 07:55:56',	'0000-00-00 00:00:00',	0),
(1240,	'TASK-PRTM21062022',	'PR008',	52,	'Ya',	'',	'Unit',	'',	'2022-06-21 07:55:56',	'2022-06-21 07:55:56',	'0000-00-00 00:00:00',	0),
(1241,	'TASK-PRTM21062022',	'PR008',	53,	'Ya',	'',	'Unit',	'',	'2022-06-21 07:55:56',	'2022-06-21 07:55:56',	'0000-00-00 00:00:00',	0),
(1242,	'TASK-PRTM21062022',	'PR008',	54,	'Ya',	'',	'Sesuai Kebutuhan',	'Komputer',	'2022-06-21 07:55:56',	'2022-06-21 07:55:56',	'0000-00-00 00:00:00',	0),
(1243,	'TASK-PRTM21062022',	'PR008',	55,	'Ya',	'',	'Sesuai Kebutuhan',	'',	'2022-06-21 07:55:56',	'2022-06-21 07:55:56',	'0000-00-00 00:00:00',	0),
(1244,	'TASK-PRTM21062022',	'PR008',	56,	'Ya',	'',	'Sesuai Kebutuhan',	'',	'2022-06-21 07:55:56',	'2022-06-21 07:55:56',	'0000-00-00 00:00:00',	0),
(1245,	'TASK-PRTM21062022',	'PR008',	57,	'Ya',	'',	'Sesuai Kebutuhan',	'',	'2022-06-21 07:55:56',	'2022-06-21 07:55:56',	'0000-00-00 00:00:00',	0),
(1246,	'TASK-PRTM21062022',	'PR008',	58,	'Ya',	'',	'Sesuai Kebutuhan',	'',	'2022-06-21 07:55:56',	'2022-06-21 07:55:56',	'0000-00-00 00:00:00',	0),
(1247,	'TASK-PRTM21062022',	'PR008',	59,	'Ya',	'',	'Sesuai Kebutuhan',	'',	'2022-06-21 07:55:56',	'2022-06-21 07:55:56',	'0000-00-00 00:00:00',	0),
(1248,	'TASK-PRTM21062022',	'PR008',	60,	'Ya',	'',	'Sesuai Kebutuhan',	'',	'2022-06-21 07:55:56',	'2022-06-21 07:55:56',	'0000-00-00 00:00:00',	0),
(1249,	'TASK-PRTM21062022',	'PR008',	61,	'Tidak',	'',	'Buah',	'',	'2022-06-21 07:55:56',	'2022-06-21 07:55:56',	'0000-00-00 00:00:00',	0),
(1250,	'TASK-PRTM21062022',	'PR008',	62,	'Ya',	'',	'Sesuai Kebutuhan',	'',	'2022-06-21 07:55:56',	'2022-06-21 07:55:56',	'0000-00-00 00:00:00',	0),
(1251,	'TASK-PRTM21062022',	'PR008',	63,	'Ya',	'',	'Sesuai Kebutuhan',	'',	'2022-06-21 07:55:56',	'2022-06-21 07:55:56',	'0000-00-00 00:00:00',	0),
(1252,	'TASK-PRTM21062022',	'PR008',	64,	'Ya',	'',	'Sesuai Kebutuhan',	'',	'2022-06-21 07:55:56',	'2022-06-21 07:55:56',	'0000-00-00 00:00:00',	0),
(1253,	'TASK-PRTM21062022',	'PR008',	65,	'Ya',	'',	'Sesuai Kebutuhan',	'',	'2022-06-21 07:55:56',	'2022-06-21 07:55:56',	'0000-00-00 00:00:00',	0),
(1254,	'TASK-PRTM21062022',	'PR008',	66,	'Tidak',	'',	'Sesuai Kebutuhan',	'',	'2022-06-21 07:55:56',	'2022-06-21 07:55:56',	'0000-00-00 00:00:00',	0),
(1255,	'TASK-PRTM09082022',	'PR000010',	1,	'Ya',	'',	'Buah',	'',	'2022-08-09 04:20:00',	'2022-08-09 04:20:00',	'0000-00-00 00:00:00',	0),
(1256,	'TASK-PRTM09082022',	'PR000010',	2,	'Tidak',	'',	'Set',	'',	'2022-08-09 04:20:00',	'2022-08-09 04:20:00',	'0000-00-00 00:00:00',	0),
(1257,	'TASK-PRTM09082022',	'PR000010',	3,	'Ya',	'',	'Buah',	'',	'2022-08-09 04:20:00',	'2022-08-09 04:20:00',	'0000-00-00 00:00:00',	0),
(1258,	'TASK-PRTM09082022',	'PR000010',	4,	'Ya',	'',	'',	'',	'2022-08-09 04:20:00',	'2022-08-09 04:20:00',	'0000-00-00 00:00:00',	0),
(1259,	'TASK-PRTM09082022',	'PR000010',	5,	'Ya',	'',	'Buah',	'',	'2022-08-09 04:20:00',	'2022-08-09 04:20:00',	'0000-00-00 00:00:00',	0),
(1260,	'TASK-PRTM09082022',	'PR000010',	6,	'Ya',	'',	'Set',	'',	'2022-08-09 04:20:00',	'2022-08-09 04:20:00',	'0000-00-00 00:00:00',	0),
(1261,	'TASK-PRTM09082022',	'PR000010',	7,	'Ya',	'',	'Set',	'',	'2022-08-09 04:20:00',	'2022-08-09 04:20:00',	'0000-00-00 00:00:00',	0),
(1262,	'TASK-PRTM09082022',	'PR000010',	8,	'Ya',	'',	'Buah',	'',	'2022-08-09 04:20:00',	'2022-08-09 04:20:00',	'0000-00-00 00:00:00',	0),
(1263,	'TASK-PRTM09082022',	'PR000010',	9,	'Ya',	'',	'Buah',	'',	'2022-08-09 04:20:00',	'2022-08-09 04:20:00',	'0000-00-00 00:00:00',	0),
(1264,	'TASK-PRTM09082022',	'PR000010',	10,	'Ya',	'',	'Buah',	'',	'2022-08-09 04:20:00',	'2022-08-09 04:20:00',	'0000-00-00 00:00:00',	0),
(1265,	'TASK-PRTM09082022',	'PR000010',	11,	'Ya',	'',	'Buah',	'',	'2022-08-09 04:20:00',	'2022-08-09 04:20:00',	'0000-00-00 00:00:00',	0),
(1266,	'TASK-PRTM09082022',	'PR000010',	12,	'Tidak',	'',	'Buah',	'',	'2022-08-09 04:20:00',	'2022-08-09 04:20:00',	'0000-00-00 00:00:00',	0),
(1267,	'TASK-PRTM09082022',	'PR000010',	13,	'Ya',	'',	'Buah',	'',	'2022-08-09 04:20:00',	'2022-08-09 04:20:00',	'0000-00-00 00:00:00',	0),
(1268,	'TASK-PRTM09082022',	'PR000010',	14,	'Ya',	'',	'Buah',	'',	'2022-08-09 04:20:00',	'2022-08-09 04:20:00',	'0000-00-00 00:00:00',	0),
(1269,	'TASK-PRTM09082022',	'PR000010',	15,	'Ya',	'',	'Sesuai Kebutuhan',	'',	'2022-08-09 04:20:00',	'2022-08-09 04:20:00',	'0000-00-00 00:00:00',	0),
(1270,	'TASK-PRTM09082022',	'PR000010',	16,	'Tidak',	'',	'Buah',	'',	'2022-08-09 04:20:00',	'2022-08-09 04:20:00',	'0000-00-00 00:00:00',	0),
(1271,	'TASK-PRTM09082022',	'PR000010',	17,	'Ya',	'',	'Buah',	'',	'2022-08-09 04:20:00',	'2022-08-09 04:20:00',	'0000-00-00 00:00:00',	0),
(1272,	'TASK-PRTM09082022',	'PR000010',	18,	'Ya',	'',	'Set',	'',	'2022-08-09 04:20:00',	'2022-08-09 04:20:00',	'0000-00-00 00:00:00',	0),
(1273,	'TASK-PRTM09082022',	'PR000010',	19,	'Ya',	'',	'Buah',	'',	'2022-08-09 04:20:00',	'2022-08-09 04:20:00',	'0000-00-00 00:00:00',	0),
(1274,	'TASK-PRTM09082022',	'PR000010',	20,	'Ya',	'',	'Buah',	'',	'2022-08-09 04:20:00',	'2022-08-09 04:20:00',	'0000-00-00 00:00:00',	0),
(1275,	'TASK-PRTM09082022',	'PR000010',	21,	'Tidak',	'',	'Buah',	'',	'2022-08-09 04:20:00',	'2022-08-09 04:20:00',	'0000-00-00 00:00:00',	0),
(1276,	'TASK-PRTM09082022',	'PR000010',	22,	'Tidak',	'',	'Buah',	'',	'2022-08-09 04:20:00',	'2022-08-09 04:20:00',	'0000-00-00 00:00:00',	0),
(1277,	'TASK-PRTM09082022',	'PR000010',	23,	'Ya',	'',	'Buah',	'',	'2022-08-09 04:20:00',	'2022-08-09 04:20:00',	'0000-00-00 00:00:00',	0),
(1278,	'TASK-PRTM09082022',	'PR000010',	24,	'Ya',	'',	'Sesuai Kebutuhan',	'',	'2022-08-09 04:20:00',	'2022-08-09 04:20:00',	'0000-00-00 00:00:00',	0),
(1279,	'TASK-PRTM09082022',	'PR000010',	25,	'Ya',	'',	'Buah',	'',	'2022-08-09 04:20:00',	'2022-08-09 04:20:00',	'0000-00-00 00:00:00',	0),
(1280,	'TASK-PRTM09082022',	'PR000010',	26,	'Ya',	'',	'Buah',	'',	'2022-08-09 04:20:00',	'2022-08-09 04:20:00',	'0000-00-00 00:00:00',	0),
(1281,	'TASK-PRTM09082022',	'PR000010',	27,	'Ya',	'',	'Buah',	'',	'2022-08-09 04:20:00',	'2022-08-09 04:20:00',	'0000-00-00 00:00:00',	0),
(1282,	'TASK-PRTM09082022',	'PR000010',	28,	'Ya',	'',	'Buah',	'',	'2022-08-09 04:20:00',	'2022-08-09 04:20:00',	'0000-00-00 00:00:00',	0),
(1283,	'TASK-PRTM09082022',	'PR000010',	29,	'Ya',	'',	'Sesuai Kebutuhan',	'',	'2022-08-09 04:20:00',	'2022-08-09 04:20:00',	'0000-00-00 00:00:00',	0),
(1284,	'TASK-PRTM09082022',	'PR000010',	30,	'Ya',	'',	'Sesuai Kebutuhan',	'',	'2022-08-09 04:20:00',	'2022-08-09 04:20:00',	'0000-00-00 00:00:00',	0),
(1285,	'TASK-PRTM09082022',	'PR000010',	31,	'Ya',	'',	'Sesuai Kebutuhan',	'',	'2022-08-09 04:20:00',	'2022-08-09 04:20:00',	'0000-00-00 00:00:00',	0),
(1286,	'TASK-PRTM09082022',	'PR000010',	32,	'Ya',	'',	'Sesuai Kebutuhan',	'',	'2022-08-09 04:20:00',	'2022-08-09 04:20:00',	'0000-00-00 00:00:00',	0),
(1287,	'TASK-PRTM09082022',	'PR000010',	33,	'Ya',	'',	'Sesuai Kebutuhan',	'',	'2022-08-09 04:20:00',	'2022-08-09 04:20:00',	'0000-00-00 00:00:00',	0),
(1288,	'TASK-PRTM09082022',	'PR000010',	34,	'Ya',	'',	'Sesuai Kebutuhan',	'',	'2022-08-09 04:20:00',	'2022-08-09 04:20:00',	'0000-00-00 00:00:00',	0),
(1289,	'TASK-PRTM09082022',	'PR000010',	35,	'Ya',	'',	'Sesuai Kebutuhan',	'',	'2022-08-09 04:20:00',	'2022-08-09 04:20:00',	'0000-00-00 00:00:00',	0),
(1290,	'TASK-PRTM09082022',	'PR000010',	36,	'Ya',	'',	'Sesuai Kebutuhan',	'',	'2022-08-09 04:20:00',	'2022-08-09 04:20:00',	'0000-00-00 00:00:00',	0),
(1291,	'TASK-PRTM09082022',	'PR000010',	37,	'Ya',	'',	'Buah',	'',	'2022-08-09 04:20:00',	'2022-08-09 04:20:00',	'0000-00-00 00:00:00',	0),
(1292,	'TASK-PRTM09082022',	'PR000010',	38,	'Ya',	'',	'Buah',	'',	'2022-08-09 04:20:00',	'2022-08-09 04:20:00',	'0000-00-00 00:00:00',	0),
(1293,	'TASK-PRTM09082022',	'PR000010',	39,	'Tidak',	'',	'Set',	'',	'2022-08-09 04:20:00',	'2022-08-09 04:20:00',	'0000-00-00 00:00:00',	0),
(1294,	'TASK-PRTM09082022',	'PR000010',	40,	'Ya',	'',	'Buah',	'',	'2022-08-09 04:20:00',	'2022-08-09 04:20:00',	'0000-00-00 00:00:00',	0),
(1295,	'TASK-PRTM09082022',	'PR000010',	41,	'Ya',	'',	'Buah',	'',	'2022-08-09 04:20:00',	'2022-08-09 04:20:00',	'0000-00-00 00:00:00',	0),
(1296,	'TASK-PRTM09082022',	'PR000010',	42,	'Ya',	'',	'Buah',	'',	'2022-08-09 04:20:00',	'2022-08-09 04:20:00',	'0000-00-00 00:00:00',	0),
(1297,	'TASK-PRTM09082022',	'PR000010',	43,	'Ya',	'',	'Buah',	'',	'2022-08-09 04:20:00',	'2022-08-09 04:20:00',	'0000-00-00 00:00:00',	0),
(1298,	'TASK-PRTM09082022',	'PR000010',	44,	'Ya',	'',	'Buah',	'',	'2022-08-09 04:20:00',	'2022-08-09 04:20:00',	'0000-00-00 00:00:00',	0),
(1299,	'TASK-PRTM09082022',	'PR000010',	45,	'Ya',	'',	'Buah',	'',	'2022-08-09 04:20:00',	'2022-08-09 04:20:00',	'0000-00-00 00:00:00',	0),
(1300,	'TASK-PRTM09082022',	'PR000010',	46,	'Ya',	'',	'Buah',	'',	'2022-08-09 04:20:00',	'2022-08-09 04:20:00',	'0000-00-00 00:00:00',	0),
(1301,	'TASK-PRTM09082022',	'PR000010',	47,	'Ya',	'',	'Buah',	'',	'2022-08-09 04:20:00',	'2022-08-09 04:20:00',	'0000-00-00 00:00:00',	0),
(1302,	'TASK-PRTM09082022',	'PR000010',	48,	'Tidak',	'',	'Buah',	'',	'2022-08-09 04:20:00',	'2022-08-09 04:20:00',	'0000-00-00 00:00:00',	0),
(1303,	'TASK-PRTM09082022',	'PR000010',	49,	'Ya',	'',	'Buah',	'',	'2022-08-09 04:20:00',	'2022-08-09 04:20:00',	'0000-00-00 00:00:00',	0),
(1304,	'TASK-PRTM09082022',	'PR000010',	50,	'Ya',	'',	'Buah',	'',	'2022-08-09 04:20:00',	'2022-08-09 04:20:00',	'0000-00-00 00:00:00',	0),
(1305,	'TASK-PRTM09082022',	'PR000010',	51,	'Ya',	'',	'Unit',	'',	'2022-08-09 04:20:00',	'2022-08-09 04:20:00',	'0000-00-00 00:00:00',	0),
(1306,	'TASK-PRTM09082022',	'PR000010',	52,	'Ya',	'',	'Unit',	'',	'2022-08-09 04:20:00',	'2022-08-09 04:20:00',	'0000-00-00 00:00:00',	0),
(1307,	'TASK-PRTM09082022',	'PR000010',	53,	'Ya',	'',	'Unit',	'',	'2022-08-09 04:20:00',	'2022-08-09 04:20:00',	'0000-00-00 00:00:00',	0),
(1308,	'TASK-PRTM09082022',	'PR000010',	54,	'Ya',	'',	'Sesuai Kebutuhan',	'',	'2022-08-09 04:20:00',	'2022-08-09 04:20:00',	'0000-00-00 00:00:00',	0),
(1309,	'TASK-PRTM09082022',	'PR000010',	55,	'Ya',	'',	'Sesuai Kebutuhan',	'',	'2022-08-09 04:20:00',	'2022-08-09 04:20:00',	'0000-00-00 00:00:00',	0),
(1310,	'TASK-PRTM09082022',	'PR000010',	56,	'Ya',	'',	'Sesuai Kebutuhan',	'',	'2022-08-09 04:20:00',	'2022-08-09 04:20:00',	'0000-00-00 00:00:00',	0),
(1311,	'TASK-PRTM09082022',	'PR000010',	57,	'Ya',	'',	'Sesuai Kebutuhan',	'',	'2022-08-09 04:20:00',	'2022-08-09 04:20:00',	'0000-00-00 00:00:00',	0),
(1312,	'TASK-PRTM09082022',	'PR000010',	58,	'Ya',	'',	'Sesuai Kebutuhan',	'',	'2022-08-09 04:20:00',	'2022-08-09 04:20:00',	'0000-00-00 00:00:00',	0),
(1313,	'TASK-PRTM09082022',	'PR000010',	59,	'Ya',	'',	'Sesuai Kebutuhan',	'',	'2022-08-09 04:20:00',	'2022-08-09 04:20:00',	'0000-00-00 00:00:00',	0),
(1314,	'TASK-PRTM09082022',	'PR000010',	60,	'Ya',	'',	'Sesuai Kebutuhan',	'',	'2022-08-09 04:20:00',	'2022-08-09 04:20:00',	'0000-00-00 00:00:00',	0),
(1315,	'TASK-PRTM09082022',	'PR000010',	61,	'Ya',	'',	'Buah',	'',	'2022-08-09 04:20:00',	'2022-08-09 04:20:00',	'0000-00-00 00:00:00',	0),
(1316,	'TASK-PRTM09082022',	'PR000010',	62,	'Ya',	'',	'Sesuai Kebutuhan',	'',	'2022-08-09 04:20:00',	'2022-08-09 04:20:00',	'0000-00-00 00:00:00',	0),
(1317,	'TASK-PRTM09082022',	'PR000010',	63,	'Ya',	'',	'Sesuai Kebutuhan',	'',	'2022-08-09 04:20:00',	'2022-08-09 04:20:00',	'0000-00-00 00:00:00',	0),
(1318,	'TASK-PRTM09082022',	'PR000010',	64,	'Ya',	'',	'Sesuai Kebutuhan',	'',	'2022-08-09 04:20:00',	'2022-08-09 04:20:00',	'0000-00-00 00:00:00',	0),
(1319,	'TASK-PRTM09082022',	'PR000010',	65,	'Ya',	'',	'Sesuai Kebutuhan',	'',	'2022-08-09 04:20:00',	'2022-08-09 04:20:00',	'0000-00-00 00:00:00',	0),
(1320,	'TASK-PRTM09082022',	'PR000010',	66,	'Ya',	'',	'Sesuai Kebutuhan',	'',	'2022-08-09 04:20:00',	'2022-08-09 04:20:00',	'0000-00-00 00:00:00',	0),
(1321,	'TASK-PRTM09082022',	'PR000011',	1,	'Ya',	'',	'Buah',	'',	'2022-08-09 04:40:35',	'2022-08-09 04:40:35',	'0000-00-00 00:00:00',	0),
(1322,	'TASK-PRTM09082022',	'PR000011',	2,	'Tidak',	'',	'Set',	'',	'2022-08-09 04:40:35',	'2022-08-09 04:40:35',	'0000-00-00 00:00:00',	0),
(1323,	'TASK-PRTM09082022',	'PR000011',	3,	'Tidak',	'',	'Buah',	'',	'2022-08-09 04:40:35',	'2022-08-09 04:40:35',	'0000-00-00 00:00:00',	0),
(1324,	'TASK-PRTM09082022',	'PR000011',	4,	'Tidak',	'',	'',	'',	'2022-08-09 04:40:35',	'2022-08-09 04:40:35',	'0000-00-00 00:00:00',	0),
(1325,	'TASK-PRTM09082022',	'PR000011',	5,	'Ya',	'',	'Buah',	'',	'2022-08-09 04:40:35',	'2022-08-09 04:40:35',	'0000-00-00 00:00:00',	0),
(1326,	'TASK-PRTM09082022',	'PR000011',	6,	'Tidak',	'',	'Set',	'',	'2022-08-09 04:40:35',	'2022-08-09 04:40:35',	'0000-00-00 00:00:00',	0),
(1327,	'TASK-PRTM09082022',	'PR000011',	7,	'Tidak',	'',	'Set',	'',	'2022-08-09 04:40:35',	'2022-08-09 04:40:35',	'0000-00-00 00:00:00',	0),
(1328,	'TASK-PRTM09082022',	'PR000011',	8,	'Tidak',	'',	'Buah',	'',	'2022-08-09 04:40:35',	'2022-08-09 04:40:35',	'0000-00-00 00:00:00',	0),
(1329,	'TASK-PRTM09082022',	'PR000011',	9,	'Ya',	'',	'Buah',	'',	'2022-08-09 04:40:35',	'2022-08-09 04:40:35',	'0000-00-00 00:00:00',	0),
(1330,	'TASK-PRTM09082022',	'PR000011',	10,	'Ya',	'',	'Buah',	'',	'2022-08-09 04:40:35',	'2022-08-09 04:40:35',	'0000-00-00 00:00:00',	0),
(1331,	'TASK-PRTM09082022',	'PR000011',	11,	'Ya',	'',	'Buah',	'',	'2022-08-09 04:40:35',	'2022-08-09 04:40:35',	'0000-00-00 00:00:00',	0),
(1332,	'TASK-PRTM09082022',	'PR000011',	12,	'Tidak',	'',	'Buah',	'',	'2022-08-09 04:40:35',	'2022-08-09 04:40:35',	'0000-00-00 00:00:00',	0),
(1333,	'TASK-PRTM09082022',	'PR000011',	13,	'Tidak',	'',	'Buah',	'',	'2022-08-09 04:40:35',	'2022-08-09 04:40:35',	'0000-00-00 00:00:00',	0),
(1334,	'TASK-PRTM09082022',	'PR000011',	14,	'Ya',	'',	'Buah',	'',	'2022-08-09 04:40:35',	'2022-08-09 04:40:35',	'0000-00-00 00:00:00',	0),
(1335,	'TASK-PRTM09082022',	'PR000011',	15,	'Ya',	'',	'Sesuai Kebutuhan',	'',	'2022-08-09 04:40:35',	'2022-08-09 04:40:35',	'0000-00-00 00:00:00',	0),
(1336,	'TASK-PRTM09082022',	'PR000011',	16,	'Tidak',	'',	'Buah',	'',	'2022-08-09 04:40:35',	'2022-08-09 04:40:35',	'0000-00-00 00:00:00',	0),
(1337,	'TASK-PRTM09082022',	'PR000011',	17,	'Ya',	'',	'Buah',	'',	'2022-08-09 04:40:35',	'2022-08-09 04:40:35',	'0000-00-00 00:00:00',	0),
(1338,	'TASK-PRTM09082022',	'PR000011',	18,	'Tidak',	'',	'Set',	'',	'2022-08-09 04:40:35',	'2022-08-09 04:40:35',	'0000-00-00 00:00:00',	0),
(1339,	'TASK-PRTM09082022',	'PR000011',	19,	'Tidak',	'',	'Buah',	'',	'2022-08-09 04:40:35',	'2022-08-09 04:40:35',	'0000-00-00 00:00:00',	0),
(1340,	'TASK-PRTM09082022',	'PR000011',	20,	'Tidak',	'',	'Buah',	'',	'2022-08-09 04:40:35',	'2022-08-09 04:40:35',	'0000-00-00 00:00:00',	0),
(1341,	'TASK-PRTM09082022',	'PR000011',	21,	'Tidak',	'',	'Buah',	'',	'2022-08-09 04:40:35',	'2022-08-09 04:40:35',	'0000-00-00 00:00:00',	0),
(1342,	'TASK-PRTM09082022',	'PR000011',	22,	'Tidak',	'',	'Buah',	'',	'2022-08-09 04:40:35',	'2022-08-09 04:40:35',	'0000-00-00 00:00:00',	0),
(1343,	'TASK-PRTM09082022',	'PR000011',	23,	'Ya',	'',	'Buah',	'',	'2022-08-09 04:40:35',	'2022-08-09 04:40:35',	'0000-00-00 00:00:00',	0),
(1344,	'TASK-PRTM09082022',	'PR000011',	24,	'Ya',	'',	'Sesuai Kebutuhan',	'',	'2022-08-09 04:40:35',	'2022-08-09 04:40:35',	'0000-00-00 00:00:00',	0),
(1345,	'TASK-PRTM09082022',	'PR000011',	25,	'Ya',	'',	'Buah',	'',	'2022-08-09 04:40:35',	'2022-08-09 04:40:35',	'0000-00-00 00:00:00',	0),
(1346,	'TASK-PRTM09082022',	'PR000011',	26,	'Ya',	'',	'Buah',	'',	'2022-08-09 04:40:35',	'2022-08-09 04:40:35',	'0000-00-00 00:00:00',	0),
(1347,	'TASK-PRTM09082022',	'PR000011',	27,	'Ya',	'',	'Buah',	'',	'2022-08-09 04:40:35',	'2022-08-09 04:40:35',	'0000-00-00 00:00:00',	0),
(1348,	'TASK-PRTM09082022',	'PR000011',	28,	'Ya',	'',	'Buah',	'',	'2022-08-09 04:40:35',	'2022-08-09 04:40:35',	'0000-00-00 00:00:00',	0),
(1349,	'TASK-PRTM09082022',	'PR000011',	29,	'Ya',	'',	'Sesuai Kebutuhan',	'',	'2022-08-09 04:40:35',	'2022-08-09 04:40:35',	'0000-00-00 00:00:00',	0),
(1350,	'TASK-PRTM09082022',	'PR000011',	30,	'Ya',	'',	'Sesuai Kebutuhan',	'',	'2022-08-09 04:40:35',	'2022-08-09 04:40:35',	'0000-00-00 00:00:00',	0),
(1351,	'TASK-PRTM09082022',	'PR000011',	31,	'Ya',	'',	'Sesuai Kebutuhan',	'',	'2022-08-09 04:40:35',	'2022-08-09 04:40:35',	'0000-00-00 00:00:00',	0),
(1352,	'TASK-PRTM09082022',	'PR000011',	32,	'Ya',	'',	'Sesuai Kebutuhan',	'',	'2022-08-09 04:40:35',	'2022-08-09 04:40:35',	'0000-00-00 00:00:00',	0),
(1353,	'TASK-PRTM09082022',	'PR000011',	33,	'Ya',	'',	'Sesuai Kebutuhan',	'',	'2022-08-09 04:40:35',	'2022-08-09 04:40:35',	'0000-00-00 00:00:00',	0),
(1354,	'TASK-PRTM09082022',	'PR000011',	34,	'Ya',	'',	'Sesuai Kebutuhan',	'',	'2022-08-09 04:40:35',	'2022-08-09 04:40:35',	'0000-00-00 00:00:00',	0),
(1355,	'TASK-PRTM09082022',	'PR000011',	35,	'Ya',	'',	'Sesuai Kebutuhan',	'',	'2022-08-09 04:40:35',	'2022-08-09 04:40:35',	'0000-00-00 00:00:00',	0),
(1356,	'TASK-PRTM09082022',	'PR000011',	36,	'Ya',	'',	'Sesuai Kebutuhan',	'',	'2022-08-09 04:40:35',	'2022-08-09 04:40:35',	'0000-00-00 00:00:00',	0),
(1357,	'TASK-PRTM09082022',	'PR000011',	37,	'Ya',	'',	'Buah',	'',	'2022-08-09 04:40:35',	'2022-08-09 04:40:35',	'0000-00-00 00:00:00',	0),
(1358,	'TASK-PRTM09082022',	'PR000011',	38,	'Ya',	'',	'Buah',	'',	'2022-08-09 04:40:35',	'2022-08-09 04:40:35',	'0000-00-00 00:00:00',	0),
(1359,	'TASK-PRTM09082022',	'PR000011',	39,	'Tidak',	'',	'Set',	'',	'2022-08-09 04:40:35',	'2022-08-09 04:40:35',	'0000-00-00 00:00:00',	0),
(1360,	'TASK-PRTM09082022',	'PR000011',	40,	'Tidak',	'',	'Buah',	'',	'2022-08-09 04:40:35',	'2022-08-09 04:40:35',	'0000-00-00 00:00:00',	0),
(1361,	'TASK-PRTM09082022',	'PR000011',	41,	'Ya',	'',	'Buah',	'',	'2022-08-09 04:40:35',	'2022-08-09 04:40:35',	'0000-00-00 00:00:00',	0),
(1362,	'TASK-PRTM09082022',	'PR000011',	42,	'Ya',	'',	'Buah',	'',	'2022-08-09 04:40:35',	'2022-08-09 04:40:35',	'0000-00-00 00:00:00',	0),
(1363,	'TASK-PRTM09082022',	'PR000011',	43,	'Ya',	'',	'Buah',	'',	'2022-08-09 04:40:35',	'2022-08-09 04:40:35',	'0000-00-00 00:00:00',	0),
(1364,	'TASK-PRTM09082022',	'PR000011',	44,	'Ya',	'',	'Buah',	'',	'2022-08-09 04:40:35',	'2022-08-09 04:40:35',	'0000-00-00 00:00:00',	0),
(1365,	'TASK-PRTM09082022',	'PR000011',	45,	'Tidak',	'',	'Buah',	'',	'2022-08-09 04:40:35',	'2022-08-09 04:40:35',	'0000-00-00 00:00:00',	0),
(1366,	'TASK-PRTM09082022',	'PR000011',	46,	'Ya',	'',	'Buah',	'',	'2022-08-09 04:40:35',	'2022-08-09 04:40:35',	'0000-00-00 00:00:00',	0),
(1367,	'TASK-PRTM09082022',	'PR000011',	47,	'Ya',	'',	'Buah',	'',	'2022-08-09 04:40:35',	'2022-08-09 04:40:35',	'0000-00-00 00:00:00',	0),
(1368,	'TASK-PRTM09082022',	'PR000011',	48,	'Tidak',	'',	'Buah',	'',	'2022-08-09 04:40:35',	'2022-08-09 04:40:35',	'0000-00-00 00:00:00',	0),
(1369,	'TASK-PRTM09082022',	'PR000011',	49,	'Ya',	'',	'Buah',	'',	'2022-08-09 04:40:35',	'2022-08-09 04:40:35',	'0000-00-00 00:00:00',	0),
(1370,	'TASK-PRTM09082022',	'PR000011',	50,	'Ya',	'',	'Buah',	'',	'2022-08-09 04:40:35',	'2022-08-09 04:40:35',	'0000-00-00 00:00:00',	0),
(1371,	'TASK-PRTM09082022',	'PR000011',	51,	'Ya',	'',	'Unit',	'',	'2022-08-09 04:40:35',	'2022-08-09 04:40:35',	'0000-00-00 00:00:00',	0),
(1372,	'TASK-PRTM09082022',	'PR000011',	52,	'Ya',	'',	'Unit',	'',	'2022-08-09 04:40:35',	'2022-08-09 04:40:35',	'0000-00-00 00:00:00',	0),
(1373,	'TASK-PRTM09082022',	'PR000011',	53,	'Ya',	'',	'Unit',	'',	'2022-08-09 04:40:35',	'2022-08-09 04:40:35',	'0000-00-00 00:00:00',	0),
(1374,	'TASK-PRTM09082022',	'PR000011',	54,	'Ya',	'',	'Sesuai Kebutuhan',	'Kop Klinik',	'2022-08-09 04:40:35',	'2022-08-09 04:40:35',	'0000-00-00 00:00:00',	0),
(1375,	'TASK-PRTM09082022',	'PR000011',	55,	'Ya',	'',	'Sesuai Kebutuhan',	'Kop Klinik',	'2022-08-09 04:40:35',	'2022-08-09 04:40:35',	'0000-00-00 00:00:00',	0),
(1376,	'TASK-PRTM09082022',	'PR000011',	56,	'Ya',	'',	'Sesuai Kebutuhan',	'Kop Klinik',	'2022-08-09 04:40:35',	'2022-08-09 04:40:35',	'0000-00-00 00:00:00',	0),
(1377,	'TASK-PRTM09082022',	'PR000011',	57,	'Ya',	'',	'Sesuai Kebutuhan',	'Kop Klinik',	'2022-08-09 04:40:35',	'2022-08-09 04:40:35',	'0000-00-00 00:00:00',	0),
(1378,	'TASK-PRTM09082022',	'PR000011',	58,	'Ya',	'',	'Sesuai Kebutuhan',	'Kop Klinik',	'2022-08-09 04:40:35',	'2022-08-09 04:40:35',	'0000-00-00 00:00:00',	0),
(1379,	'TASK-PRTM09082022',	'PR000011',	59,	'Ya',	'',	'Sesuai Kebutuhan',	'Kop Klinik',	'2022-08-09 04:40:35',	'2022-08-09 04:40:35',	'0000-00-00 00:00:00',	0),
(1380,	'TASK-PRTM09082022',	'PR000011',	60,	'Ya',	'',	'Sesuai Kebutuhan',	'Kop Klinik',	'2022-08-09 04:40:35',	'2022-08-09 04:40:35',	'0000-00-00 00:00:00',	0),
(1381,	'TASK-PRTM09082022',	'PR000011',	61,	'Tidak',	'',	'Buah',	'',	'2022-08-09 04:40:35',	'2022-08-09 04:40:35',	'0000-00-00 00:00:00',	0),
(1382,	'TASK-PRTM09082022',	'PR000011',	62,	'Ya',	'',	'Sesuai Kebutuhan',	'',	'2022-08-09 04:40:35',	'2022-08-09 04:40:35',	'0000-00-00 00:00:00',	0),
(1383,	'TASK-PRTM09082022',	'PR000011',	63,	'Ya',	'',	'Sesuai Kebutuhan',	'',	'2022-08-09 04:40:35',	'2022-08-09 04:40:35',	'0000-00-00 00:00:00',	0),
(1384,	'TASK-PRTM09082022',	'PR000011',	64,	'Tidak',	'',	'Sesuai Kebutuhan',	'',	'2022-08-09 04:40:35',	'2022-08-09 04:40:35',	'0000-00-00 00:00:00',	0),
(1385,	'TASK-PRTM09082022',	'PR000011',	65,	'Ya',	'',	'Sesuai Kebutuhan',	'',	'2022-08-09 04:40:35',	'2022-08-09 04:40:35',	'0000-00-00 00:00:00',	0),
(1386,	'TASK-PRTM09082022',	'PR000011',	66,	'Ya',	'',	'Sesuai Kebutuhan',	'',	'2022-08-09 04:40:35',	'2022-08-09 04:40:35',	'0000-00-00 00:00:00',	0),
(1387,	'TASK-PRTM09082022',	'PR000012',	1,	'Ya',	'',	'Buah',	'',	'2022-08-09 08:54:39',	'2022-08-09 08:54:39',	'0000-00-00 00:00:00',	0),
(1388,	'TASK-PRTM09082022',	'PR000012',	2,	'Tidak',	'',	'Set',	'',	'2022-08-09 08:54:39',	'2022-08-09 08:54:39',	'0000-00-00 00:00:00',	0),
(1389,	'TASK-PRTM09082022',	'PR000012',	3,	'Ya',	'',	'Buah',	'',	'2022-08-09 08:54:39',	'2022-08-09 08:54:39',	'0000-00-00 00:00:00',	0),
(1390,	'TASK-PRTM09082022',	'PR000012',	4,	'Ya',	'',	'',	'',	'2022-08-09 08:54:39',	'2022-08-09 08:54:39',	'0000-00-00 00:00:00',	0),
(1391,	'TASK-PRTM09082022',	'PR000012',	5,	'Ya',	'',	'Buah',	'',	'2022-08-09 08:54:39',	'2022-08-09 08:54:39',	'0000-00-00 00:00:00',	0),
(1392,	'TASK-PRTM09082022',	'PR000012',	6,	'Tidak',	'',	'Set',	'',	'2022-08-09 08:54:39',	'2022-08-09 08:54:39',	'0000-00-00 00:00:00',	0),
(1393,	'TASK-PRTM09082022',	'PR000012',	7,	'Tidak',	'',	'Set',	'',	'2022-08-09 08:54:39',	'2022-08-09 08:54:39',	'0000-00-00 00:00:00',	0),
(1394,	'TASK-PRTM09082022',	'PR000012',	8,	'Ya',	'',	'Buah',	'',	'2022-08-09 08:54:39',	'2022-08-09 08:54:39',	'0000-00-00 00:00:00',	0),
(1395,	'TASK-PRTM09082022',	'PR000012',	9,	'Ya',	'',	'Buah',	'',	'2022-08-09 08:54:39',	'2022-08-09 08:54:39',	'0000-00-00 00:00:00',	0),
(1396,	'TASK-PRTM09082022',	'PR000012',	10,	'Ya',	'',	'Buah',	'',	'2022-08-09 08:54:39',	'2022-08-09 08:54:39',	'0000-00-00 00:00:00',	0),
(1397,	'TASK-PRTM09082022',	'PR000012',	11,	'Ya',	'',	'Buah',	'',	'2022-08-09 08:54:39',	'2022-08-09 08:54:39',	'0000-00-00 00:00:00',	0),
(1398,	'TASK-PRTM09082022',	'PR000012',	12,	'Ya',	'',	'Buah',	'',	'2022-08-09 08:54:39',	'2022-08-09 08:54:39',	'0000-00-00 00:00:00',	0),
(1399,	'TASK-PRTM09082022',	'PR000012',	13,	'Ya',	'',	'Buah',	'',	'2022-08-09 08:54:39',	'2022-08-09 08:54:39',	'0000-00-00 00:00:00',	0),
(1400,	'TASK-PRTM09082022',	'PR000012',	14,	'Ya',	'',	'Buah',	'',	'2022-08-09 08:54:39',	'2022-08-09 08:54:39',	'0000-00-00 00:00:00',	0),
(1401,	'TASK-PRTM09082022',	'PR000012',	15,	'Ya',	'',	'Sesuai Kebutuhan',	'',	'2022-08-09 08:54:39',	'2022-08-09 08:54:39',	'0000-00-00 00:00:00',	0),
(1402,	'TASK-PRTM09082022',	'PR000012',	16,	'Tidak',	'',	'Buah',	'',	'2022-08-09 08:54:39',	'2022-08-09 08:54:39',	'0000-00-00 00:00:00',	0),
(1403,	'TASK-PRTM09082022',	'PR000012',	17,	'Ya',	'',	'Buah',	'',	'2022-08-09 08:54:39',	'2022-08-09 08:54:39',	'0000-00-00 00:00:00',	0),
(1404,	'TASK-PRTM09082022',	'PR000012',	18,	'Ya',	'',	'Set',	'',	'2022-08-09 08:54:39',	'2022-08-09 08:54:39',	'0000-00-00 00:00:00',	0),
(1405,	'TASK-PRTM09082022',	'PR000012',	19,	'Ya',	'',	'Buah',	'',	'2022-08-09 08:54:39',	'2022-08-09 08:54:39',	'0000-00-00 00:00:00',	0),
(1406,	'TASK-PRTM09082022',	'PR000012',	20,	'Ya',	'',	'Buah',	'',	'2022-08-09 08:54:39',	'2022-08-09 08:54:39',	'0000-00-00 00:00:00',	0),
(1407,	'TASK-PRTM09082022',	'PR000012',	21,	'Ya',	'',	'Buah',	'',	'2022-08-09 08:54:39',	'2022-08-09 08:54:39',	'0000-00-00 00:00:00',	0),
(1408,	'TASK-PRTM09082022',	'PR000012',	22,	'Ya',	'',	'Buah',	'',	'2022-08-09 08:54:39',	'2022-08-09 08:54:39',	'0000-00-00 00:00:00',	0),
(1409,	'TASK-PRTM09082022',	'PR000012',	23,	'Ya',	'',	'Buah',	'',	'2022-08-09 08:54:39',	'2022-08-09 08:54:39',	'0000-00-00 00:00:00',	0),
(1410,	'TASK-PRTM09082022',	'PR000012',	24,	'Ya',	'',	'Sesuai Kebutuhan',	'',	'2022-08-09 08:54:39',	'2022-08-09 08:54:39',	'0000-00-00 00:00:00',	0),
(1411,	'TASK-PRTM09082022',	'PR000012',	25,	'Ya',	'',	'Buah',	'',	'2022-08-09 08:54:39',	'2022-08-09 08:54:39',	'0000-00-00 00:00:00',	0),
(1412,	'TASK-PRTM09082022',	'PR000012',	26,	'Ya',	'',	'Buah',	'',	'2022-08-09 08:54:39',	'2022-08-09 08:54:39',	'0000-00-00 00:00:00',	0),
(1413,	'TASK-PRTM09082022',	'PR000012',	27,	'Ya',	'',	'Buah',	'',	'2022-08-09 08:54:39',	'2022-08-09 08:54:39',	'0000-00-00 00:00:00',	0),
(1414,	'TASK-PRTM09082022',	'PR000012',	28,	'Ya',	'',	'Buah',	'',	'2022-08-09 08:54:39',	'2022-08-09 08:54:39',	'0000-00-00 00:00:00',	0),
(1415,	'TASK-PRTM09082022',	'PR000012',	29,	'Ya',	'',	'Sesuai Kebutuhan',	'',	'2022-08-09 08:54:39',	'2022-08-09 08:54:39',	'0000-00-00 00:00:00',	0),
(1416,	'TASK-PRTM09082022',	'PR000012',	30,	'Ya',	'',	'Sesuai Kebutuhan',	'',	'2022-08-09 08:54:39',	'2022-08-09 08:54:39',	'0000-00-00 00:00:00',	0),
(1417,	'TASK-PRTM09082022',	'PR000012',	31,	'Ya',	'',	'Sesuai Kebutuhan',	'',	'2022-08-09 08:54:39',	'2022-08-09 08:54:39',	'0000-00-00 00:00:00',	0),
(1418,	'TASK-PRTM09082022',	'PR000012',	32,	'Ya',	'',	'Sesuai Kebutuhan',	'',	'2022-08-09 08:54:39',	'2022-08-09 08:54:39',	'0000-00-00 00:00:00',	0),
(1419,	'TASK-PRTM09082022',	'PR000012',	33,	'Ya',	'',	'Sesuai Kebutuhan',	'',	'2022-08-09 08:54:39',	'2022-08-09 08:54:39',	'0000-00-00 00:00:00',	0),
(1420,	'TASK-PRTM09082022',	'PR000012',	34,	'Ya',	'',	'Sesuai Kebutuhan',	'',	'2022-08-09 08:54:39',	'2022-08-09 08:54:39',	'0000-00-00 00:00:00',	0),
(1421,	'TASK-PRTM09082022',	'PR000012',	35,	'Ya',	'',	'Sesuai Kebutuhan',	'',	'2022-08-09 08:54:39',	'2022-08-09 08:54:39',	'0000-00-00 00:00:00',	0),
(1422,	'TASK-PRTM09082022',	'PR000012',	36,	'Ya',	'',	'Sesuai Kebutuhan',	'',	'2022-08-09 08:54:39',	'2022-08-09 08:54:39',	'0000-00-00 00:00:00',	0),
(1423,	'TASK-PRTM09082022',	'PR000012',	37,	'Ya',	'',	'Buah',	'',	'2022-08-09 08:54:39',	'2022-08-09 08:54:39',	'0000-00-00 00:00:00',	0),
(1424,	'TASK-PRTM09082022',	'PR000012',	38,	'Ya',	'',	'Buah',	'',	'2022-08-09 08:54:39',	'2022-08-09 08:54:39',	'0000-00-00 00:00:00',	0),
(1425,	'TASK-PRTM09082022',	'PR000012',	39,	'Tidak',	'',	'Set',	'',	'2022-08-09 08:54:39',	'2022-08-09 08:54:39',	'0000-00-00 00:00:00',	0),
(1426,	'TASK-PRTM09082022',	'PR000012',	40,	'Tidak',	'',	'Buah',	'',	'2022-08-09 08:54:39',	'2022-08-09 08:54:39',	'0000-00-00 00:00:00',	0),
(1427,	'TASK-PRTM09082022',	'PR000012',	41,	'Ya',	'',	'Buah',	'',	'2022-08-09 08:54:39',	'2022-08-09 08:54:39',	'0000-00-00 00:00:00',	0),
(1428,	'TASK-PRTM09082022',	'PR000012',	42,	'Ya',	'',	'Buah',	'',	'2022-08-09 08:54:39',	'2022-08-09 08:54:39',	'0000-00-00 00:00:00',	0),
(1429,	'TASK-PRTM09082022',	'PR000012',	43,	'Ya',	'',	'Buah',	'',	'2022-08-09 08:54:39',	'2022-08-09 08:54:39',	'0000-00-00 00:00:00',	0),
(1430,	'TASK-PRTM09082022',	'PR000012',	44,	'Ya',	'',	'Buah',	'',	'2022-08-09 08:54:39',	'2022-08-09 08:54:39',	'0000-00-00 00:00:00',	0),
(1431,	'TASK-PRTM09082022',	'PR000012',	45,	'Ya',	'',	'Buah',	'',	'2022-08-09 08:54:39',	'2022-08-09 08:54:39',	'0000-00-00 00:00:00',	0),
(1432,	'TASK-PRTM09082022',	'PR000012',	46,	'Ya',	'',	'Buah',	'',	'2022-08-09 08:54:39',	'2022-08-09 08:54:39',	'0000-00-00 00:00:00',	0),
(1433,	'TASK-PRTM09082022',	'PR000012',	47,	'Ya',	'',	'Buah',	'',	'2022-08-09 08:54:39',	'2022-08-09 08:54:39',	'0000-00-00 00:00:00',	0),
(1434,	'TASK-PRTM09082022',	'PR000012',	48,	'Ya',	'',	'Buah',	'',	'2022-08-09 08:54:39',	'2022-08-09 08:54:39',	'0000-00-00 00:00:00',	0),
(1435,	'TASK-PRTM09082022',	'PR000012',	49,	'Ya',	'',	'Buah',	'',	'2022-08-09 08:54:39',	'2022-08-09 08:54:39',	'0000-00-00 00:00:00',	0),
(1436,	'TASK-PRTM09082022',	'PR000012',	50,	'Ya',	'',	'Buah',	'',	'2022-08-09 08:54:39',	'2022-08-09 08:54:39',	'0000-00-00 00:00:00',	0),
(1437,	'TASK-PRTM09082022',	'PR000012',	51,	'Ya',	'',	'Unit',	'',	'2022-08-09 08:54:39',	'2022-08-09 08:54:39',	'0000-00-00 00:00:00',	0),
(1438,	'TASK-PRTM09082022',	'PR000012',	52,	'Ya',	'',	'Unit',	'',	'2022-08-09 08:54:39',	'2022-08-09 08:54:39',	'0000-00-00 00:00:00',	0),
(1439,	'TASK-PRTM09082022',	'PR000012',	53,	'Ya',	'',	'Unit',	'',	'2022-08-09 08:54:39',	'2022-08-09 08:54:39',	'0000-00-00 00:00:00',	0),
(1440,	'TASK-PRTM09082022',	'PR000012',	54,	'Ya',	'',	'Sesuai Kebutuhan',	'',	'2022-08-09 08:54:39',	'2022-08-09 08:54:39',	'0000-00-00 00:00:00',	0),
(1441,	'TASK-PRTM09082022',	'PR000012',	55,	'Ya',	'',	'Sesuai Kebutuhan',	'',	'2022-08-09 08:54:39',	'2022-08-09 08:54:39',	'0000-00-00 00:00:00',	0),
(1442,	'TASK-PRTM09082022',	'PR000012',	56,	'Ya',	'',	'Sesuai Kebutuhan',	'revisi kop',	'2022-08-09 08:54:39',	'2022-08-09 08:55:12',	'0000-00-00 00:00:00',	0),
(1443,	'TASK-PRTM09082022',	'PR000012',	57,	'Tidak',	'',	'Sesuai Kebutuhan',	'',	'2022-08-09 08:54:39',	'2022-08-09 08:55:12',	'0000-00-00 00:00:00',	0),
(1444,	'TASK-PRTM09082022',	'PR000012',	58,	'Ya',	'',	'Sesuai Kebutuhan',	'',	'2022-08-09 08:54:39',	'2022-08-09 08:54:39',	'0000-00-00 00:00:00',	0),
(1445,	'TASK-PRTM09082022',	'PR000012',	59,	'Ya',	'',	'Sesuai Kebutuhan',	'',	'2022-08-09 08:54:39',	'2022-08-09 08:54:39',	'0000-00-00 00:00:00',	0),
(1446,	'TASK-PRTM09082022',	'PR000012',	60,	'Ya',	'',	'Sesuai Kebutuhan',	'',	'2022-08-09 08:54:39',	'2022-08-09 08:54:39',	'0000-00-00 00:00:00',	0),
(1447,	'TASK-PRTM09082022',	'PR000012',	61,	'Tidak',	'',	'Buah',	'',	'2022-08-09 08:54:39',	'2022-08-09 08:55:24',	'0000-00-00 00:00:00',	0),
(1448,	'TASK-PRTM09082022',	'PR000012',	62,	'Ya',	'',	'Sesuai Kebutuhan',	'',	'2022-08-09 08:54:39',	'2022-08-09 08:54:39',	'0000-00-00 00:00:00',	0),
(1449,	'TASK-PRTM09082022',	'PR000012',	63,	'Ya',	'',	'Sesuai Kebutuhan',	'',	'2022-08-09 08:54:39',	'2022-08-09 08:54:39',	'0000-00-00 00:00:00',	0),
(1450,	'TASK-PRTM09082022',	'PR000012',	64,	'Ya',	'',	'Sesuai Kebutuhan',	'',	'2022-08-09 08:54:39',	'2022-08-09 08:54:39',	'0000-00-00 00:00:00',	0),
(1451,	'TASK-PRTM09082022',	'PR000012',	65,	'Ya',	'',	'Sesuai Kebutuhan',	'',	'2022-08-09 08:54:39',	'2022-08-09 08:54:39',	'0000-00-00 00:00:00',	0),
(1452,	'TASK-PRTM09082022',	'PR000012',	66,	'Ya',	'',	'Sesuai Kebutuhan',	'',	'2022-08-09 08:54:39',	'2022-08-09 08:54:39',	'0000-00-00 00:00:00',	0),
(1453,	'TASK-PRTM09082022',	'PR000014',	1,	'Tidak',	'',	'Buah',	'',	'2022-08-09 12:02:45',	'2022-08-09 12:02:45',	'0000-00-00 00:00:00',	0),
(1454,	'TASK-PRTM09082022',	'PR000014',	2,	'Tidak',	'',	'Set',	'',	'2022-08-09 12:02:45',	'2022-08-09 12:02:45',	'0000-00-00 00:00:00',	0),
(1455,	'TASK-PRTM09082022',	'PR000014',	3,	'Tidak',	'',	'Buah',	'',	'2022-08-09 12:02:45',	'2022-08-09 12:02:45',	'0000-00-00 00:00:00',	0),
(1456,	'TASK-PRTM09082022',	'PR000014',	4,	'Tidak',	'',	'',	'',	'2022-08-09 12:02:45',	'2022-08-09 12:02:45',	'0000-00-00 00:00:00',	0),
(1457,	'TASK-PRTM09082022',	'PR000014',	5,	'Ya',	'',	'Buah',	'',	'2022-08-09 12:02:45',	'2022-08-09 12:02:45',	'0000-00-00 00:00:00',	0),
(1458,	'TASK-PRTM09082022',	'PR000014',	6,	'Tidak',	'',	'Set',	'',	'2022-08-09 12:02:45',	'2022-08-09 12:02:45',	'0000-00-00 00:00:00',	0),
(1459,	'TASK-PRTM09082022',	'PR000014',	7,	'Tidak',	'',	'Set',	'',	'2022-08-09 12:02:45',	'2022-08-09 12:02:45',	'0000-00-00 00:00:00',	0),
(1460,	'TASK-PRTM09082022',	'PR000014',	8,	'Ya',	'',	'Buah',	'',	'2022-08-09 12:02:45',	'2022-08-09 12:02:45',	'0000-00-00 00:00:00',	0),
(1461,	'TASK-PRTM09082022',	'PR000014',	9,	'Ya',	'',	'Buah',	'',	'2022-08-09 12:02:45',	'2022-08-09 12:02:45',	'0000-00-00 00:00:00',	0),
(1462,	'TASK-PRTM09082022',	'PR000014',	10,	'Ya',	'',	'Buah',	'',	'2022-08-09 12:02:45',	'2022-08-09 12:02:45',	'0000-00-00 00:00:00',	0),
(1463,	'TASK-PRTM09082022',	'PR000014',	11,	'Ya',	'',	'Buah',	'',	'2022-08-09 12:02:45',	'2022-08-09 12:02:45',	'0000-00-00 00:00:00',	0),
(1464,	'TASK-PRTM09082022',	'PR000014',	12,	'Ya',	'',	'Buah',	'',	'2022-08-09 12:02:45',	'2022-08-09 12:02:45',	'0000-00-00 00:00:00',	0),
(1465,	'TASK-PRTM09082022',	'PR000014',	13,	'Ya',	'',	'Buah',	'',	'2022-08-09 12:02:45',	'2022-08-09 12:02:45',	'0000-00-00 00:00:00',	0),
(1466,	'TASK-PRTM09082022',	'PR000014',	14,	'Tidak',	'',	'Buah',	'',	'2022-08-09 12:02:45',	'2022-08-09 12:02:45',	'0000-00-00 00:00:00',	0),
(1467,	'TASK-PRTM09082022',	'PR000014',	15,	'Tidak',	'',	'Sesuai Kebutuhan',	'',	'2022-08-09 12:02:45',	'2022-08-09 12:02:45',	'0000-00-00 00:00:00',	0),
(1468,	'TASK-PRTM09082022',	'PR000014',	16,	'Tidak',	'',	'Buah',	'',	'2022-08-09 12:02:45',	'2022-08-09 12:02:45',	'0000-00-00 00:00:00',	0),
(1469,	'TASK-PRTM09082022',	'PR000014',	17,	'Tidak',	'',	'Buah',	'',	'2022-08-09 12:02:45',	'2022-08-09 12:02:45',	'0000-00-00 00:00:00',	0),
(1470,	'TASK-PRTM09082022',	'PR000014',	18,	'Tidak',	'',	'Set',	'',	'2022-08-09 12:02:45',	'2022-08-09 12:02:45',	'0000-00-00 00:00:00',	0),
(1471,	'TASK-PRTM09082022',	'PR000014',	19,	'Tidak',	'',	'Buah',	'',	'2022-08-09 12:02:45',	'2022-08-09 12:02:45',	'0000-00-00 00:00:00',	0),
(1472,	'TASK-PRTM09082022',	'PR000014',	20,	'Tidak',	'',	'Buah',	'',	'2022-08-09 12:02:45',	'2022-08-09 12:02:45',	'0000-00-00 00:00:00',	0),
(1473,	'TASK-PRTM09082022',	'PR000014',	21,	'Tidak',	'',	'Buah',	'',	'2022-08-09 12:02:45',	'2022-08-09 12:02:45',	'0000-00-00 00:00:00',	0),
(1474,	'TASK-PRTM09082022',	'PR000014',	22,	'Tidak',	'',	'Buah',	'',	'2022-08-09 12:02:45',	'2022-08-09 12:02:45',	'0000-00-00 00:00:00',	0),
(1475,	'TASK-PRTM09082022',	'PR000014',	23,	'Tidak',	'',	'Buah',	'',	'2022-08-09 12:02:45',	'2022-08-09 12:02:45',	'0000-00-00 00:00:00',	0),
(1476,	'TASK-PRTM09082022',	'PR000014',	24,	'Tidak',	'',	'Sesuai Kebutuhan',	'',	'2022-08-09 12:02:45',	'2022-08-09 12:02:45',	'0000-00-00 00:00:00',	0),
(1477,	'TASK-PRTM09082022',	'PR000014',	25,	'Ya',	'',	'Buah',	'',	'2022-08-09 12:02:45',	'2022-08-09 12:02:45',	'0000-00-00 00:00:00',	0),
(1478,	'TASK-PRTM09082022',	'PR000014',	26,	'Ya',	'',	'Buah',	'',	'2022-08-09 12:02:45',	'2022-08-09 12:02:45',	'0000-00-00 00:00:00',	0),
(1479,	'TASK-PRTM09082022',	'PR000014',	27,	'Ya',	'',	'Buah',	'',	'2022-08-09 12:02:45',	'2022-08-09 12:02:45',	'0000-00-00 00:00:00',	0),
(1480,	'TASK-PRTM09082022',	'PR000014',	28,	'Ya',	'',	'Buah',	'',	'2022-08-09 12:02:45',	'2022-08-09 12:02:45',	'0000-00-00 00:00:00',	0),
(1481,	'TASK-PRTM09082022',	'PR000014',	29,	'Ya',	'',	'Sesuai Kebutuhan',	'',	'2022-08-09 12:02:45',	'2022-08-09 12:02:45',	'0000-00-00 00:00:00',	0),
(1482,	'TASK-PRTM09082022',	'PR000014',	30,	'Tidak',	'',	'Sesuai Kebutuhan',	'',	'2022-08-09 12:02:45',	'2022-08-09 12:02:45',	'0000-00-00 00:00:00',	0),
(1483,	'TASK-PRTM09082022',	'PR000014',	31,	'Ya',	'',	'Sesuai Kebutuhan',	'',	'2022-08-09 12:02:45',	'2022-08-09 12:02:45',	'0000-00-00 00:00:00',	0),
(1484,	'TASK-PRTM09082022',	'PR000014',	32,	'Ya',	'',	'Sesuai Kebutuhan',	'',	'2022-08-09 12:02:45',	'2022-08-09 12:02:45',	'0000-00-00 00:00:00',	0),
(1485,	'TASK-PRTM09082022',	'PR000014',	33,	'Ya',	'',	'Sesuai Kebutuhan',	'',	'2022-08-09 12:02:45',	'2022-08-09 12:02:45',	'0000-00-00 00:00:00',	0),
(1486,	'TASK-PRTM09082022',	'PR000014',	34,	'Ya',	'',	'Sesuai Kebutuhan',	'',	'2022-08-09 12:02:45',	'2022-08-09 12:02:45',	'0000-00-00 00:00:00',	0),
(1487,	'TASK-PRTM09082022',	'PR000014',	35,	'Ya',	'',	'Sesuai Kebutuhan',	'',	'2022-08-09 12:02:45',	'2022-08-09 12:02:45',	'0000-00-00 00:00:00',	0),
(1488,	'TASK-PRTM09082022',	'PR000014',	36,	'Ya',	'',	'Sesuai Kebutuhan',	'',	'2022-08-09 12:02:45',	'2022-08-09 12:02:45',	'0000-00-00 00:00:00',	0),
(1489,	'TASK-PRTM09082022',	'PR000014',	37,	'Ya',	'',	'Buah',	'',	'2022-08-09 12:02:45',	'2022-08-09 12:02:45',	'0000-00-00 00:00:00',	0),
(1490,	'TASK-PRTM09082022',	'PR000014',	38,	'Tidak',	'',	'Buah',	'',	'2022-08-09 12:02:45',	'2022-08-09 12:02:45',	'0000-00-00 00:00:00',	0),
(1491,	'TASK-PRTM09082022',	'PR000014',	39,	'Tidak',	'',	'Set',	'',	'2022-08-09 12:02:45',	'2022-08-09 12:02:45',	'0000-00-00 00:00:00',	0),
(1492,	'TASK-PRTM09082022',	'PR000014',	40,	'Tidak',	'',	'Buah',	'',	'2022-08-09 12:02:45',	'2022-08-09 12:02:45',	'0000-00-00 00:00:00',	0),
(1493,	'TASK-PRTM09082022',	'PR000014',	41,	'Ya',	'',	'Buah',	'',	'2022-08-09 12:02:45',	'2022-08-09 12:02:45',	'0000-00-00 00:00:00',	0),
(1494,	'TASK-PRTM09082022',	'PR000014',	42,	'Ya',	'',	'Buah',	'',	'2022-08-09 12:02:45',	'2022-08-09 12:02:45',	'0000-00-00 00:00:00',	0),
(1495,	'TASK-PRTM09082022',	'PR000014',	43,	'Tidak',	'',	'Buah',	'',	'2022-08-09 12:02:45',	'2022-08-09 12:02:45',	'0000-00-00 00:00:00',	0),
(1496,	'TASK-PRTM09082022',	'PR000014',	44,	'Tidak',	'',	'Buah',	'',	'2022-08-09 12:02:45',	'2022-08-09 12:02:45',	'0000-00-00 00:00:00',	0),
(1497,	'TASK-PRTM09082022',	'PR000014',	45,	'Tidak',	'',	'Buah',	'',	'2022-08-09 12:02:45',	'2022-08-09 12:02:45',	'0000-00-00 00:00:00',	0),
(1498,	'TASK-PRTM09082022',	'PR000014',	46,	'Ya',	'',	'Buah',	'',	'2022-08-09 12:02:45',	'2022-08-09 12:02:45',	'0000-00-00 00:00:00',	0),
(1499,	'TASK-PRTM09082022',	'PR000014',	47,	'Ya',	'',	'Buah',	'',	'2022-08-09 12:02:45',	'2022-08-09 12:02:45',	'0000-00-00 00:00:00',	0),
(1500,	'TASK-PRTM09082022',	'PR000014',	48,	'Ya',	'',	'Buah',	'',	'2022-08-09 12:02:45',	'2022-08-09 12:02:45',	'0000-00-00 00:00:00',	0),
(1501,	'TASK-PRTM09082022',	'PR000014',	49,	'Tidak',	'',	'Buah',	'',	'2022-08-09 12:02:45',	'2022-08-09 12:02:45',	'0000-00-00 00:00:00',	0),
(1502,	'TASK-PRTM09082022',	'PR000014',	50,	'Ya',	'',	'Buah',	'',	'2022-08-09 12:02:45',	'2022-08-09 12:02:45',	'0000-00-00 00:00:00',	0),
(1503,	'TASK-PRTM09082022',	'PR000014',	51,	'Ya',	'',	'Unit',	'',	'2022-08-09 12:02:45',	'2022-08-09 12:02:45',	'0000-00-00 00:00:00',	0),
(1504,	'TASK-PRTM09082022',	'PR000014',	52,	'Ya',	'',	'Unit',	'',	'2022-08-09 12:02:45',	'2022-08-09 12:02:45',	'0000-00-00 00:00:00',	0),
(1505,	'TASK-PRTM09082022',	'PR000014',	53,	'Ya',	'',	'Unit',	'',	'2022-08-09 12:02:45',	'2022-08-09 12:02:45',	'0000-00-00 00:00:00',	0),
(1506,	'TASK-PRTM09082022',	'PR000014',	54,	'Tidak',	'',	'Sesuai Kebutuhan',	'',	'2022-08-09 12:02:45',	'2022-08-09 12:02:45',	'0000-00-00 00:00:00',	0),
(1507,	'TASK-PRTM09082022',	'PR000014',	55,	'Tidak',	'',	'Sesuai Kebutuhan',	'',	'2022-08-09 12:02:45',	'2022-08-09 12:02:45',	'0000-00-00 00:00:00',	0),
(1508,	'TASK-PRTM09082022',	'PR000014',	56,	'Tidak',	'',	'Sesuai Kebutuhan',	'',	'2022-08-09 12:02:45',	'2022-08-09 12:02:45',	'0000-00-00 00:00:00',	0),
(1509,	'TASK-PRTM09082022',	'PR000014',	57,	'Tidak',	'',	'Sesuai Kebutuhan',	'',	'2022-08-09 12:02:45',	'2022-08-09 12:02:45',	'0000-00-00 00:00:00',	0),
(1510,	'TASK-PRTM09082022',	'PR000014',	58,	'Tidak',	'',	'Sesuai Kebutuhan',	'',	'2022-08-09 12:02:45',	'2022-08-09 12:02:45',	'0000-00-00 00:00:00',	0),
(1511,	'TASK-PRTM09082022',	'PR000014',	59,	'Tidak',	'',	'Sesuai Kebutuhan',	'',	'2022-08-09 12:02:45',	'2022-08-09 12:02:45',	'0000-00-00 00:00:00',	0),
(1512,	'TASK-PRTM09082022',	'PR000014',	60,	'Tidak',	'',	'Sesuai Kebutuhan',	'',	'2022-08-09 12:02:45',	'2022-08-09 12:02:45',	'0000-00-00 00:00:00',	0),
(1513,	'TASK-PRTM09082022',	'PR000014',	61,	'Tidak',	'',	'Buah',	'',	'2022-08-09 12:02:45',	'2022-08-09 12:02:45',	'0000-00-00 00:00:00',	0),
(1514,	'TASK-PRTM09082022',	'PR000014',	62,	'Tidak',	'',	'Sesuai Kebutuhan',	'',	'2022-08-09 12:02:45',	'2022-08-09 12:02:45',	'0000-00-00 00:00:00',	0),
(1515,	'TASK-PRTM09082022',	'PR000014',	63,	'Ya',	'',	'Sesuai Kebutuhan',	'',	'2022-08-09 12:02:45',	'2022-08-09 12:02:45',	'0000-00-00 00:00:00',	0),
(1516,	'TASK-PRTM09082022',	'PR000014',	64,	'Tidak',	'',	'Sesuai Kebutuhan',	'',	'2022-08-09 12:02:45',	'2022-08-09 12:02:45',	'0000-00-00 00:00:00',	0),
(1517,	'TASK-PRTM09082022',	'PR000014',	65,	'Tidak',	'',	'Sesuai Kebutuhan',	'',	'2022-08-09 12:02:45',	'2022-08-09 12:02:45',	'0000-00-00 00:00:00',	0),
(1518,	'TASK-PRTM09082022',	'PR000014',	66,	'Ya',	'',	'Sesuai Kebutuhan',	'',	'2022-08-09 12:02:45',	'2022-08-10 03:10:50',	'0000-00-00 00:00:00',	0),
(1519,	'TASK-PRTM10082022',	'PR000015',	1,	'Tidak',	'',	'Buah',	'',	'2022-08-10 05:57:06',	'2022-08-10 05:57:06',	'0000-00-00 00:00:00',	0),
(1520,	'TASK-PRTM10082022',	'PR000015',	2,	'Tidak',	'',	'Set',	'belum terpasang',	'2022-08-10 05:57:06',	'2022-08-10 05:57:06',	'0000-00-00 00:00:00',	0),
(1521,	'TASK-PRTM10082022',	'PR000015',	3,	'Ya',	'',	'Buah',	'',	'2022-08-10 05:57:06',	'2022-08-10 05:57:06',	'0000-00-00 00:00:00',	0),
(1522,	'TASK-PRTM10082022',	'PR000015',	4,	'Tidak',	'',	'',	'',	'2022-08-10 05:57:06',	'2022-08-10 05:57:06',	'0000-00-00 00:00:00',	0),
(1523,	'TASK-PRTM10082022',	'PR000015',	5,	'Ya',	'',	'Buah',	'',	'2022-08-10 05:57:06',	'2022-08-10 05:57:06',	'0000-00-00 00:00:00',	0),
(1524,	'TASK-PRTM10082022',	'PR000015',	6,	'Tidak',	'',	'Set',	'',	'2022-08-10 05:57:06',	'2022-08-10 05:57:06',	'0000-00-00 00:00:00',	0),
(1525,	'TASK-PRTM10082022',	'PR000015',	7,	'Tidak',	'',	'Set',	'',	'2022-08-10 05:57:06',	'2022-08-10 05:57:06',	'0000-00-00 00:00:00',	0),
(1526,	'TASK-PRTM10082022',	'PR000015',	8,	'Ya',	'',	'Buah',	'',	'2022-08-10 05:57:06',	'2022-08-10 05:57:06',	'0000-00-00 00:00:00',	0),
(1527,	'TASK-PRTM10082022',	'PR000015',	9,	'Ya',	'',	'Buah',	'',	'2022-08-10 05:57:06',	'2022-08-10 05:57:06',	'0000-00-00 00:00:00',	0),
(1528,	'TASK-PRTM10082022',	'PR000015',	10,	'Ya',	'',	'Buah',	'',	'2022-08-10 05:57:06',	'2022-08-10 05:57:06',	'0000-00-00 00:00:00',	0),
(1529,	'TASK-PRTM10082022',	'PR000015',	11,	'Ya',	'',	'Buah',	'',	'2022-08-10 05:57:06',	'2022-08-10 05:57:06',	'0000-00-00 00:00:00',	0),
(1530,	'TASK-PRTM10082022',	'PR000015',	12,	'Tidak',	'',	'Buah',	'',	'2022-08-10 05:57:06',	'2022-08-10 05:57:06',	'0000-00-00 00:00:00',	0),
(1531,	'TASK-PRTM10082022',	'PR000015',	13,	'Ya',	'',	'Buah',	'',	'2022-08-10 05:57:06',	'2022-08-10 05:57:06',	'0000-00-00 00:00:00',	0),
(1532,	'TASK-PRTM10082022',	'PR000015',	14,	'Ya',	'',	'Buah',	'',	'2022-08-10 05:57:06',	'2022-08-10 05:57:06',	'0000-00-00 00:00:00',	0),
(1533,	'TASK-PRTM10082022',	'PR000015',	15,	'Tidak',	'',	'Sesuai Kebutuhan',	'',	'2022-08-10 05:57:06',	'2022-08-10 05:57:06',	'0000-00-00 00:00:00',	0),
(1534,	'TASK-PRTM10082022',	'PR000015',	16,	'Tidak',	'',	'Buah',	'',	'2022-08-10 05:57:06',	'2022-08-10 05:57:06',	'0000-00-00 00:00:00',	0),
(1535,	'TASK-PRTM10082022',	'PR000015',	17,	'Tidak',	'',	'Buah',	'',	'2022-08-10 05:57:06',	'2022-08-10 05:57:06',	'0000-00-00 00:00:00',	0),
(1536,	'TASK-PRTM10082022',	'PR000015',	18,	'Ya',	'',	'Set',	'',	'2022-08-10 05:57:06',	'2022-08-10 05:57:06',	'0000-00-00 00:00:00',	0),
(1537,	'TASK-PRTM10082022',	'PR000015',	19,	'Tidak',	'',	'Buah',	'',	'2022-08-10 05:57:06',	'2022-08-10 05:57:06',	'0000-00-00 00:00:00',	0),
(1538,	'TASK-PRTM10082022',	'PR000015',	20,	'Tidak',	'',	'Buah',	'',	'2022-08-10 05:57:06',	'2022-08-10 05:57:06',	'0000-00-00 00:00:00',	0),
(1539,	'TASK-PRTM10082022',	'PR000015',	21,	'Tidak',	'',	'Buah',	'',	'2022-08-10 05:57:06',	'2022-08-10 05:57:06',	'0000-00-00 00:00:00',	0),
(1540,	'TASK-PRTM10082022',	'PR000015',	22,	'Tidak',	'',	'Buah',	'',	'2022-08-10 05:57:06',	'2022-08-10 05:57:06',	'0000-00-00 00:00:00',	0),
(1541,	'TASK-PRTM10082022',	'PR000015',	23,	'Ya',	'',	'Buah',	'',	'2022-08-10 05:57:06',	'2022-08-10 05:57:06',	'0000-00-00 00:00:00',	0),
(1542,	'TASK-PRTM10082022',	'PR000015',	24,	'Ya',	'',	'Sesuai Kebutuhan',	'',	'2022-08-10 05:57:06',	'2022-08-10 05:57:06',	'0000-00-00 00:00:00',	0),
(1543,	'TASK-PRTM10082022',	'PR000015',	25,	'Ya',	'',	'Buah',	'',	'2022-08-10 05:57:06',	'2022-08-10 05:57:06',	'0000-00-00 00:00:00',	0),
(1544,	'TASK-PRTM10082022',	'PR000015',	26,	'Ya',	'',	'Buah',	'',	'2022-08-10 05:57:06',	'2022-08-10 05:57:06',	'0000-00-00 00:00:00',	0),
(1545,	'TASK-PRTM10082022',	'PR000015',	27,	'Ya',	'',	'Buah',	'',	'2022-08-10 05:57:06',	'2022-08-10 05:57:06',	'0000-00-00 00:00:00',	0),
(1546,	'TASK-PRTM10082022',	'PR000015',	28,	'Ya',	'',	'Buah',	'',	'2022-08-10 05:57:06',	'2022-08-10 05:57:06',	'0000-00-00 00:00:00',	0),
(1547,	'TASK-PRTM10082022',	'PR000015',	29,	'Ya',	'',	'Sesuai Kebutuhan',	'',	'2022-08-10 05:57:06',	'2022-08-10 05:57:06',	'0000-00-00 00:00:00',	0),
(1548,	'TASK-PRTM10082022',	'PR000015',	30,	'Tidak',	'',	'Sesuai Kebutuhan',	'',	'2022-08-10 05:57:06',	'2022-08-10 05:57:06',	'0000-00-00 00:00:00',	0),
(1549,	'TASK-PRTM10082022',	'PR000015',	31,	'Ya',	'',	'Sesuai Kebutuhan',	'',	'2022-08-10 05:57:06',	'2022-08-10 05:57:06',	'0000-00-00 00:00:00',	0),
(1550,	'TASK-PRTM10082022',	'PR000015',	32,	'Ya',	'',	'Sesuai Kebutuhan',	'',	'2022-08-10 05:57:06',	'2022-08-10 05:57:06',	'0000-00-00 00:00:00',	0),
(1551,	'TASK-PRTM10082022',	'PR000015',	33,	'Ya',	'',	'Sesuai Kebutuhan',	'',	'2022-08-10 05:57:06',	'2022-08-10 05:57:06',	'0000-00-00 00:00:00',	0),
(1552,	'TASK-PRTM10082022',	'PR000015',	34,	'Ya',	'',	'Sesuai Kebutuhan',	'',	'2022-08-10 05:57:06',	'2022-08-10 05:57:06',	'0000-00-00 00:00:00',	0),
(1553,	'TASK-PRTM10082022',	'PR000015',	35,	'Ya',	'',	'Sesuai Kebutuhan',	'',	'2022-08-10 05:57:06',	'2022-08-10 05:57:06',	'0000-00-00 00:00:00',	0),
(1554,	'TASK-PRTM10082022',	'PR000015',	36,	'Ya',	'',	'Sesuai Kebutuhan',	'',	'2022-08-10 05:57:06',	'2022-08-10 05:57:06',	'0000-00-00 00:00:00',	0),
(1555,	'TASK-PRTM10082022',	'PR000015',	37,	'Ya',	'',	'Buah',	'',	'2022-08-10 05:57:06',	'2022-08-10 05:57:06',	'0000-00-00 00:00:00',	0),
(1556,	'TASK-PRTM10082022',	'PR000015',	38,	'Ya',	'',	'Buah',	'',	'2022-08-10 05:57:06',	'2022-08-10 05:57:06',	'0000-00-00 00:00:00',	0),
(1557,	'TASK-PRTM10082022',	'PR000015',	39,	'Tidak',	'',	'Set',	'',	'2022-08-10 05:57:06',	'2022-08-10 05:57:06',	'0000-00-00 00:00:00',	0),
(1558,	'TASK-PRTM10082022',	'PR000015',	40,	'Tidak',	'',	'Buah',	'',	'2022-08-10 05:57:06',	'2022-08-10 05:57:06',	'0000-00-00 00:00:00',	0),
(1559,	'TASK-PRTM10082022',	'PR000015',	41,	'Ya',	'',	'Buah',	'',	'2022-08-10 05:57:06',	'2022-08-10 05:57:06',	'0000-00-00 00:00:00',	0),
(1560,	'TASK-PRTM10082022',	'PR000015',	42,	'Ya',	'',	'Buah',	'',	'2022-08-10 05:57:06',	'2022-08-10 05:57:06',	'0000-00-00 00:00:00',	0),
(1561,	'TASK-PRTM10082022',	'PR000015',	43,	'Ya',	'',	'Buah',	'',	'2022-08-10 05:57:06',	'2022-08-10 05:57:06',	'0000-00-00 00:00:00',	0),
(1562,	'TASK-PRTM10082022',	'PR000015',	44,	'Ya',	'',	'Buah',	'',	'2022-08-10 05:57:06',	'2022-08-10 05:57:06',	'0000-00-00 00:00:00',	0),
(1563,	'TASK-PRTM10082022',	'PR000015',	45,	'Ya',	'',	'Buah',	'',	'2022-08-10 05:57:06',	'2022-08-10 05:57:06',	'0000-00-00 00:00:00',	0),
(1564,	'TASK-PRTM10082022',	'PR000015',	46,	'Ya',	'',	'Buah',	'',	'2022-08-10 05:57:06',	'2022-08-10 05:57:06',	'0000-00-00 00:00:00',	0),
(1565,	'TASK-PRTM10082022',	'PR000015',	47,	'Ya',	'',	'Buah',	'',	'2022-08-10 05:57:06',	'2022-08-10 05:57:06',	'0000-00-00 00:00:00',	0),
(1566,	'TASK-PRTM10082022',	'PR000015',	48,	'Ya',	'',	'Buah',	'',	'2022-08-10 05:57:06',	'2022-08-10 05:57:06',	'0000-00-00 00:00:00',	0),
(1567,	'TASK-PRTM10082022',	'PR000015',	49,	'Ya',	'',	'Buah',	'',	'2022-08-10 05:57:06',	'2022-08-10 05:57:06',	'0000-00-00 00:00:00',	0),
(1568,	'TASK-PRTM10082022',	'PR000015',	50,	'Ya',	'',	'Buah',	'',	'2022-08-10 05:57:06',	'2022-08-10 05:57:06',	'0000-00-00 00:00:00',	0),
(1569,	'TASK-PRTM10082022',	'PR000015',	51,	'Ya',	'',	'Unit',	'',	'2022-08-10 05:57:06',	'2022-08-10 05:57:06',	'0000-00-00 00:00:00',	0),
(1570,	'TASK-PRTM10082022',	'PR000015',	52,	'Ya',	'',	'Unit',	'',	'2022-08-10 05:57:06',	'2022-08-10 05:57:06',	'0000-00-00 00:00:00',	0),
(1571,	'TASK-PRTM10082022',	'PR000015',	53,	'Ya',	'',	'Unit',	'',	'2022-08-10 05:57:06',	'2022-08-10 05:57:06',	'0000-00-00 00:00:00',	0),
(1572,	'TASK-PRTM10082022',	'PR000015',	54,	'Ya',	'',	'Sesuai Kebutuhan',	'',	'2022-08-10 05:57:06',	'2022-08-10 05:57:06',	'0000-00-00 00:00:00',	0),
(1573,	'TASK-PRTM10082022',	'PR000015',	55,	'Ya',	'',	'Sesuai Kebutuhan',	'',	'2022-08-10 05:57:06',	'2022-08-10 05:57:06',	'0000-00-00 00:00:00',	0),
(1574,	'TASK-PRTM10082022',	'PR000015',	56,	'Ya',	'',	'Sesuai Kebutuhan',	'',	'2022-08-10 05:57:06',	'2022-08-10 05:57:06',	'0000-00-00 00:00:00',	0),
(1575,	'TASK-PRTM10082022',	'PR000015',	57,	'Ya',	'',	'Sesuai Kebutuhan',	'',	'2022-08-10 05:57:06',	'2022-08-10 05:57:06',	'0000-00-00 00:00:00',	0),
(1576,	'TASK-PRTM10082022',	'PR000015',	58,	'Tidak',	'',	'Sesuai Kebutuhan',	'',	'2022-08-10 05:57:06',	'2022-08-10 05:57:06',	'0000-00-00 00:00:00',	0),
(1577,	'TASK-PRTM10082022',	'PR000015',	59,	'Tidak',	'',	'Sesuai Kebutuhan',	'',	'2022-08-10 05:57:06',	'2022-08-10 05:57:06',	'0000-00-00 00:00:00',	0),
(1578,	'TASK-PRTM10082022',	'PR000015',	60,	'Tidak',	'',	'Sesuai Kebutuhan',	'',	'2022-08-10 05:57:06',	'2022-08-10 05:57:06',	'0000-00-00 00:00:00',	0),
(1579,	'TASK-PRTM10082022',	'PR000015',	61,	'Tidak',	'',	'Buah',	'',	'2022-08-10 05:57:06',	'2022-08-10 05:57:06',	'0000-00-00 00:00:00',	0),
(1580,	'TASK-PRTM10082022',	'PR000015',	62,	'Ya',	'',	'Sesuai Kebutuhan',	'',	'2022-08-10 05:57:06',	'2022-08-10 05:57:06',	'0000-00-00 00:00:00',	0),
(1581,	'TASK-PRTM10082022',	'PR000015',	63,	'Ya',	'',	'Sesuai Kebutuhan',	'',	'2022-08-10 05:57:06',	'2022-08-10 05:57:06',	'0000-00-00 00:00:00',	0),
(1582,	'TASK-PRTM10082022',	'PR000015',	64,	'Tidak',	'',	'Sesuai Kebutuhan',	'',	'2022-08-10 05:57:06',	'2022-08-10 05:57:06',	'0000-00-00 00:00:00',	0),
(1583,	'TASK-PRTM10082022',	'PR000015',	65,	'Tidak',	'',	'Sesuai Kebutuhan',	'',	'2022-08-10 05:57:06',	'2022-08-10 05:57:06',	'0000-00-00 00:00:00',	0),
(1584,	'TASK-PRTM10082022',	'PR000015',	66,	'Tidak',	'',	'Sesuai Kebutuhan',	'',	'2022-08-10 05:57:06',	'2022-08-10 05:57:06',	'0000-00-00 00:00:00',	0);

DROP TABLE IF EXISTS `tbl_penilaian_pratama_form_ketiga`;
CREATE TABLE `tbl_penilaian_pratama_form_ketiga` (
  `id_penilaian` int NOT NULL AUTO_INCREMENT,
  `no_penilaian` varchar(100) NOT NULL,
  `id_klinik` varchar(20) NOT NULL,
  `usulan_rekomendasi` varchar(100) NOT NULL,
  `uraian_penilaian` varchar(1000) NOT NULL,
  `tindak_lanjut_klinik` varchar(100) NOT NULL,
  `nama_perwakilan_pihak_klinik` varchar(100) NOT NULL,
  `jabatan_perwakilan_pihak_klinik` varchar(100) NOT NULL,
  `ttd_perwakilan_klinik` varchar(100) NOT NULL,
  `foto_klinik` mediumtext NOT NULL,
  `ttd_penilai1` varchar(200) NOT NULL,
  `ttd_penilai2` varchar(200) NOT NULL,
  `ttd_penilai3` varchar(200) NOT NULL,
  `ttd_penilai4` varchar(200) NOT NULL,
  `ttd_penilai5` varchar(200) NOT NULL,
  `ttd_penilai6` varchar(200) NOT NULL,
  `ttd_penilai7` varchar(200) NOT NULL,
  `ttd_penilai8` varchar(200) NOT NULL,
  `created_at` timestamp NOT NULL DEFAULT CURRENT_TIMESTAMP,
  `update_at` timestamp NOT NULL DEFAULT CURRENT_TIMESTAMP ON UPDATE CURRENT_TIMESTAMP,
  `delete_at` timestamp NOT NULL,
  `delete` int NOT NULL DEFAULT '0',
  PRIMARY KEY (`id_penilaian`),
  KEY `no_penilaian` (`no_penilaian`),
  KEY `id_klinik` (`id_klinik`),
  CONSTRAINT `tbl_penilaian_pratama_form_ketiga_ibfk_1` FOREIGN KEY (`no_penilaian`) REFERENCES `tbl_penilaian` (`no_penilaian`) ON DELETE CASCADE ON UPDATE CASCADE,
  CONSTRAINT `tbl_penilaian_pratama_form_ketiga_ibfk_2` FOREIGN KEY (`id_klinik`) REFERENCES `tbl_penilaian` (`id_klinik`) ON DELETE CASCADE ON UPDATE CASCADE
) ENGINE=InnoDB DEFAULT CHARSET=utf8mb4 COLLATE=utf8mb4_0900_ai_ci;

INSERT INTO `tbl_penilaian_pratama_form_ketiga` (`id_penilaian`, `no_penilaian`, `id_klinik`, `usulan_rekomendasi`, `uraian_penilaian`, `tindak_lanjut_klinik`, `nama_perwakilan_pihak_klinik`, `jabatan_perwakilan_pihak_klinik`, `ttd_perwakilan_klinik`, `foto_klinik`, `ttd_penilai1`, `ttd_penilai2`, `ttd_penilai3`, `ttd_penilai4`, `ttd_penilai5`, `ttd_penilai6`, `ttd_penilai7`, `ttd_penilai8`, `created_at`, `update_at`, `delete_at`, `delete`) VALUES
(16,	'TASK-PRTM07062022',	'PR001',	'Belum Memenuhi',	'- R. Tindakan = Sterilisator, tissu kasar, plastik tempat sampah, abocath, ambu bag, pispot, cairan spiritus.\r\n- Administrasi = Kop klinik surat ket sakit, kop klinik surat keterangan sehat, kop klinik form resep, form informed consent, kop klinik form rujukan.\r\n- R. Periksa = Bingkai uji coba lensa, plastik tempat sampah. \r\n- R. ASI = Setting prasarana di luar ASI, lemari es penyimpanan ASI.',	'Diperbaiki',	'PT. Phapros Tbk.',	'Manager EHS',	'629ef3271a502.png',	'Klinik_Pratama_Rawat_Jalan_PT_Phapros_Tbk_foto_klinik_1.png',	'629ef3271a591.png',	'629ef3271a5ff.png',	'629ef3271a675.png',	'629ef3271a6b5.png',	'',	'',	'',	'',	'2022-06-07 06:41:43',	'2022-06-07 06:41:43',	'0000-00-00 00:00:00',	0),
(17,	'TASK-PRTM08062022',	'PR002',	'Belum Memenuhi',	'- Kawasan tanpa rokok, APAR lt 1 belum ada, penamaan apotek diganti instalasi farmasi.\r\n- Ruang tindakan : tissu wastafel, tempat sampah medis & plastik blm ada, labeling obat emergency, benang otot, pelilit kapas, spekulum vagina, pispot.\r\n- Ruang periksa : bingkai uji coba lensa untuk refraksi otoscope\r\n- Administrasi : form rujukan, resep, surat ket sehat & sakit blm ada kop surat\r\n- Farmasi : display obat dihilangkan, etiket obat diganti klinik',	'Diperbaiki',	'Klinik Pratama Surya Medika',	'-',	'62a028be5ca4c.png',	'Klinik_Pratama_Rawat_Jalan_Surya_Medika_foto_klinik_1.png',	'62a028be5d4e3.png',	'62a028be5d559.png',	'62a028be5d5c3.png',	'62a028be5d630.png',	'',	'',	'',	'',	'2022-06-08 04:42:38',	'2022-06-08 04:42:38',	'0000-00-00 00:00:00',	0),
(18,	'TASK-PRTM08062022',	'PR003',	'Belum Memenuhi',	'- Papan nama klinik belum sesuai standar\r\n- Lemari RM : Kaca\r\n- Ruang tindakan : dexa inj, ambu bag, spekulum vagina, spekulum telimga\r\n- Ruang gigi : setting alat extraksi, pmeriksaan dasar\r\n- Ruang ASI : breast pump, petunjuk ruangan dipakai/tidak\r\n- Ruang periksa : bingkai uji coba lensa.\r\n- Daftar dokter di ruang tunggu\r\n- Administrasi ; Formulir rujukan, resep, ket sehat & sakit blm ada kop klinik\r\n- Ruang farmasi : etiket obat, SP, SIPNAP',	'Diperbaiki',	'dr. F . Enggar Sri Legani',	'dr. penanggung jawab',	'62a03b9408e9f.png',	'Klinik_Pratama_Rawat_Jalan_Bina_Medika_foto_klinik_1.png',	'62a03b9408f36.png',	'62a03b9408fa7.png',	'62a03b9409014.png',	'62a03b940904f.png',	'',	'',	'',	'',	'2022-06-08 06:03:00',	'2022-06-08 06:03:00',	'0000-00-00 00:00:00',	0),
(19,	'TASK-PRTM08062022',	'PR004',	'Belum Memenuhi',	'- Setting ulang R. Farmasi, R. Pendaftaran, R. Periksa umum.\r\n- Kaca lemari penyimpanan RM\r\n- Papan nama dokter di R. tunggu\r\n- R. tindakan : lemari alat, penataan label, troli emergency, spekulum hidung, telinga, vagina, cairan spiritus\r\n- Administrasi :  surat keterangan sehat & sakit blm ada kop klinik\r\n- R. Periksa : blm ada snellen chart, bingkai uji coba lensa, lup, otoscope\r\n- R. Asi : blm ada\r\n- R. Farmasi : penambahan TTK, pengadaan mell apotek (hrs pbf) termometer ruang, lemari es, tempat sampah, ruangan farmasi blm ada\r\n- Kawasan tanpa rokok',	'Diperbaiki',	'dr. Anggoro Dhana',	'Kepala Upt Poliklinik Udinus',	'62a13b40a785a.png',	'Klinik_Pratama_Rawat_Jalan_Dian_Nuswantoro_foto_klinik_1.png',	'62a13b40a97d6.png',	'62a13b40a984b.png',	'62a13b40a98b3.png',	'62a13b40a98ed.png',	'',	'',	'',	'',	'2022-06-09 00:13:52',	'2022-06-09 00:13:52',	'0000-00-00 00:00:00',	0),
(20,	'TASK-PRTM09062022',	'PR007',	'Belum Memenuhi',	'- Administrasi ; Formulir rujukan\r\n- Penamaan laboratorium dihilangkan dan pintu depan, jadwal praktik, meja pendaftaran, Formulir di klinik\r\n- Jadwal dokter di R. tunggu\r\n- R. Tindakan : pintu, meja kursi dipindah dari R. tindakan,cairan infus, spuite SCC, benang otot, jarum kulit, pinset ditambahkan, cairan spiritus, pispot, plester, alkohol, povidon ioidn, spekulum vagina, hidung, ambu bag.\r\n- R. Periksa belum sesuai standar (5m2), bingkai uji ciba lensa, snellen chart, otoscope\r\n- Petunjuk arah pelayanan lt. 2\r\n- R. ASI : Kulkas\r\n- Laboratorium : alat ukur suhu ruangan, kelembapan, lemari es',	'Diperbaiki',	'Klinik Pratama Helix',	'-',	'62a143c699627.png',	'Klinik_Pratama_Rawat_Jalan_Helix_foto_klinik_1.png',	'62a143c6996af.png',	'62a143c699716.png',	'62a143c699789.png',	'62a143c6997c3.png',	'',	'',	'',	'',	'2022-06-09 00:50:14',	'2022-06-09 00:50:14',	'0000-00-00 00:00:00',	0),
(21,	'TASK-PRTM09062022',	'PR005',	'Belum Memenuhi',	'- Papannama klinik diganti papan bukan MMT\r\n- R. Tindakan : stiker kaca dinding, tisu wastafel, spuite 1 cc, pispot\r\n- R. ASI : Breast pump\r\n- R. gigi : setting alat gigi.\r\n- R. Farmasi : Ruang konseling, surat pesanan (sipa baru)\r\n- Administrasi : alamat resep, informent consent, formulir rujukan, surat keterangan\r\n- R. Periksa : bingkai uji coba lensa untuk refraksi, buku ishihara, spekulu, hidung anak, bantal\r\n- Kawasan tanpa rokok belum ada labeling\r\n- Labeling R. Limbah B3 ',	'Diperbaiki',	'Umrizal',	'-',	'62a14e78beaf2.png',	'Klinik_Pratama_Rawat_Jalan_Dwi_Puspita_Pedurungan_foto_klinik_1.png',	'62a14e78beb6c.png',	'62a14e78bebcf.png',	'62a14e78bec37.png',	'62a14e78bec71.png',	'',	'',	'',	'',	'2022-06-09 01:35:52',	'2022-06-09 01:35:52',	'0000-00-00 00:00:00',	0),
(22,	'TASK-PRTM09062022',	'PR006',	'Belum Memenuhi',	'- R. ASI : kaca ruang ASImasih terlihat dari luar, lemari es belum ada\r\n- R. Tindakan : Perlatan minor set, jarum kulit, benang otot, Spuite 3cc, 5cc, pisau bedah, ambu bag, lidocain, setting alat tindakan, sterilisator dipindah ruang tindakan, povidon iodine, kapas, kassa\r\n- Administrasi : Surat keterangan sehat\r\n- Petunjuk arah pelayanan LT 2\r\n- Farmasi : administrasi SP, lemari navkotik, dispenser ',	'Diperbaiki',	'Lexa Skin Clinic',	'-',	'62a1ac3613fc9.png',	'Klinik_Utama_Rawat_Jalan_Lexa_foto_klinik_1.png',	'62a1ac361404e.png',	'62a1ac36140a6.png',	'62a1ac3614111.png',	'62a1ac361415d.png',	'62a1ac36141a8.png',	'62a1ac36141f5.png',	'',	'',	'2022-06-09 02:38:10',	'2022-06-09 08:15:50',	'0000-00-00 00:00:00',	0),
(23,	'TASK-PRTM21062022',	'PR008',	'Belum Memenuhi',	'-Ruang Farmasi : buku pengeluaran,daftar obat,termometer ruang,epinephrin injeksi, penambahan TTK, papan nama apoteker\r\n- Ruang tindkan : perbedaan ketinggian lantai pintu masuk, spekulum vagina, spekulum hidung, pispot, cairan spiritus, labeling obat emergency\r\n- Ruang ASI : meja, tempat sampah, breast pump\r\n- Kawasan tanpa rokok belum ada labeling\r\n- Sistem penghawaan kurang AC\r\n- Ruang periksa belum ada bingkai uji coba lensa',	'Diperbaiki',	'dr. Dina',	'Dokter penanggungjawab klinik',	'62b17b162a97d.png',	'Klinik_pratama_PKU_Muhammadiyah_foto_klinik_1.png',	'62b17b162b0cd.png',	'62b17b162b13b.png',	'62b17b162b1b9.png',	'62b17b162b1f3.png',	'62b17b162b21c.png',	'62b17b162b241.png',	'',	'',	'2022-06-21 08:02:30',	'2022-06-21 08:13:00',	'0000-00-00 00:00:00',	0),
(24,	'TASK-PRTM21062022',	'PR008',	'Belum Memenuhi',	'-Ruang Farmasi : buku pengeluaran,daftar obat,termometer ruang,epinephrin injeksi, penambahan TTK, papan nama apoteker\r\n- Ruang tindkan : perbedaan ketinggian lantai pintu masuk, spekulum vagina, spekulum hidung, pispot, cairan spiritus, labeling obat emergency\r\n- Ruang ASI : meja, tempat sampah, breast pump\r\n- Kawasan tanpa rokok belum ada labeling\r\n- Sistem penghawaan kurang AC\r\n- Ruang periksa belum ada bingkai uji coba lensa',	'Diperbaiki',	'dr. Dina',	'Dokter penanggungjawab klinik',	'62b17b162a97d.png',	'Klinik_pratama_PKU_Muhammadiyah_foto_klinik_1.png',	'62b17b162b0cd.png',	'62b17b162b13b.png',	'62b17b162b1b9.png',	'62b17b162b1f3.png',	'62b17b162b21c.png',	'62b17b162b241.png',	'',	'',	'2022-06-21 08:03:04',	'2022-06-21 08:13:00',	'0000-00-00 00:00:00',	0),
(25,	'TASK-PRTM21062022',	'PR008',	'Belum Memenuhi',	'-Ruang Farmasi : buku pengeluaran,daftar obat,termometer ruang,epinephrin injeksi, penambahan TTK, papan nama apoteker\r\n- Ruang tindkan : perbedaan ketinggian lantai pintu masuk, spekulum vagina, spekulum hidung, pispot, cairan spiritus, labeling obat emergency\r\n- Ruang ASI : meja, tempat sampah, breast pump\r\n- Kawasan tanpa rokok belum ada labeling\r\n- Sistem penghawaan kurang AC\r\n- Ruang periksa belum ada bingkai uji coba lensa',	'Diperbaiki',	'dr. Dina',	'Dokter penanggungjawab klinik',	'62b17b162a97d.png',	'Klinik_pratama_PKU_Muhammadiyah_foto_klinik_1.png',	'62b17b162b0cd.png',	'62b17b162b13b.png',	'62b17b162b1b9.png',	'62b17b162b1f3.png',	'62b17b162b21c.png',	'62b17b162b241.png',	'',	'',	'2022-06-21 08:03:29',	'2022-06-21 08:13:00',	'0000-00-00 00:00:00',	0),
(26,	'TASK-PRTM09082022',	'PR000010',	'Belum Memenuhi',	'- Ruang Periksa : belum ada bingkai uji coba lensa refraksi, pemindahan snellen chart\r\n- Ruang Laboratorium : disediakan ruang pengambilan sampel, SOP penyimpanan reagen dan pendistribusian reagen dari gudang obat\r\n- Farmasi : belum ada termometer kulkas & kartu monitoring suhu, buku pencatatan ED & penyimpanan obat di emergenct kit (masih tercampur satu dan lainnya)\r\n',	'Diperbaiki',	'Klinik Esti Husada',	'-',	'62f1e28871840.png',	'Klinik_Pratama_Esti_Husada_foto_klinik_1.png',	'62f1e28874100.png',	'62f1e288758a8.png',	'62f1e28875913.png',	'62f1e28875973.png',	'62f1e288759ae.png',	'62f1e288759d7.png',	'',	'',	'2022-08-09 04:28:56',	'2022-08-09 04:28:56',	'0000-00-00 00:00:00',	0),
(27,	'TASK-PRTM09082022',	'PR000011',	'Belum Memenuhi',	'- Petunjuk arah pelayanan lt 2\r\n- Penempatan APAR lt 1 di area publik\r\n- Labeling ruang penyerahan obat dan penerimaan resep\r\n- Administrasi klinik RM, informed consent\r\n- Ruang ASI : breast pump, lemari es\r\n- Ruang periksa : buku ishihara\r\n- Ruang tindakan :dexa inj, pispot spekulum vagina, spekulum hidung, cairan spiritus\r\n- Labeling runag perawatan\r\n- Jalur evakuasi belum ada\r\n- R. Informasi : daftar obat, buku pencatatan kadaluawarsa & narkotika\r\n- Penampungan limbah B3 sementara tertutup dan terkunci\r\n- SOP pengantaran linen kotor, screening pasien masuk (Pedulilindungi) \r\n- BA pemusnahan jarum ED',	'Diperbaiki',	'Klinik Mitavle Esthetic',	'-',	'62f21f5046683.png',	'Klinik_Pratama_Miracle_Aesthetic_Clinic_foto_klinik_1.png',	'62f21f5046717.png',	'62f21f5046780.png',	'62f21f50467e9.png',	'62f21f5046826.png',	'62f21f504685b.png',	'62f21f5046881.png',	'',	'',	'2022-08-09 08:48:16',	'2022-08-09 08:48:16',	'0000-00-00 00:00:00',	0),
(28,	'TASK-PRTM09082022',	'PR000012',	'Belum Memenuhi',	'- thermometer, R. obat, gudang obat & kulkas, monitorinh suhu, penanda IF dan gudang obat, papan praktek apotek\r\n- Daftar dokter praktik R. Tunggu\r\n- R. Periksa : snellen chart, bingkai uji coba lensa\r\n- R. Tindakan : lampu spiritus\r\n- Administrasi : formulir rujukan',	'Diperbaiki',	'Cahyono',	'Ka Klinik',	'62f222138b40b.png',	'Klinik_Pratama_Polrestabes_foto_klinik_1.png',	'62f222138b487.png',	'62f222138b4dd.png',	'62f222138b52c.png',	'62f222138b581.png',	'62f222138b5b1.png',	'62f222138b5d4.png',	'',	'',	'2022-08-09 09:00:03',	'2022-08-09 09:00:03',	'0000-00-00 00:00:00',	0),
(30,	'TASK-PRTM09082022',	'PR000014',	'Belum Memenuhi',	'- R. Tindakan : sterilisator di R. RM, nirbaken, obat emergency, kapas, tempat sampah medis & non medis dg plastik, plester, jarum kulit, benang otot, scapal, spekulum hidung, spekulum telinga, spekulum vagina, ambubag, cairan infus RL, povidone iodine, cairan spiritus, pispot, pelilit kapas.\r\n- R. Periksa : wastafel di R. Periksa, snellen chart, tissu wastafel, bertekstur keras, lampu senter, palu refleks, meteran tb, stetoskop.\r\n- Administrasi : form surat ket sehat & sakit, form rujukan, form informed consent\r\n- R Asi : wastafel, tissu, lemari es, breast pump, meja\r\n- R Perawatan : botox, finfel\r\n- Petunjuk arah pelayan lt 2\r\n- Papan nama klinik\r\n- Alat sterill\r\n- R. konselling apoteker\r\n- Adrenallin inj',	'Diperbaiki',	'Ester D',	'SPV',	'62f324c89b404.png',	'Klinik_Utama_White_and_Young_Dermatology_Clinic_foto_klinik_1.png',	'62f324c89b49c.png',	'62f324c89b4ff.png',	'62f324c89b55c.png',	'62f324c89b5b3.png',	'62f324c89b5e8.png',	'62f324c89b61c.png',	'',	'',	'2022-08-10 03:23:52',	'2022-08-10 03:23:52',	'0000-00-00 00:00:00',	0),
(31,	'TASK-PRTM10082022',	'PR000015',	'Belum Memenuhi',	'- Daftar dokter praktik di ruang tunggu\r\n- R. Tindakan : benang otot, obat emergency, ambu bag, scapel pispot, ciaran spiritus, povido iodine, spekulum hidungm spekulum telinga, sterlilisator, pelilit kapas\r\n- Administrasi : surat keterangan sehat dan surat keterangan sakit, resep\r\n- Ruang Asi : wastafel, lemari es, breast pump, meja, kursi , tempat sampah\r\n- Labelling limbah medis B3\r\n- R. Periksa : lampu senter, pemasangan snellen chart, tempat sampah medis dan non medis\r\n- Wastafel, R Racik, penandan R. Konseling, penanda karantima, meja penyerahan obat, copy, logo iai papan praktek',	'Diperbaiki',	'Yuninda Asih Wilangsari',	'Pemilik',	'633b91887a549.png',	'Klinik_Pratama_Wijaya_Kusuma_foto_klinik_1.png',	'633b91887a5e9.png',	'633b91887a655.png',	'633b91887a6ab.png',	'633b91887a701.png',	'633b91887a750.png',	'633b91887a7a0.png',	'',	'',	'2022-08-10 06:02:26',	'2022-10-04 01:51:04',	'0000-00-00 00:00:00',	0),
(32,	'TASK-PRTM10082022',	'PR000015',	'Belum Memenuhi',	'- Daftar dokter praktik di ruang tunggu\r\n- R. Tindakan : benang otot, obat emergency, ambu bag, scapel pispot, ciaran spiritus, povido iodine, spekulum hidungm spekulum telinga, sterlilisator, pelilit kapas\r\n- Administrasi : surat keterangan sehat dan surat keterangan sakit, resep\r\n- Ruang Asi : wastafel, lemari es, breast pump, meja, kursi , tempat sampah\r\n- Labelling limbah medis B3\r\n- R. Periksa : lampu senter, pemasangan snellen chart, tempat sampah medis dan non medis\r\n- Wastafel, R Racik, penandan R. Konseling, penanda karantima, meja penyerahan obat, copy, logo iai papan praktek',	'Diperbaiki',	'Yuninda Asih Wilangsari',	'Pemilik',	'633b91887a549.png',	'Klinik_Pratama_Wijaya_Kusuma_foto_klinik_1.png',	'633b91887a5e9.png',	'633b91887a655.png',	'633b91887a6ab.png',	'633b91887a701.png',	'633b91887a750.png',	'633b91887a7a0.png',	'',	'',	'2022-08-10 06:03:19',	'2022-10-04 01:51:04',	'0000-00-00 00:00:00',	0);

DROP TABLE IF EXISTS `tbl_penilaian_pratama_form_satu`;
CREATE TABLE `tbl_penilaian_pratama_form_satu` (
  `id_penilaian` int NOT NULL AUTO_INCREMENT,
  `no_penilaian` varchar(50) NOT NULL,
  `id_klinik` varchar(30) NOT NULL,
  `id_rincian_penilaian` int NOT NULL,
  `jawab_hasil` varchar(10) NOT NULL,
  `jawab_hasil_verif` varchar(20) NOT NULL,
  `catatan_hasil_penilaian` varchar(200) NOT NULL,
  `created_at` timestamp NOT NULL DEFAULT CURRENT_TIMESTAMP,
  `update_at` timestamp NOT NULL DEFAULT CURRENT_TIMESTAMP ON UPDATE CURRENT_TIMESTAMP,
  `delete_at` timestamp NOT NULL,
  `delete` int NOT NULL DEFAULT '0',
  PRIMARY KEY (`id_penilaian`),
  KEY `id_rincian_penilaian` (`id_rincian_penilaian`),
  KEY `id_klinik` (`id_klinik`),
  KEY `no_penilaian` (`no_penilaian`),
  CONSTRAINT `tbl_penilaian_pratama_form_satu_ibfk_2` FOREIGN KEY (`id_rincian_penilaian`) REFERENCES `tbl_rincian_penilaian_pratama` (`id_rincian_penilaian`),
  CONSTRAINT `tbl_penilaian_pratama_form_satu_ibfk_3` FOREIGN KEY (`no_penilaian`) REFERENCES `tbl_penilaian` (`no_penilaian`) ON DELETE CASCADE ON UPDATE CASCADE,
  CONSTRAINT `tbl_penilaian_pratama_form_satu_ibfk_4` FOREIGN KEY (`id_klinik`) REFERENCES `tbl_penilaian` (`id_klinik`) ON DELETE CASCADE ON UPDATE CASCADE
) ENGINE=InnoDB DEFAULT CHARSET=utf8mb4 COLLATE=utf8mb4_0900_ai_ci;

INSERT INTO `tbl_penilaian_pratama_form_satu` (`id_penilaian`, `no_penilaian`, `id_klinik`, `id_rincian_penilaian`, `jawab_hasil`, `jawab_hasil_verif`, `catatan_hasil_penilaian`, `created_at`, `update_at`, `delete_at`, `delete`) VALUES
(838,	'TASK-PRTM07062022',	'PR001',	1,	'Ya',	'Ya',	'',	'2022-06-07 06:33:54',	'2022-06-07 06:33:54',	'0000-00-00 00:00:00',	0),
(839,	'TASK-PRTM07062022',	'PR001',	2,	'Ya',	'Ya',	'',	'2022-06-07 06:33:54',	'2022-06-07 06:33:54',	'0000-00-00 00:00:00',	0),
(840,	'TASK-PRTM07062022',	'PR001',	3,	'Ya',	'Ya',	'',	'2022-06-07 06:33:54',	'2022-06-07 06:33:54',	'0000-00-00 00:00:00',	0),
(841,	'TASK-PRTM07062022',	'PR001',	4,	'Ya',	'Ya',	'',	'2022-06-07 06:33:54',	'2022-06-07 06:33:54',	'0000-00-00 00:00:00',	0),
(842,	'TASK-PRTM07062022',	'PR001',	5,	'Ya',	'Ya',	'',	'2022-06-07 06:33:54',	'2022-06-07 06:33:54',	'0000-00-00 00:00:00',	0),
(843,	'TASK-PRTM07062022',	'PR001',	6,	'Ya',	'Ya',	'',	'2022-06-07 06:33:54',	'2022-06-07 06:33:54',	'0000-00-00 00:00:00',	0),
(844,	'TASK-PRTM07062022',	'PR001',	7,	'Ya',	'Ya',	'',	'2022-06-07 06:33:54',	'2022-06-07 06:33:54',	'0000-00-00 00:00:00',	0),
(845,	'TASK-PRTM07062022',	'PR001',	10,	'Ya',	'Ya',	'',	'2022-06-07 06:33:54',	'2022-06-07 06:33:54',	'0000-00-00 00:00:00',	0),
(846,	'TASK-PRTM07062022',	'PR001',	11,	'Ya',	'Ya',	'',	'2022-06-07 06:33:54',	'2022-06-07 06:33:54',	'0000-00-00 00:00:00',	0),
(847,	'TASK-PRTM07062022',	'PR001',	12,	'Ya',	'Ya',	'',	'2022-06-07 06:33:54',	'2022-06-07 06:33:54',	'0000-00-00 00:00:00',	0),
(848,	'TASK-PRTM07062022',	'PR001',	21,	'Ya',	'Ya',	'',	'2022-06-07 06:33:54',	'2022-06-07 06:33:54',	'0000-00-00 00:00:00',	0),
(849,	'TASK-PRTM07062022',	'PR001',	22,	'Tidak',	'Tidak',	'',	'2022-06-07 06:33:54',	'2022-06-07 06:33:54',	'0000-00-00 00:00:00',	0),
(850,	'TASK-PRTM07062022',	'PR001',	23,	'Ya',	'Ya',	'Dipindah dari R. Admin',	'2022-06-07 06:33:54',	'2022-06-07 06:33:54',	'0000-00-00 00:00:00',	0),
(851,	'TASK-PRTM07062022',	'PR001',	24,	'Tidak',	'Tidak',	'',	'2022-06-07 06:33:54',	'2022-06-07 06:33:54',	'0000-00-00 00:00:00',	0),
(852,	'TASK-PRTM07062022',	'PR001',	25,	'Ya',	'Ya',	'Peralatan selain sarpras ASI disktling',	'2022-06-07 06:33:54',	'2022-06-07 06:33:54',	'0000-00-00 00:00:00',	0),
(853,	'TASK-PRTM07062022',	'PR001',	26,	'Tidak',	'Tidak',	'',	'2022-06-07 06:33:54',	'2022-06-07 06:33:54',	'0000-00-00 00:00:00',	0),
(854,	'TASK-PRTM07062022',	'PR001',	27,	'Ya',	'Ya',	'',	'2022-06-07 06:33:54',	'2022-06-07 06:33:54',	'0000-00-00 00:00:00',	0),
(855,	'TASK-PRTM07062022',	'PR001',	28,	'Ya',	'Ya',	'',	'2022-06-07 06:33:54',	'2022-06-07 06:33:54',	'0000-00-00 00:00:00',	0),
(856,	'TASK-PRTM07062022',	'PR001',	29,	'Ya',	'Ya',	'',	'2022-06-07 06:33:54',	'2022-06-07 06:33:54',	'0000-00-00 00:00:00',	0),
(857,	'TASK-PRTM07062022',	'PR001',	30,	'Ya',	'Ya',	'',	'2022-06-07 06:33:54',	'2022-06-07 06:33:54',	'0000-00-00 00:00:00',	0),
(858,	'TASK-PRTM07062022',	'PR001',	31,	'Ya',	'Ya',	'',	'2022-06-07 06:33:54',	'2022-06-07 06:33:54',	'0000-00-00 00:00:00',	0),
(859,	'TASK-PRTM07062022',	'PR001',	32,	'Ya',	'Ya',	'',	'2022-06-07 06:33:54',	'2022-06-07 06:33:54',	'0000-00-00 00:00:00',	0),
(860,	'TASK-PRTM07062022',	'PR001',	33,	'Ya',	'Ya',	'',	'2022-06-07 06:33:54',	'2022-06-07 06:33:54',	'0000-00-00 00:00:00',	0),
(861,	'TASK-PRTM08062022',	'PR002',	1,	'Ya',	'Ya',	'',	'2022-06-08 04:17:42',	'2022-06-08 04:17:42',	'0000-00-00 00:00:00',	0),
(862,	'TASK-PRTM08062022',	'PR002',	2,	'Ya',	'Ya',	'',	'2022-06-08 04:17:42',	'2022-06-08 04:17:42',	'0000-00-00 00:00:00',	0),
(863,	'TASK-PRTM08062022',	'PR002',	3,	'Ya',	'Ya',	'',	'2022-06-08 04:17:42',	'2022-06-08 04:17:42',	'0000-00-00 00:00:00',	0),
(864,	'TASK-PRTM08062022',	'PR002',	4,	'Ya',	'Ya',	'',	'2022-06-08 04:17:42',	'2022-06-08 04:17:42',	'0000-00-00 00:00:00',	0),
(865,	'TASK-PRTM08062022',	'PR002',	5,	'Ya',	'Ya',	'',	'2022-06-08 04:17:42',	'2022-06-08 04:17:42',	'0000-00-00 00:00:00',	0),
(866,	'TASK-PRTM08062022',	'PR002',	6,	'Ya',	'Ya',	'',	'2022-06-08 04:17:42',	'2022-06-08 04:17:42',	'0000-00-00 00:00:00',	0),
(867,	'TASK-PRTM08062022',	'PR002',	7,	'Ya',	'Ya',	'',	'2022-06-08 04:17:42',	'2022-06-08 04:17:42',	'0000-00-00 00:00:00',	0),
(868,	'TASK-PRTM08062022',	'PR002',	10,	'Ya',	'Ya',	'',	'2022-06-08 04:17:42',	'2022-06-08 04:17:42',	'0000-00-00 00:00:00',	0),
(869,	'TASK-PRTM08062022',	'PR002',	11,	'Ya',	'Ya',	'',	'2022-06-08 04:17:42',	'2022-06-08 04:17:42',	'0000-00-00 00:00:00',	0),
(870,	'TASK-PRTM08062022',	'PR002',	12,	'Ya',	'Ya',	'Lt  2',	'2022-06-08 04:17:42',	'2022-06-08 04:17:42',	'0000-00-00 00:00:00',	0),
(871,	'TASK-PRTM08062022',	'PR002',	21,	'Ya',	'Ya',	'Lt 1',	'2022-06-08 04:17:42',	'2022-06-08 04:17:42',	'0000-00-00 00:00:00',	0),
(872,	'TASK-PRTM08062022',	'PR002',	22,	'Tidak',	'Tidak',	'',	'2022-06-08 04:17:42',	'2022-06-08 04:17:42',	'0000-00-00 00:00:00',	0),
(873,	'TASK-PRTM08062022',	'PR002',	23,	'Ya',	'Ya',	'',	'2022-06-08 04:17:42',	'2022-06-08 04:17:42',	'0000-00-00 00:00:00',	0),
(874,	'TASK-PRTM08062022',	'PR002',	24,	'Tidak',	'Tidak',	'',	'2022-06-08 04:17:42',	'2022-06-08 04:17:42',	'0000-00-00 00:00:00',	0),
(875,	'TASK-PRTM08062022',	'PR002',	25,	'Ya',	'Ya',	'Lt 3',	'2022-06-08 04:17:42',	'2022-06-08 04:17:42',	'0000-00-00 00:00:00',	0),
(876,	'TASK-PRTM08062022',	'PR002',	26,	'Tidak',	'Tidak',	'',	'2022-06-08 04:17:42',	'2022-06-08 04:17:42',	'0000-00-00 00:00:00',	0),
(877,	'TASK-PRTM08062022',	'PR002',	27,	'Ya',	'Ya',	'',	'2022-06-08 04:17:42',	'2022-06-08 04:17:42',	'0000-00-00 00:00:00',	0),
(878,	'TASK-PRTM08062022',	'PR002',	28,	'Ya',	'Ya',	'',	'2022-06-08 04:17:42',	'2022-06-08 04:17:42',	'0000-00-00 00:00:00',	0),
(879,	'TASK-PRTM08062022',	'PR002',	29,	'Ya',	'Ya',	'',	'2022-06-08 04:17:42',	'2022-06-08 04:17:42',	'0000-00-00 00:00:00',	0),
(880,	'TASK-PRTM08062022',	'PR002',	30,	'Ya',	'Ya',	'',	'2022-06-08 04:17:42',	'2022-06-08 04:17:42',	'0000-00-00 00:00:00',	0),
(881,	'TASK-PRTM08062022',	'PR002',	31,	'Ya',	'Ya',	'',	'2022-06-08 04:17:42',	'2022-06-08 04:17:42',	'0000-00-00 00:00:00',	0),
(882,	'TASK-PRTM08062022',	'PR002',	32,	'Ya',	'Ya',	'Tambah lt 1',	'2022-06-08 04:17:42',	'2022-06-08 04:17:42',	'0000-00-00 00:00:00',	0),
(883,	'TASK-PRTM08062022',	'PR002',	33,	'Ya',	'Ya',	'',	'2022-06-08 04:17:42',	'2022-06-08 04:17:42',	'0000-00-00 00:00:00',	0),
(884,	'TASK-PRTM08062022',	'PR003',	1,	'Ya',	'Ya',	'',	'2022-06-08 05:17:06',	'2022-06-08 05:17:06',	'0000-00-00 00:00:00',	0),
(885,	'TASK-PRTM08062022',	'PR003',	2,	'Ya',	'Ya',	'',	'2022-06-08 05:17:06',	'2022-06-08 05:17:06',	'0000-00-00 00:00:00',	0),
(886,	'TASK-PRTM08062022',	'PR003',	3,	'Ya',	'Ya',	'',	'2022-06-08 05:17:06',	'2022-06-08 05:17:06',	'0000-00-00 00:00:00',	0),
(887,	'TASK-PRTM08062022',	'PR003',	4,	'Ya',	'Ya',	'',	'2022-06-08 05:17:06',	'2022-06-08 05:17:06',	'0000-00-00 00:00:00',	0),
(888,	'TASK-PRTM08062022',	'PR003',	5,	'Ya',	'Ya',	'',	'2022-06-08 05:17:06',	'2022-06-08 05:17:06',	'0000-00-00 00:00:00',	0),
(889,	'TASK-PRTM08062022',	'PR003',	6,	'Ya',	'Ya',	'',	'2022-06-08 05:17:06',	'2022-06-08 05:17:06',	'0000-00-00 00:00:00',	0),
(890,	'TASK-PRTM08062022',	'PR003',	7,	'Tidak',	'Tidak',	'Ukuran blm',	'2022-06-08 05:17:06',	'2022-06-08 05:17:06',	'0000-00-00 00:00:00',	0),
(891,	'TASK-PRTM08062022',	'PR003',	10,	'Ya',	'Ya',	'',	'2022-06-08 05:17:06',	'2022-06-08 05:17:06',	'0000-00-00 00:00:00',	0),
(892,	'TASK-PRTM08062022',	'PR003',	11,	'Ya',	'Ya',	'Daftar dokter di ruang tunggu',	'2022-06-08 05:17:06',	'2022-06-08 05:17:06',	'0000-00-00 00:00:00',	0),
(893,	'TASK-PRTM08062022',	'PR003',	12,	'Ya',	'Ya',	'',	'2022-06-08 05:17:06',	'2022-06-08 05:17:06',	'0000-00-00 00:00:00',	0),
(894,	'TASK-PRTM08062022',	'PR003',	21,	'Ya',	'Ya',	'',	'2022-06-08 05:17:06',	'2022-06-08 05:17:06',	'0000-00-00 00:00:00',	0),
(895,	'TASK-PRTM08062022',	'PR003',	22,	'Ya',	'Ya',	'',	'2022-06-08 05:17:06',	'2022-06-08 05:17:06',	'0000-00-00 00:00:00',	0),
(896,	'TASK-PRTM08062022',	'PR003',	23,	'Ya',	'Ya',	'jadi satu',	'2022-06-08 05:17:06',	'2022-06-08 05:17:06',	'0000-00-00 00:00:00',	0),
(897,	'TASK-PRTM08062022',	'PR003',	24,	'Tidak',	'Tidak',	'',	'2022-06-08 05:17:06',	'2022-06-08 05:17:06',	'0000-00-00 00:00:00',	0),
(898,	'TASK-PRTM08062022',	'PR003',	25,	'Ya',	'Ya',	'Breast pump blm ada',	'2022-06-08 05:17:06',	'2022-06-08 05:17:06',	'0000-00-00 00:00:00',	0),
(899,	'TASK-PRTM08062022',	'PR003',	26,	'Tidak',	'Tidak',	'',	'2022-06-08 05:17:06',	'2022-06-08 05:17:06',	'0000-00-00 00:00:00',	0),
(900,	'TASK-PRTM08062022',	'PR003',	27,	'Ya',	'Ya',	'',	'2022-06-08 05:17:06',	'2022-06-08 05:17:06',	'0000-00-00 00:00:00',	0),
(901,	'TASK-PRTM08062022',	'PR003',	28,	'Ya',	'Ya',	'',	'2022-06-08 05:17:06',	'2022-06-08 05:17:06',	'0000-00-00 00:00:00',	0),
(902,	'TASK-PRTM08062022',	'PR003',	29,	'Ya',	'Ya',	'',	'2022-06-08 05:17:06',	'2022-06-08 05:17:06',	'0000-00-00 00:00:00',	0),
(903,	'TASK-PRTM08062022',	'PR003',	30,	'Ya',	'Ya',	'',	'2022-06-08 05:17:06',	'2022-06-08 05:17:06',	'0000-00-00 00:00:00',	0),
(904,	'TASK-PRTM08062022',	'PR003',	31,	'Ya',	'Ya',	'',	'2022-06-08 05:17:06',	'2022-06-08 05:17:06',	'0000-00-00 00:00:00',	0),
(905,	'TASK-PRTM08062022',	'PR003',	32,	'Ya',	'Ya',	'',	'2022-06-08 05:17:06',	'2022-06-08 05:17:06',	'0000-00-00 00:00:00',	0),
(906,	'TASK-PRTM08062022',	'PR003',	33,	'Ya',	'Ya',	'',	'2022-06-08 05:17:06',	'2022-06-08 05:17:06',	'0000-00-00 00:00:00',	0),
(907,	'TASK-PRTM08062022',	'PR004',	1,	'Ya',	'Ya',	'',	'2022-06-08 07:21:53',	'2022-06-08 07:21:53',	'0000-00-00 00:00:00',	0),
(908,	'TASK-PRTM08062022',	'PR004',	2,	'Ya',	'Ya',	'',	'2022-06-08 07:21:53',	'2022-06-08 07:21:53',	'0000-00-00 00:00:00',	0),
(909,	'TASK-PRTM08062022',	'PR004',	3,	'Ya',	'Ya',	'',	'2022-06-08 07:21:53',	'2022-06-08 07:21:53',	'0000-00-00 00:00:00',	0),
(910,	'TASK-PRTM08062022',	'PR004',	4,	'Ya',	'Ya',	'',	'2022-06-08 07:21:53',	'2022-06-08 07:21:53',	'0000-00-00 00:00:00',	0),
(911,	'TASK-PRTM08062022',	'PR004',	5,	'Ya',	'Ya',	'',	'2022-06-08 07:21:53',	'2022-06-08 07:21:53',	'0000-00-00 00:00:00',	0),
(912,	'TASK-PRTM08062022',	'PR004',	6,	'Tidak',	'Tidak',	'',	'2022-06-08 07:21:53',	'2022-06-08 07:21:53',	'0000-00-00 00:00:00',	0),
(913,	'TASK-PRTM08062022',	'PR004',	7,	'Tidak',	'Tidak',	'',	'2022-06-08 07:21:53',	'2022-06-08 07:21:53',	'0000-00-00 00:00:00',	0),
(914,	'TASK-PRTM08062022',	'PR004',	10,	'Ya',	'Ya',	'',	'2022-06-08 07:21:53',	'2022-06-08 07:21:53',	'0000-00-00 00:00:00',	0),
(915,	'TASK-PRTM08062022',	'PR004',	11,	'Tidak',	'Tidak',	'',	'2022-06-08 07:21:53',	'2022-06-08 07:21:53',	'0000-00-00 00:00:00',	0),
(916,	'TASK-PRTM08062022',	'PR004',	12,	'Tidak',	'Tidak',	'',	'2022-06-08 07:21:53',	'2022-06-08 07:21:53',	'0000-00-00 00:00:00',	0),
(917,	'TASK-PRTM08062022',	'PR004',	21,	'Ya',	'Ya',	'',	'2022-06-08 07:21:53',	'2022-06-08 07:21:53',	'0000-00-00 00:00:00',	0),
(918,	'TASK-PRTM08062022',	'PR004',	22,	'Tidak',	'Tidak',	'',	'2022-06-08 07:21:53',	'2022-06-08 07:21:53',	'0000-00-00 00:00:00',	0),
(919,	'TASK-PRTM08062022',	'PR004',	23,	'Ya',	'Ya',	'',	'2022-06-08 07:21:53',	'2022-06-08 07:21:53',	'0000-00-00 00:00:00',	0),
(920,	'TASK-PRTM08062022',	'PR004',	24,	'Tidak',	'Tidak',	'',	'2022-06-08 07:21:53',	'2022-06-08 07:21:53',	'0000-00-00 00:00:00',	0),
(921,	'TASK-PRTM08062022',	'PR004',	25,	'Tidak',	'Tidak',	'',	'2022-06-08 07:21:53',	'2022-06-08 07:21:53',	'0000-00-00 00:00:00',	0),
(922,	'TASK-PRTM08062022',	'PR004',	26,	'Tidak',	'Tidak',	'',	'2022-06-08 07:21:53',	'2022-06-08 07:21:53',	'0000-00-00 00:00:00',	0),
(923,	'TASK-PRTM08062022',	'PR004',	27,	'Ya',	'Ya',	'',	'2022-06-08 07:21:53',	'2022-06-08 07:21:53',	'0000-00-00 00:00:00',	0),
(924,	'TASK-PRTM08062022',	'PR004',	28,	'Ya',	'Ya',	'',	'2022-06-08 07:21:53',	'2022-06-08 07:21:53',	'0000-00-00 00:00:00',	0),
(925,	'TASK-PRTM08062022',	'PR004',	29,	'Ya',	'Ya',	'',	'2022-06-08 07:21:53',	'2022-06-08 07:21:53',	'0000-00-00 00:00:00',	0),
(926,	'TASK-PRTM08062022',	'PR004',	30,	'Ya',	'Ya',	'',	'2022-06-08 07:21:53',	'2022-06-08 07:21:53',	'0000-00-00 00:00:00',	0),
(927,	'TASK-PRTM08062022',	'PR004',	31,	'Ya',	'Ya',	'',	'2022-06-08 07:21:53',	'2022-06-08 07:21:53',	'0000-00-00 00:00:00',	0),
(928,	'TASK-PRTM08062022',	'PR004',	32,	'Ya',	'Ya',	'',	'2022-06-08 07:21:53',	'2022-06-08 07:21:53',	'0000-00-00 00:00:00',	0),
(929,	'TASK-PRTM08062022',	'PR004',	33,	'Ya',	'Ya',	'',	'2022-06-08 07:21:53',	'2022-06-08 07:21:53',	'0000-00-00 00:00:00',	0),
(930,	'TASK-PRTM09062022',	'PR007',	1,	'Ya',	'Ya',	'',	'2022-06-09 00:28:58',	'2022-06-09 00:28:58',	'0000-00-00 00:00:00',	0),
(931,	'TASK-PRTM09062022',	'PR007',	2,	'Ya',	'Ya',	'',	'2022-06-09 00:28:58',	'2022-06-09 00:28:58',	'0000-00-00 00:00:00',	0),
(932,	'TASK-PRTM09062022',	'PR007',	3,	'Ya',	'Ya',	'',	'2022-06-09 00:28:58',	'2022-06-09 00:28:58',	'0000-00-00 00:00:00',	0),
(933,	'TASK-PRTM09062022',	'PR007',	4,	'Ya',	'Ya',	'',	'2022-06-09 00:28:58',	'2022-06-09 00:28:58',	'0000-00-00 00:00:00',	0),
(934,	'TASK-PRTM09062022',	'PR007',	5,	'Ya',	'Ya',	'',	'2022-06-09 00:28:58',	'2022-06-09 00:28:58',	'0000-00-00 00:00:00',	0),
(935,	'TASK-PRTM09062022',	'PR007',	6,	'Ya',	'Ya',	'',	'2022-06-09 00:28:58',	'2022-06-09 00:28:58',	'0000-00-00 00:00:00',	0),
(936,	'TASK-PRTM09062022',	'PR007',	7,	'Ya',	'Ya',	'',	'2022-06-09 00:28:58',	'2022-06-09 00:28:58',	'0000-00-00 00:00:00',	0),
(937,	'TASK-PRTM09062022',	'PR007',	10,	'Ya',	'Ya',	'',	'2022-06-09 00:28:58',	'2022-06-09 00:28:58',	'0000-00-00 00:00:00',	0),
(938,	'TASK-PRTM09062022',	'PR007',	11,	'Ya',	'Ya',	'',	'2022-06-09 00:28:58',	'2022-06-09 00:28:58',	'0000-00-00 00:00:00',	0),
(939,	'TASK-PRTM09062022',	'PR007',	12,	'Ya',	'Ya',	'Kurang luas',	'2022-06-09 00:28:58',	'2022-06-09 00:28:58',	'0000-00-00 00:00:00',	0),
(940,	'TASK-PRTM09062022',	'PR007',	21,	'Ya',	'Ya',	'',	'2022-06-09 00:28:58',	'2022-06-09 00:28:58',	'0000-00-00 00:00:00',	0),
(941,	'TASK-PRTM09062022',	'PR007',	22,	'Tidak',	'Tidak',	'',	'2022-06-09 00:28:58',	'2022-06-09 00:28:58',	'0000-00-00 00:00:00',	0),
(942,	'TASK-PRTM09062022',	'PR007',	23,	'Ya',	'Ya',	'',	'2022-06-09 00:28:58',	'2022-06-09 00:28:58',	'0000-00-00 00:00:00',	0),
(943,	'TASK-PRTM09062022',	'PR007',	24,	'Tidak',	'Tidak',	'',	'2022-06-09 00:28:58',	'2022-06-09 00:28:58',	'0000-00-00 00:00:00',	0),
(944,	'TASK-PRTM09062022',	'PR007',	25,	'Ya',	'Ya',	'',	'2022-06-09 00:28:58',	'2022-06-09 00:28:58',	'0000-00-00 00:00:00',	0),
(945,	'TASK-PRTM09062022',	'PR007',	26,	'Ya',	'Ya',	'',	'2022-06-09 00:28:58',	'2022-06-09 00:28:58',	'0000-00-00 00:00:00',	0),
(946,	'TASK-PRTM09062022',	'PR007',	27,	'Ya',	'Ya',	'',	'2022-06-09 00:28:58',	'2022-06-09 00:28:58',	'0000-00-00 00:00:00',	0),
(947,	'TASK-PRTM09062022',	'PR007',	28,	'Ya',	'Ya',	'',	'2022-06-09 00:28:58',	'2022-06-09 00:28:58',	'0000-00-00 00:00:00',	0),
(948,	'TASK-PRTM09062022',	'PR007',	29,	'Ya',	'Ya',	'',	'2022-06-09 00:28:58',	'2022-06-09 00:28:58',	'0000-00-00 00:00:00',	0),
(949,	'TASK-PRTM09062022',	'PR007',	30,	'Ya',	'Ya',	'',	'2022-06-09 00:28:58',	'2022-06-09 00:28:58',	'0000-00-00 00:00:00',	0),
(950,	'TASK-PRTM09062022',	'PR007',	31,	'Ya',	'Ya',	'',	'2022-06-09 00:28:58',	'2022-06-09 00:28:58',	'0000-00-00 00:00:00',	0),
(951,	'TASK-PRTM09062022',	'PR007',	32,	'Ya',	'Ya',	'',	'2022-06-09 00:28:58',	'2022-06-09 00:28:58',	'0000-00-00 00:00:00',	0),
(952,	'TASK-PRTM09062022',	'PR007',	33,	'Ya',	'Ya',	'',	'2022-06-09 00:28:58',	'2022-06-09 00:28:58',	'0000-00-00 00:00:00',	0),
(953,	'TASK-PRTM09062022',	'PR005',	1,	'Ya',	'Ya',	'',	'2022-06-09 01:06:39',	'2022-06-09 01:06:39',	'0000-00-00 00:00:00',	0),
(954,	'TASK-PRTM09062022',	'PR005',	2,	'Ya',	'Ya',	'',	'2022-06-09 01:06:39',	'2022-06-09 01:06:39',	'0000-00-00 00:00:00',	0),
(955,	'TASK-PRTM09062022',	'PR005',	3,	'Ya',	'Ya',	'',	'2022-06-09 01:06:39',	'2022-06-09 01:06:39',	'0000-00-00 00:00:00',	0),
(956,	'TASK-PRTM09062022',	'PR005',	4,	'Ya',	'Ya',	'',	'2022-06-09 01:06:39',	'2022-06-09 01:06:39',	'0000-00-00 00:00:00',	0),
(957,	'TASK-PRTM09062022',	'PR005',	5,	'Ya',	'Ya',	'',	'2022-06-09 01:06:39',	'2022-06-09 01:06:39',	'0000-00-00 00:00:00',	0),
(958,	'TASK-PRTM09062022',	'PR005',	6,	'Tidak',	'Tidak',	'',	'2022-06-09 01:06:39',	'2022-06-09 01:06:39',	'0000-00-00 00:00:00',	0),
(959,	'TASK-PRTM09062022',	'PR005',	7,	'Tidak',	'Tidak',	'Bahan dari papan',	'2022-06-09 01:06:39',	'2022-06-09 01:06:39',	'0000-00-00 00:00:00',	0),
(960,	'TASK-PRTM09062022',	'PR005',	10,	'Ya',	'Ya',	'',	'2022-06-09 01:06:39',	'2022-06-09 01:06:39',	'0000-00-00 00:00:00',	0),
(961,	'TASK-PRTM09062022',	'PR005',	11,	'Ya',	'Ya',	'',	'2022-06-09 01:06:39',	'2022-06-09 01:06:39',	'0000-00-00 00:00:00',	0),
(962,	'TASK-PRTM09062022',	'PR005',	12,	'Ya',	'Ya',	'',	'2022-06-09 01:06:39',	'2022-06-09 01:06:39',	'0000-00-00 00:00:00',	0),
(963,	'TASK-PRTM09062022',	'PR005',	21,	'Ya',	'Ya',	'',	'2022-06-09 01:06:39',	'2022-06-09 01:06:39',	'0000-00-00 00:00:00',	0),
(964,	'TASK-PRTM09062022',	'PR005',	22,	'Ya',	'Ya',	'',	'2022-06-09 01:06:39',	'2022-06-09 01:06:39',	'0000-00-00 00:00:00',	0),
(965,	'TASK-PRTM09062022',	'PR005',	23,	'Ya',	'Ya',	'',	'2022-06-09 01:06:39',	'2022-06-09 01:06:39',	'0000-00-00 00:00:00',	0),
(966,	'TASK-PRTM09062022',	'PR005',	24,	'Tidak',	'Tidak',	'',	'2022-06-09 01:06:39',	'2022-06-09 01:06:39',	'0000-00-00 00:00:00',	0),
(967,	'TASK-PRTM09062022',	'PR005',	25,	'Ya',	'Ya',	'',	'2022-06-09 01:06:39',	'2022-06-09 01:06:39',	'0000-00-00 00:00:00',	0),
(968,	'TASK-PRTM09062022',	'PR005',	26,	'Tidak',	'Tidak',	'',	'2022-06-09 01:06:39',	'2022-06-09 01:06:39',	'0000-00-00 00:00:00',	0),
(969,	'TASK-PRTM09062022',	'PR005',	27,	'Ya',	'Ya',	'',	'2022-06-09 01:06:39',	'2022-06-09 01:06:39',	'0000-00-00 00:00:00',	0),
(970,	'TASK-PRTM09062022',	'PR005',	28,	'Ya',	'Ya',	'',	'2022-06-09 01:06:39',	'2022-06-09 01:06:39',	'0000-00-00 00:00:00',	0),
(971,	'TASK-PRTM09062022',	'PR005',	29,	'Ya',	'Ya',	'',	'2022-06-09 01:06:39',	'2022-06-09 01:06:39',	'0000-00-00 00:00:00',	0),
(972,	'TASK-PRTM09062022',	'PR005',	30,	'Ya',	'Ya',	'',	'2022-06-09 01:06:39',	'2022-06-09 01:06:39',	'0000-00-00 00:00:00',	0),
(973,	'TASK-PRTM09062022',	'PR005',	31,	'Ya',	'Ya',	'',	'2022-06-09 01:06:39',	'2022-06-09 01:06:39',	'0000-00-00 00:00:00',	0),
(974,	'TASK-PRTM09062022',	'PR005',	32,	'Ya',	'Ya',	'',	'2022-06-09 01:06:39',	'2022-06-09 01:06:39',	'0000-00-00 00:00:00',	0),
(975,	'TASK-PRTM09062022',	'PR005',	33,	'Ya',	'Ya',	'',	'2022-06-09 01:06:39',	'2022-06-09 01:06:39',	'0000-00-00 00:00:00',	0),
(976,	'TASK-PRTM09062022',	'PR006',	1,	'Ya',	'Ya',	'',	'2022-06-09 02:12:10',	'2022-06-09 02:12:10',	'0000-00-00 00:00:00',	0),
(977,	'TASK-PRTM09062022',	'PR006',	2,	'Ya',	'Ya',	'',	'2022-06-09 02:12:10',	'2022-06-09 02:12:10',	'0000-00-00 00:00:00',	0),
(978,	'TASK-PRTM09062022',	'PR006',	3,	'Ya',	'Ya',	'',	'2022-06-09 02:12:10',	'2022-06-09 02:12:10',	'0000-00-00 00:00:00',	0),
(979,	'TASK-PRTM09062022',	'PR006',	4,	'Ya',	'Ya',	'',	'2022-06-09 02:12:10',	'2022-06-09 02:12:10',	'0000-00-00 00:00:00',	0),
(980,	'TASK-PRTM09062022',	'PR006',	5,	'Ya',	'Ya',	'',	'2022-06-09 02:12:10',	'2022-06-09 02:12:10',	'0000-00-00 00:00:00',	0),
(981,	'TASK-PRTM09062022',	'PR006',	6,	'Ya',	'Ya',	'',	'2022-06-09 02:12:10',	'2022-06-09 02:12:10',	'0000-00-00 00:00:00',	0),
(982,	'TASK-PRTM09062022',	'PR006',	7,	'Ya',	'Ya',	'',	'2022-06-09 02:12:10',	'2022-06-09 02:12:10',	'0000-00-00 00:00:00',	0),
(983,	'TASK-PRTM09062022',	'PR006',	10,	'Ya',	'Ya',	'',	'2022-06-09 02:12:10',	'2022-06-09 02:12:10',	'0000-00-00 00:00:00',	0),
(984,	'TASK-PRTM09062022',	'PR006',	11,	'Ya',	'Ya',	'',	'2022-06-09 02:12:10',	'2022-06-09 02:12:10',	'0000-00-00 00:00:00',	0),
(985,	'TASK-PRTM09062022',	'PR006',	12,	'Ya',	'Ya',	'',	'2022-06-09 02:12:10',	'2022-06-09 02:12:10',	'0000-00-00 00:00:00',	0),
(986,	'TASK-PRTM09062022',	'PR006',	21,	'Ya',	'Ya',	'',	'2022-06-09 02:12:10',	'2022-06-09 02:12:10',	'0000-00-00 00:00:00',	0),
(987,	'TASK-PRTM09062022',	'PR006',	22,	'Ya',	'Ya',	'',	'2022-06-09 02:12:10',	'2022-06-09 02:12:10',	'0000-00-00 00:00:00',	0),
(988,	'TASK-PRTM09062022',	'PR006',	23,	'Ya',	'Ya',	'',	'2022-06-09 02:12:10',	'2022-06-09 02:12:10',	'0000-00-00 00:00:00',	0),
(989,	'TASK-PRTM09062022',	'PR006',	24,	'Tidak',	'Tidak',	'',	'2022-06-09 02:12:10',	'2022-06-09 02:12:10',	'0000-00-00 00:00:00',	0),
(990,	'TASK-PRTM09062022',	'PR006',	25,	'Ya',	'Ya',	'',	'2022-06-09 02:12:10',	'2022-06-09 02:12:10',	'0000-00-00 00:00:00',	0),
(991,	'TASK-PRTM09062022',	'PR006',	26,	'Tidak',	'Tidak',	'',	'2022-06-09 02:12:10',	'2022-06-09 02:12:10',	'0000-00-00 00:00:00',	0),
(992,	'TASK-PRTM09062022',	'PR006',	27,	'Ya',	'Ya',	'',	'2022-06-09 02:12:10',	'2022-06-09 02:12:10',	'0000-00-00 00:00:00',	0),
(993,	'TASK-PRTM09062022',	'PR006',	28,	'Ya',	'Ya',	'',	'2022-06-09 02:12:10',	'2022-06-09 02:12:10',	'0000-00-00 00:00:00',	0),
(994,	'TASK-PRTM09062022',	'PR006',	29,	'Ya',	'Ya',	'',	'2022-06-09 02:12:10',	'2022-06-09 02:12:10',	'0000-00-00 00:00:00',	0),
(995,	'TASK-PRTM09062022',	'PR006',	30,	'Ya',	'Ya',	'',	'2022-06-09 02:12:10',	'2022-06-09 02:12:10',	'0000-00-00 00:00:00',	0),
(996,	'TASK-PRTM09062022',	'PR006',	31,	'Ya',	'Ya',	'',	'2022-06-09 02:12:10',	'2022-06-09 02:12:10',	'0000-00-00 00:00:00',	0),
(997,	'TASK-PRTM09062022',	'PR006',	32,	'Ya',	'Ya',	'',	'2022-06-09 02:12:10',	'2022-06-09 02:12:10',	'0000-00-00 00:00:00',	0),
(998,	'TASK-PRTM09062022',	'PR006',	33,	'Ya',	'Ya',	'',	'2022-06-09 02:12:10',	'2022-06-09 02:12:10',	'0000-00-00 00:00:00',	0),
(999,	'TASK-PRTM21062022',	'PR008',	1,	'Ya',	'Ya',	'',	'2022-06-21 07:51:10',	'2022-06-21 07:51:10',	'0000-00-00 00:00:00',	0),
(1000,	'TASK-PRTM21062022',	'PR008',	2,	'Ya',	'Ya',	'',	'2022-06-21 07:51:10',	'2022-06-21 07:51:10',	'0000-00-00 00:00:00',	0),
(1001,	'TASK-PRTM21062022',	'PR008',	3,	'Ya',	'Ya',	'',	'2022-06-21 07:51:10',	'2022-06-21 07:51:10',	'0000-00-00 00:00:00',	0),
(1002,	'TASK-PRTM21062022',	'PR008',	4,	'Ya',	'Ya',	'',	'2022-06-21 07:51:10',	'2022-06-21 07:51:10',	'0000-00-00 00:00:00',	0),
(1003,	'TASK-PRTM21062022',	'PR008',	5,	'Ya',	'Ya',	'',	'2022-06-21 07:51:10',	'2022-06-21 07:51:10',	'0000-00-00 00:00:00',	0),
(1004,	'TASK-PRTM21062022',	'PR008',	6,	'Tidak',	'Tidak',	'Belum ada labeling',	'2022-06-21 07:51:10',	'2022-06-21 07:51:10',	'0000-00-00 00:00:00',	0),
(1005,	'TASK-PRTM21062022',	'PR008',	7,	'Ya',	'Ya',	'',	'2022-06-21 07:51:10',	'2022-06-21 07:51:10',	'0000-00-00 00:00:00',	0),
(1006,	'TASK-PRTM21062022',	'PR008',	10,	'Ya',	'Ya',	'Jadi satu ruang pendaftaran',	'2022-06-21 07:51:10',	'2022-06-21 07:51:10',	'0000-00-00 00:00:00',	0),
(1007,	'TASK-PRTM21062022',	'PR008',	11,	'Ya',	'Ya',	'',	'2022-06-21 07:51:10',	'2022-06-21 07:51:10',	'0000-00-00 00:00:00',	0),
(1008,	'TASK-PRTM21062022',	'PR008',	12,	'Ya',	'Ya',	'',	'2022-06-21 07:51:10',	'2022-06-21 07:51:10',	'0000-00-00 00:00:00',	0),
(1009,	'TASK-PRTM21062022',	'PR008',	21,	'Ya',	'Ya',	'',	'2022-06-21 07:51:10',	'2022-06-21 07:51:10',	'0000-00-00 00:00:00',	0),
(1010,	'TASK-PRTM21062022',	'PR008',	22,	'Ya',	'Ya',	'',	'2022-06-21 07:51:10',	'2022-06-21 07:51:10',	'0000-00-00 00:00:00',	0),
(1011,	'TASK-PRTM21062022',	'PR008',	23,	'Ya',	'Ya',	'',	'2022-06-21 07:51:10',	'2022-06-21 07:51:10',	'0000-00-00 00:00:00',	0),
(1012,	'TASK-PRTM21062022',	'PR008',	24,	'Tidak',	'Tidak',	'',	'2022-06-21 07:51:10',	'2022-06-21 07:51:10',	'0000-00-00 00:00:00',	0),
(1013,	'TASK-PRTM21062022',	'PR008',	25,	'Ya',	'Ya',	'',	'2022-06-21 07:51:10',	'2022-06-21 07:51:10',	'0000-00-00 00:00:00',	0),
(1014,	'TASK-PRTM21062022',	'PR008',	26,	'Tidak',	'Tidak',	'',	'2022-06-21 07:51:10',	'2022-06-21 07:51:10',	'0000-00-00 00:00:00',	0),
(1015,	'TASK-PRTM21062022',	'PR008',	27,	'Ya',	'Ya',	'',	'2022-06-21 07:51:10',	'2022-06-21 07:51:10',	'0000-00-00 00:00:00',	0),
(1016,	'TASK-PRTM21062022',	'PR008',	28,	'Tidak',	'Tidak',	'Panas, penambahan AC/kipas angin',	'2022-06-21 07:51:10',	'2022-06-21 07:51:10',	'0000-00-00 00:00:00',	0),
(1017,	'TASK-PRTM21062022',	'PR008',	29,	'Ya',	'Ya',	'',	'2022-06-21 07:51:10',	'2022-06-21 07:51:10',	'0000-00-00 00:00:00',	0),
(1018,	'TASK-PRTM21062022',	'PR008',	30,	'Ya',	'Ya',	'',	'2022-06-21 07:51:10',	'2022-06-21 07:51:10',	'0000-00-00 00:00:00',	0),
(1019,	'TASK-PRTM21062022',	'PR008',	31,	'Ya',	'Ya',	'',	'2022-06-21 07:51:10',	'2022-06-21 07:51:10',	'0000-00-00 00:00:00',	0),
(1020,	'TASK-PRTM21062022',	'PR008',	32,	'Ya',	'Ya',	'',	'2022-06-21 07:51:10',	'2022-06-21 07:51:10',	'0000-00-00 00:00:00',	0),
(1021,	'TASK-PRTM21062022',	'PR008',	33,	'Ya',	'Ya',	'',	'2022-06-21 07:51:10',	'2022-06-21 07:51:10',	'0000-00-00 00:00:00',	0),
(1022,	'TASK-PRTM09082022',	'PR000010',	1,	'Ya',	'Ya',	'',	'2022-08-09 04:16:30',	'2022-08-09 04:16:30',	'0000-00-00 00:00:00',	0),
(1023,	'TASK-PRTM09082022',	'PR000010',	2,	'Ya',	'Ya',	'',	'2022-08-09 04:16:30',	'2022-08-09 04:16:30',	'0000-00-00 00:00:00',	0),
(1024,	'TASK-PRTM09082022',	'PR000010',	3,	'Ya',	'Ya',	'',	'2022-08-09 04:16:30',	'2022-08-09 04:16:30',	'0000-00-00 00:00:00',	0),
(1025,	'TASK-PRTM09082022',	'PR000010',	4,	'Ya',	'Ya',	'',	'2022-08-09 04:16:30',	'2022-08-09 04:16:30',	'0000-00-00 00:00:00',	0),
(1026,	'TASK-PRTM09082022',	'PR000010',	5,	'Ya',	'Ya',	'',	'2022-08-09 04:16:30',	'2022-08-09 04:16:30',	'0000-00-00 00:00:00',	0),
(1027,	'TASK-PRTM09082022',	'PR000010',	6,	'Ya',	'Ya',	'',	'2022-08-09 04:16:30',	'2022-08-09 04:16:30',	'0000-00-00 00:00:00',	0),
(1028,	'TASK-PRTM09082022',	'PR000010',	7,	'Ya',	'Ya',	'',	'2022-08-09 04:16:30',	'2022-08-09 04:16:30',	'0000-00-00 00:00:00',	0),
(1029,	'TASK-PRTM09082022',	'PR000010',	10,	'Ya',	'Ya',	'',	'2022-08-09 04:16:30',	'2022-08-09 04:16:30',	'0000-00-00 00:00:00',	0),
(1030,	'TASK-PRTM09082022',	'PR000010',	11,	'Ya',	'Ya',	'',	'2022-08-09 04:16:30',	'2022-08-09 04:16:30',	'0000-00-00 00:00:00',	0),
(1031,	'TASK-PRTM09082022',	'PR000010',	12,	'Ya',	'Ya',	'',	'2022-08-09 04:16:30',	'2022-08-09 04:16:30',	'0000-00-00 00:00:00',	0),
(1032,	'TASK-PRTM09082022',	'PR000010',	21,	'Ya',	'Ya',	'',	'2022-08-09 04:16:30',	'2022-08-09 04:16:30',	'0000-00-00 00:00:00',	0),
(1033,	'TASK-PRTM09082022',	'PR000010',	22,	'Ya',	'Ya',	'',	'2022-08-09 04:16:30',	'2022-08-09 04:16:30',	'0000-00-00 00:00:00',	0),
(1034,	'TASK-PRTM09082022',	'PR000010',	23,	'Ya',	'Ya',	'',	'2022-08-09 04:16:30',	'2022-08-09 04:16:30',	'0000-00-00 00:00:00',	0),
(1035,	'TASK-PRTM09082022',	'PR000010',	24,	'Tidak',	'Tidak',	'Jadi satu di R. Tindakan',	'2022-08-09 04:16:30',	'2022-08-09 04:16:30',	'0000-00-00 00:00:00',	0),
(1036,	'TASK-PRTM09082022',	'PR000010',	25,	'Ya',	'Ya',	'',	'2022-08-09 04:16:30',	'2022-08-09 04:16:30',	'0000-00-00 00:00:00',	0),
(1037,	'TASK-PRTM09082022',	'PR000010',	26,	'Ya',	'Ya',	'',	'2022-08-09 04:16:30',	'2022-08-09 04:16:30',	'0000-00-00 00:00:00',	0),
(1038,	'TASK-PRTM09082022',	'PR000010',	27,	'Ya',	'Ya',	'',	'2022-08-09 04:16:30',	'2022-08-09 04:16:30',	'0000-00-00 00:00:00',	0),
(1039,	'TASK-PRTM09082022',	'PR000010',	28,	'Ya',	'Ya',	'',	'2022-08-09 04:16:30',	'2022-08-09 04:16:30',	'0000-00-00 00:00:00',	0),
(1040,	'TASK-PRTM09082022',	'PR000010',	29,	'Ya',	'Ya',	'',	'2022-08-09 04:16:30',	'2022-08-09 04:16:30',	'0000-00-00 00:00:00',	0),
(1041,	'TASK-PRTM09082022',	'PR000010',	30,	'Ya',	'Ya',	'',	'2022-08-09 04:16:30',	'2022-08-09 04:16:30',	'0000-00-00 00:00:00',	0),
(1042,	'TASK-PRTM09082022',	'PR000010',	31,	'Ya',	'Ya',	'',	'2022-08-09 04:16:30',	'2022-08-09 04:16:30',	'0000-00-00 00:00:00',	0),
(1043,	'TASK-PRTM09082022',	'PR000010',	32,	'Ya',	'Ya',	'',	'2022-08-09 04:16:30',	'2022-08-09 04:16:30',	'0000-00-00 00:00:00',	0),
(1044,	'TASK-PRTM09082022',	'PR000010',	33,	'Ya',	'Ya',	'',	'2022-08-09 04:16:30',	'2022-08-09 04:16:30',	'0000-00-00 00:00:00',	0),
(1045,	'TASK-PRTM09082022',	'PR000011',	1,	'Ya',	'Ya',	'',	'2022-08-09 04:36:35',	'2022-08-09 04:36:35',	'0000-00-00 00:00:00',	0),
(1046,	'TASK-PRTM09082022',	'PR000011',	2,	'Ya',	'Ya',	'',	'2022-08-09 04:36:35',	'2022-08-09 04:36:35',	'0000-00-00 00:00:00',	0),
(1047,	'TASK-PRTM09082022',	'PR000011',	3,	'Ya',	'Ya',	'',	'2022-08-09 04:36:35',	'2022-08-09 04:36:35',	'0000-00-00 00:00:00',	0),
(1048,	'TASK-PRTM09082022',	'PR000011',	4,	'Ya',	'Ya',	'',	'2022-08-09 04:36:35',	'2022-08-09 04:36:35',	'0000-00-00 00:00:00',	0),
(1049,	'TASK-PRTM09082022',	'PR000011',	5,	'Ya',	'Ya',	'',	'2022-08-09 04:36:35',	'2022-08-09 04:36:35',	'0000-00-00 00:00:00',	0),
(1050,	'TASK-PRTM09082022',	'PR000011',	6,	'Ya',	'Ya',	'',	'2022-08-09 04:36:35',	'2022-08-09 04:36:35',	'0000-00-00 00:00:00',	0),
(1051,	'TASK-PRTM09082022',	'PR000011',	7,	'Ya',	'Ya',	'',	'2022-08-09 04:36:35',	'2022-08-09 04:36:35',	'0000-00-00 00:00:00',	0),
(1052,	'TASK-PRTM09082022',	'PR000011',	10,	'Ya',	'Ya',	'',	'2022-08-09 04:36:35',	'2022-08-09 04:36:35',	'0000-00-00 00:00:00',	0),
(1053,	'TASK-PRTM09082022',	'PR000011',	11,	'Ya',	'Ya',	'',	'2022-08-09 04:36:35',	'2022-08-09 04:36:35',	'0000-00-00 00:00:00',	0),
(1054,	'TASK-PRTM09082022',	'PR000011',	12,	'Ya',	'Ya',	'',	'2022-08-09 04:36:35',	'2022-08-09 04:36:35',	'0000-00-00 00:00:00',	0),
(1055,	'TASK-PRTM09082022',	'PR000011',	21,	'Ya',	'Ya',	'',	'2022-08-09 04:36:35',	'2022-08-09 04:36:35',	'0000-00-00 00:00:00',	0),
(1056,	'TASK-PRTM09082022',	'PR000011',	22,	'Ya',	'Ya',	'',	'2022-08-09 04:36:35',	'2022-08-09 04:36:35',	'0000-00-00 00:00:00',	0),
(1057,	'TASK-PRTM09082022',	'PR000011',	23,	'Ya',	'Ya',	'',	'2022-08-09 04:36:35',	'2022-08-09 04:36:35',	'0000-00-00 00:00:00',	0),
(1058,	'TASK-PRTM09082022',	'PR000011',	24,	'Tidak',	'Tidak',	'',	'2022-08-09 04:36:35',	'2022-08-09 04:36:35',	'0000-00-00 00:00:00',	0),
(1059,	'TASK-PRTM09082022',	'PR000011',	25,	'Ya',	'Ya',	'',	'2022-08-09 04:36:35',	'2022-08-09 04:36:35',	'0000-00-00 00:00:00',	0),
(1060,	'TASK-PRTM09082022',	'PR000011',	26,	'Tidak',	'Tidak',	'',	'2022-08-09 04:36:35',	'2022-08-09 04:36:35',	'0000-00-00 00:00:00',	0),
(1061,	'TASK-PRTM09082022',	'PR000011',	27,	'Ya',	'Ya',	'',	'2022-08-09 04:36:35',	'2022-08-09 04:36:35',	'0000-00-00 00:00:00',	0),
(1062,	'TASK-PRTM09082022',	'PR000011',	28,	'Ya',	'Ya',	'',	'2022-08-09 04:36:35',	'2022-08-09 04:36:35',	'0000-00-00 00:00:00',	0),
(1063,	'TASK-PRTM09082022',	'PR000011',	29,	'Ya',	'Ya',	'',	'2022-08-09 04:36:35',	'2022-08-09 04:36:35',	'0000-00-00 00:00:00',	0),
(1064,	'TASK-PRTM09082022',	'PR000011',	30,	'Ya',	'Ya',	'',	'2022-08-09 04:36:35',	'2022-08-09 04:36:35',	'0000-00-00 00:00:00',	0),
(1065,	'TASK-PRTM09082022',	'PR000011',	31,	'Ya',	'Ya',	'',	'2022-08-09 04:36:35',	'2022-08-09 04:36:35',	'0000-00-00 00:00:00',	0),
(1066,	'TASK-PRTM09082022',	'PR000011',	32,	'Ya',	'Ya',	'',	'2022-08-09 04:36:35',	'2022-08-09 04:36:35',	'0000-00-00 00:00:00',	0),
(1067,	'TASK-PRTM09082022',	'PR000011',	33,	'Ya',	'Ya',	'',	'2022-08-09 04:36:35',	'2022-08-09 04:36:35',	'0000-00-00 00:00:00',	0),
(1068,	'TASK-PRTM09082022',	'PR000012',	1,	'Ya',	'Ya',	'',	'2022-08-09 08:51:13',	'2022-08-09 08:51:13',	'0000-00-00 00:00:00',	0),
(1069,	'TASK-PRTM09082022',	'PR000012',	2,	'Ya',	'Ya',	'',	'2022-08-09 08:51:13',	'2022-08-09 08:51:13',	'0000-00-00 00:00:00',	0),
(1070,	'TASK-PRTM09082022',	'PR000012',	3,	'Ya',	'Ya',	'',	'2022-08-09 08:51:13',	'2022-08-09 08:51:13',	'0000-00-00 00:00:00',	0),
(1071,	'TASK-PRTM09082022',	'PR000012',	4,	'Ya',	'Ya',	'',	'2022-08-09 08:51:13',	'2022-08-09 08:51:13',	'0000-00-00 00:00:00',	0),
(1072,	'TASK-PRTM09082022',	'PR000012',	5,	'Ya',	'Ya',	'',	'2022-08-09 08:51:13',	'2022-08-09 08:51:13',	'0000-00-00 00:00:00',	0),
(1073,	'TASK-PRTM09082022',	'PR000012',	6,	'Ya',	'Ya',	'',	'2022-08-09 08:51:13',	'2022-08-09 08:51:13',	'0000-00-00 00:00:00',	0),
(1074,	'TASK-PRTM09082022',	'PR000012',	7,	'Ya',	'Ya',	'',	'2022-08-09 08:51:13',	'2022-08-09 08:51:13',	'0000-00-00 00:00:00',	0),
(1075,	'TASK-PRTM09082022',	'PR000012',	10,	'Ya',	'Ya',	'',	'2022-08-09 08:51:13',	'2022-08-09 08:51:13',	'0000-00-00 00:00:00',	0),
(1076,	'TASK-PRTM09082022',	'PR000012',	11,	'Tidak',	'Tidak',	'',	'2022-08-09 08:51:13',	'2022-08-09 08:51:13',	'0000-00-00 00:00:00',	0),
(1077,	'TASK-PRTM09082022',	'PR000012',	12,	'Ya',	'Ya',	'',	'2022-08-09 08:51:13',	'2022-08-09 08:51:13',	'0000-00-00 00:00:00',	0),
(1078,	'TASK-PRTM09082022',	'PR000012',	21,	'Ya',	'Ya',	'',	'2022-08-09 08:51:13',	'2022-08-09 08:51:13',	'0000-00-00 00:00:00',	0),
(1079,	'TASK-PRTM09082022',	'PR000012',	22,	'Ya',	'Ya',	'',	'2022-08-09 08:51:13',	'2022-08-09 08:51:13',	'0000-00-00 00:00:00',	0),
(1080,	'TASK-PRTM09082022',	'PR000012',	23,	'Ya',	'Ya',	'',	'2022-08-09 08:51:13',	'2022-08-09 08:51:13',	'0000-00-00 00:00:00',	0),
(1081,	'TASK-PRTM09082022',	'PR000012',	24,	'Tidak',	'Tidak',	'',	'2022-08-09 08:51:13',	'2022-08-09 08:51:13',	'0000-00-00 00:00:00',	0),
(1082,	'TASK-PRTM09082022',	'PR000012',	25,	'Ya',	'Ya',	'',	'2022-08-09 08:51:13',	'2022-08-09 08:51:13',	'0000-00-00 00:00:00',	0),
(1083,	'TASK-PRTM09082022',	'PR000012',	26,	'Tidak',	'Tidak',	'',	'2022-08-09 08:51:13',	'2022-08-09 08:51:13',	'0000-00-00 00:00:00',	0),
(1084,	'TASK-PRTM09082022',	'PR000012',	27,	'Ya',	'Ya',	'',	'2022-08-09 08:51:13',	'2022-08-09 08:51:13',	'0000-00-00 00:00:00',	0),
(1085,	'TASK-PRTM09082022',	'PR000012',	28,	'Ya',	'Ya',	'',	'2022-08-09 08:51:13',	'2022-08-09 08:51:13',	'0000-00-00 00:00:00',	0),
(1086,	'TASK-PRTM09082022',	'PR000012',	29,	'Ya',	'Ya',	'',	'2022-08-09 08:51:13',	'2022-08-09 08:51:13',	'0000-00-00 00:00:00',	0),
(1087,	'TASK-PRTM09082022',	'PR000012',	30,	'Ya',	'Ya',	'',	'2022-08-09 08:51:13',	'2022-08-09 08:51:13',	'0000-00-00 00:00:00',	0),
(1088,	'TASK-PRTM09082022',	'PR000012',	31,	'Ya',	'Ya',	'',	'2022-08-09 08:51:13',	'2022-08-09 08:51:13',	'0000-00-00 00:00:00',	0),
(1089,	'TASK-PRTM09082022',	'PR000012',	32,	'Ya',	'Ya',	'',	'2022-08-09 08:51:13',	'2022-08-09 08:51:13',	'0000-00-00 00:00:00',	0),
(1090,	'TASK-PRTM09082022',	'PR000012',	33,	'Ya',	'Ya',	'',	'2022-08-09 08:51:13',	'2022-08-09 08:51:13',	'0000-00-00 00:00:00',	0),
(1091,	'TASK-PRTM09082022',	'PR000014',	1,	'Ya',	'Ya',	'',	'2022-08-09 11:56:35',	'2022-08-09 11:56:35',	'0000-00-00 00:00:00',	0),
(1092,	'TASK-PRTM09082022',	'PR000014',	2,	'Ya',	'Ya',	'',	'2022-08-09 11:56:35',	'2022-08-09 11:56:35',	'0000-00-00 00:00:00',	0),
(1093,	'TASK-PRTM09082022',	'PR000014',	3,	'Ya',	'Ya',	'',	'2022-08-09 11:56:35',	'2022-08-09 11:56:35',	'0000-00-00 00:00:00',	0),
(1094,	'TASK-PRTM09082022',	'PR000014',	4,	'Ya',	'Ya',	'',	'2022-08-09 11:56:35',	'2022-08-09 11:56:35',	'0000-00-00 00:00:00',	0),
(1095,	'TASK-PRTM09082022',	'PR000014',	5,	'Ya',	'Ya',	'',	'2022-08-09 11:56:35',	'2022-08-09 11:56:35',	'0000-00-00 00:00:00',	0),
(1096,	'TASK-PRTM09082022',	'PR000014',	6,	'Ya',	'Ya',	'',	'2022-08-09 11:56:35',	'2022-08-09 11:56:35',	'0000-00-00 00:00:00',	0),
(1097,	'TASK-PRTM09082022',	'PR000014',	7,	'Tidak',	'Tidak',	'- Bahan MMT bukan papan<br /><br /><br /><br /><br />\r\n- Pemasangan bahan ditempat strategis',	'2022-08-09 11:56:35',	'2022-08-10 03:13:50',	'0000-00-00 00:00:00',	0),
(1098,	'TASK-PRTM09082022',	'PR000014',	10,	'Ya',	'Ya',	'',	'2022-08-09 11:56:35',	'2022-08-09 11:56:35',	'0000-00-00 00:00:00',	0),
(1099,	'TASK-PRTM09082022',	'PR000014',	11,	'Ya',	'Ya',	'',	'2022-08-09 11:56:35',	'2022-08-09 11:56:35',	'0000-00-00 00:00:00',	0),
(1100,	'TASK-PRTM09082022',	'PR000014',	12,	'Ya',	'Ya',	'',	'2022-08-09 11:56:35',	'2022-08-09 11:56:35',	'0000-00-00 00:00:00',	0),
(1101,	'TASK-PRTM09082022',	'PR000014',	21,	'Ya',	'Ya',	'Ada perlatan laser 2 buah meja kursi',	'2022-08-09 11:56:35',	'2022-08-09 11:56:35',	'0000-00-00 00:00:00',	0),
(1102,	'TASK-PRTM09082022',	'PR000014',	22,	'Ya',	'Ya',	'',	'2022-08-09 11:56:35',	'2022-08-09 11:56:35',	'0000-00-00 00:00:00',	0),
(1103,	'TASK-PRTM09082022',	'PR000014',	23,	'Tidak',	'Tidak',	'',	'2022-08-09 11:56:35',	'2022-08-09 11:56:35',	'0000-00-00 00:00:00',	0),
(1104,	'TASK-PRTM09082022',	'PR000014',	24,	'Tidak',	'Tidak',	'',	'2022-08-09 11:56:35',	'2022-08-09 11:56:35',	'0000-00-00 00:00:00',	0),
(1105,	'TASK-PRTM09082022',	'PR000014',	25,	'Ya',	'Ya',	'',	'2022-08-09 11:56:35',	'2022-08-09 11:56:35',	'0000-00-00 00:00:00',	0),
(1106,	'TASK-PRTM09082022',	'PR000014',	26,	'Tidak',	'Tidak',	'',	'2022-08-09 11:56:35',	'2022-08-09 11:56:35',	'0000-00-00 00:00:00',	0),
(1107,	'TASK-PRTM09082022',	'PR000014',	27,	'Ya',	'Ya',	'',	'2022-08-09 11:56:35',	'2022-08-09 11:56:35',	'0000-00-00 00:00:00',	0),
(1108,	'TASK-PRTM09082022',	'PR000014',	28,	'Ya',	'Ya',	'',	'2022-08-09 11:56:35',	'2022-08-09 11:56:35',	'0000-00-00 00:00:00',	0),
(1109,	'TASK-PRTM09082022',	'PR000014',	29,	'Ya',	'Ya',	'',	'2022-08-09 11:56:35',	'2022-08-09 11:56:35',	'0000-00-00 00:00:00',	0),
(1110,	'TASK-PRTM09082022',	'PR000014',	30,	'Ya',	'Ya',	'',	'2022-08-09 11:56:35',	'2022-08-09 11:56:35',	'0000-00-00 00:00:00',	0),
(1111,	'TASK-PRTM09082022',	'PR000014',	31,	'Ya',	'Ya',	'',	'2022-08-09 11:56:35',	'2022-08-09 11:56:35',	'0000-00-00 00:00:00',	0),
(1112,	'TASK-PRTM09082022',	'PR000014',	32,	'Ya',	'Ya',	'',	'2022-08-09 11:56:35',	'2022-08-09 11:56:35',	'0000-00-00 00:00:00',	0),
(1113,	'TASK-PRTM09082022',	'PR000014',	33,	'Ya',	'Ya',	'',	'2022-08-09 11:56:35',	'2022-08-10 03:10:31',	'0000-00-00 00:00:00',	0),
(1114,	'TASK-PRTM10082022',	'PR000015',	1,	'Ya',	'Ya',	'',	'2022-08-10 05:53:33',	'2022-08-10 05:53:33',	'0000-00-00 00:00:00',	0),
(1115,	'TASK-PRTM10082022',	'PR000015',	2,	'Ya',	'Ya',	'',	'2022-08-10 05:53:33',	'2022-08-10 05:53:33',	'0000-00-00 00:00:00',	0),
(1116,	'TASK-PRTM10082022',	'PR000015',	3,	'Ya',	'Ya',	'',	'2022-08-10 05:53:33',	'2022-08-10 05:53:33',	'0000-00-00 00:00:00',	0),
(1117,	'TASK-PRTM10082022',	'PR000015',	4,	'Ya',	'Ya',	'',	'2022-08-10 05:53:33',	'2022-08-10 05:53:33',	'0000-00-00 00:00:00',	0),
(1118,	'TASK-PRTM10082022',	'PR000015',	5,	'Ya',	'Ya',	'',	'2022-08-10 05:53:33',	'2022-08-10 05:53:33',	'0000-00-00 00:00:00',	0),
(1119,	'TASK-PRTM10082022',	'PR000015',	6,	'Ya',	'Ya',	'',	'2022-08-10 05:53:33',	'2022-08-10 05:53:33',	'0000-00-00 00:00:00',	0),
(1120,	'TASK-PRTM10082022',	'PR000015',	7,	'Ya',	'Ya',	'',	'2022-08-10 05:53:33',	'2022-08-10 05:53:33',	'0000-00-00 00:00:00',	0),
(1121,	'TASK-PRTM10082022',	'PR000015',	10,	'Ya',	'Ya',	'',	'2022-08-10 05:53:33',	'2022-08-10 05:53:33',	'0000-00-00 00:00:00',	0),
(1122,	'TASK-PRTM10082022',	'PR000015',	11,	'Ya',	'Ya',	'',	'2022-08-10 05:53:33',	'2022-08-10 05:53:33',	'0000-00-00 00:00:00',	0),
(1123,	'TASK-PRTM10082022',	'PR000015',	12,	'Ya',	'Ya',	'',	'2022-08-10 05:53:33',	'2022-08-10 05:53:33',	'0000-00-00 00:00:00',	0),
(1124,	'TASK-PRTM10082022',	'PR000015',	21,	'Ya',	'Ya',	'',	'2022-08-10 05:53:33',	'2022-08-10 05:53:33',	'0000-00-00 00:00:00',	0),
(1125,	'TASK-PRTM10082022',	'PR000015',	22,	'Ya',	'Ya',	'',	'2022-08-10 05:53:33',	'2022-08-10 05:53:33',	'0000-00-00 00:00:00',	0),
(1126,	'TASK-PRTM10082022',	'PR000015',	23,	'Ya',	'Ya',	'Jadi Satu',	'2022-08-10 05:53:33',	'2022-08-10 05:53:33',	'0000-00-00 00:00:00',	0),
(1127,	'TASK-PRTM10082022',	'PR000015',	24,	'Tidak',	'Ya',	'',	'2022-08-10 05:53:33',	'2022-08-10 05:53:33',	'0000-00-00 00:00:00',	0),
(1128,	'TASK-PRTM10082022',	'PR000015',	25,	'Ya',	'Ya',	'dilengkapi sarpas',	'2022-08-10 05:53:33',	'2022-08-10 05:53:33',	'0000-00-00 00:00:00',	0),
(1129,	'TASK-PRTM10082022',	'PR000015',	26,	'Tidak',	'Tidak',	'',	'2022-08-10 05:53:33',	'2022-08-10 05:53:33',	'0000-00-00 00:00:00',	0),
(1130,	'TASK-PRTM10082022',	'PR000015',	27,	'Ya',	'Ya',	'',	'2022-08-10 05:53:33',	'2022-08-10 05:53:33',	'0000-00-00 00:00:00',	0),
(1131,	'TASK-PRTM10082022',	'PR000015',	28,	'Ya',	'Ya',	'',	'2022-08-10 05:53:33',	'2022-08-10 05:53:33',	'0000-00-00 00:00:00',	0),
(1132,	'TASK-PRTM10082022',	'PR000015',	29,	'Ya',	'Ya',	'',	'2022-08-10 05:53:33',	'2022-08-10 05:53:33',	'0000-00-00 00:00:00',	0),
(1133,	'TASK-PRTM10082022',	'PR000015',	30,	'Ya',	'Ya',	'',	'2022-08-10 05:53:33',	'2022-08-10 05:53:33',	'0000-00-00 00:00:00',	0),
(1134,	'TASK-PRTM10082022',	'PR000015',	31,	'Ya',	'Ya',	'',	'2022-08-10 05:53:33',	'2022-08-10 05:53:33',	'0000-00-00 00:00:00',	0),
(1135,	'TASK-PRTM10082022',	'PR000015',	32,	'Ya',	'Ya',	'',	'2022-08-10 05:53:33',	'2022-08-10 05:53:33',	'0000-00-00 00:00:00',	0),
(1136,	'TASK-PRTM10082022',	'PR000015',	33,	'Ya',	'Ya',	'',	'2022-08-10 05:53:33',	'2022-08-10 05:53:33',	'0000-00-00 00:00:00',	0);

DROP TABLE IF EXISTS `tbl_penilaian_utama_form_kedua`;
CREATE TABLE `tbl_penilaian_utama_form_kedua` (
  `id_penilaian` int NOT NULL AUTO_INCREMENT,
  `no_penilaian` varchar(100) NOT NULL,
  `id_klinik` varchar(20) NOT NULL,
  `id_deskripsi` int NOT NULL,
  `hasil_penilaian` enum('Ya','Tidak') NOT NULL,
  `jumlah_ketersediaan` varchar(200) NOT NULL,
  `satuan_penilaian` varchar(50) NOT NULL,
  `catatan_penilaian` varchar(300) NOT NULL,
  `created_at` timestamp NOT NULL DEFAULT CURRENT_TIMESTAMP,
  `update_at` timestamp NOT NULL DEFAULT CURRENT_TIMESTAMP ON UPDATE CURRENT_TIMESTAMP,
  `delete_at` timestamp NOT NULL,
  `delete` int NOT NULL DEFAULT '0',
  PRIMARY KEY (`id_penilaian`),
  KEY `no_penilaian` (`no_penilaian`,`id_deskripsi`),
  KEY `id_deskripsi` (`id_deskripsi`),
  KEY `id_klinik` (`id_klinik`),
  CONSTRAINT `tbl_penilaian_utama_form_kedua_ibfk_2` FOREIGN KEY (`id_deskripsi`) REFERENCES `tbl_deskripsi_penilaian_utama` (`id_deskripsi`),
  CONSTRAINT `tbl_penilaian_utama_form_kedua_ibfk_3` FOREIGN KEY (`no_penilaian`) REFERENCES `tbl_penilaian` (`no_penilaian`) ON DELETE CASCADE ON UPDATE CASCADE,
  CONSTRAINT `tbl_penilaian_utama_form_kedua_ibfk_4` FOREIGN KEY (`id_klinik`) REFERENCES `tbl_penilaian` (`id_klinik`) ON DELETE CASCADE ON UPDATE CASCADE
) ENGINE=InnoDB DEFAULT CHARSET=utf8mb4 COLLATE=utf8mb4_0900_ai_ci;

INSERT INTO `tbl_penilaian_utama_form_kedua` (`id_penilaian`, `no_penilaian`, `id_klinik`, `id_deskripsi`, `hasil_penilaian`, `jumlah_ketersediaan`, `satuan_penilaian`, `catatan_penilaian`, `created_at`, `update_at`, `delete_at`, `delete`) VALUES
(1,	'TASK-UTM09082022',	'UT000016',	1,	'Ya',	'',	'Buah',	'',	'2022-08-10 04:55:59',	'2022-08-10 04:55:59',	'0000-00-00 00:00:00',	0),
(2,	'TASK-UTM09082022',	'UT000016',	2,	'Ya',	'',	'Buah',	'',	'2022-08-10 04:55:59',	'2022-08-10 04:55:59',	'0000-00-00 00:00:00',	0),
(3,	'TASK-UTM09082022',	'UT000016',	3,	'Ya',	'',	'Set',	'',	'2022-08-10 04:55:59',	'2022-08-10 04:55:59',	'0000-00-00 00:00:00',	0),
(4,	'TASK-UTM09082022',	'UT000016',	4,	'Ya',	'',	'Set',	'',	'2022-08-10 04:55:59',	'2022-08-10 04:55:59',	'0000-00-00 00:00:00',	0),
(5,	'TASK-UTM09082022',	'UT000016',	5,	'Ya',	'',	'Buah',	'',	'2022-08-10 04:55:59',	'2022-08-10 04:55:59',	'0000-00-00 00:00:00',	0),
(6,	'TASK-UTM09082022',	'UT000016',	6,	'Ya',	'',	'Buah',	'',	'2022-08-10 04:55:59',	'2022-08-10 04:55:59',	'0000-00-00 00:00:00',	0),
(7,	'TASK-UTM09082022',	'UT000016',	7,	'Ya',	'',	'Buah',	'',	'2022-08-10 04:55:59',	'2022-08-10 04:55:59',	'0000-00-00 00:00:00',	0),
(8,	'TASK-UTM09082022',	'UT000016',	8,	'Ya',	'',	'Buah',	'',	'2022-08-10 04:55:59',	'2022-08-10 04:55:59',	'0000-00-00 00:00:00',	0),
(9,	'TASK-UTM09082022',	'UT000016',	9,	'Ya',	'',	'Buah',	'',	'2022-08-10 04:55:59',	'2022-08-10 04:55:59',	'0000-00-00 00:00:00',	0),
(10,	'TASK-UTM09082022',	'UT000016',	10,	'Ya',	'',	'Buah',	'',	'2022-08-10 04:55:59',	'2022-08-10 04:55:59',	'0000-00-00 00:00:00',	0),
(11,	'TASK-UTM09082022',	'UT000016',	11,	'Ya',	'',	'Buah',	'',	'2022-08-10 04:55:59',	'2022-08-10 04:55:59',	'0000-00-00 00:00:00',	0),
(12,	'TASK-UTM09082022',	'UT000016',	12,	'Ya',	'',	'Buah',	'',	'2022-08-10 04:55:59',	'2022-08-10 04:55:59',	'0000-00-00 00:00:00',	0),
(13,	'TASK-UTM09082022',	'UT000016',	13,	'Ya',	'',	'Buah',	'',	'2022-08-10 04:55:59',	'2022-08-10 04:55:59',	'0000-00-00 00:00:00',	0),
(14,	'TASK-UTM09082022',	'UT000016',	14,	'Ya',	'',	'Buah',	'',	'2022-08-10 04:55:59',	'2022-08-10 04:55:59',	'0000-00-00 00:00:00',	0),
(15,	'TASK-UTM09082022',	'UT000016',	15,	'Ya',	'',	'Buah',	'',	'2022-08-10 04:55:59',	'2022-08-10 04:55:59',	'0000-00-00 00:00:00',	0),
(16,	'TASK-UTM09082022',	'UT000016',	16,	'Ya',	'',	'Buah',	'',	'2022-08-10 04:55:59',	'2022-08-10 04:55:59',	'0000-00-00 00:00:00',	0),
(17,	'TASK-UTM09082022',	'UT000016',	17,	'Tidak',	'',	'Buah',	'',	'2022-08-10 04:55:59',	'2022-08-10 04:55:59',	'0000-00-00 00:00:00',	0),
(18,	'TASK-UTM09082022',	'UT000016',	18,	'Ya',	'',	'Buah',	'',	'2022-08-10 04:55:59',	'2022-08-10 04:55:59',	'0000-00-00 00:00:00',	0),
(19,	'TASK-UTM09082022',	'UT000016',	19,	'Ya',	'',	'Buah',	'',	'2022-08-10 04:55:59',	'2022-08-10 04:55:59',	'0000-00-00 00:00:00',	0),
(20,	'TASK-UTM09082022',	'UT000016',	20,	'Ya',	'',	'Buah',	'',	'2022-08-10 04:55:59',	'2022-08-10 04:55:59',	'0000-00-00 00:00:00',	0),
(21,	'TASK-UTM09082022',	'UT000016',	21,	'Ya',	'',	'Buah',	'',	'2022-08-10 04:55:59',	'2022-08-10 04:55:59',	'0000-00-00 00:00:00',	0),
(22,	'TASK-UTM09082022',	'UT000016',	22,	'Ya',	'',	'Buah',	'',	'2022-08-10 04:55:59',	'2022-08-10 04:55:59',	'0000-00-00 00:00:00',	0),
(23,	'TASK-UTM09082022',	'UT000016',	23,	'Ya',	'',	'Buah',	'',	'2022-08-10 04:55:59',	'2022-08-10 04:55:59',	'0000-00-00 00:00:00',	0),
(24,	'TASK-UTM09082022',	'UT000016',	24,	'Ya',	'',	'Buah',	'',	'2022-08-10 04:55:59',	'2022-08-10 04:55:59',	'0000-00-00 00:00:00',	0),
(25,	'TASK-UTM09082022',	'UT000016',	25,	'Ya',	'',	'Buah',	'',	'2022-08-10 04:55:59',	'2022-08-10 04:55:59',	'0000-00-00 00:00:00',	0),
(26,	'TASK-UTM09082022',	'UT000016',	26,	'Ya',	'',	'Buah',	'',	'2022-08-10 04:55:59',	'2022-08-10 04:55:59',	'0000-00-00 00:00:00',	0),
(27,	'TASK-UTM09082022',	'UT000016',	27,	'Ya',	'',	'Buah',	'',	'2022-08-10 04:55:59',	'2022-08-10 04:55:59',	'0000-00-00 00:00:00',	0),
(28,	'TASK-UTM09082022',	'UT000016',	28,	'Ya',	'',	'Buah',	'',	'2022-08-10 04:55:59',	'2022-08-10 04:55:59',	'0000-00-00 00:00:00',	0),
(29,	'TASK-UTM09082022',	'UT000016',	29,	'Ya',	'',	'Buah',	'',	'2022-08-10 04:55:59',	'2022-08-10 04:55:59',	'0000-00-00 00:00:00',	0),
(30,	'TASK-UTM09082022',	'UT000016',	30,	'Ya',	'',	'Buah',	'',	'2022-08-10 04:55:59',	'2022-08-10 04:55:59',	'0000-00-00 00:00:00',	0),
(31,	'TASK-UTM09082022',	'UT000016',	31,	'Ya',	'',	'Buah',	'',	'2022-08-10 04:55:59',	'2022-08-10 04:55:59',	'0000-00-00 00:00:00',	0),
(32,	'TASK-UTM09082022',	'UT000016',	32,	'Ya',	'',	'Buah',	'',	'2022-08-10 04:55:59',	'2022-08-10 04:55:59',	'0000-00-00 00:00:00',	0),
(33,	'TASK-UTM09082022',	'UT000016',	33,	'Ya',	'',	'Set',	'',	'2022-08-10 04:55:59',	'2022-08-10 04:55:59',	'0000-00-00 00:00:00',	0),
(34,	'TASK-UTM09082022',	'UT000016',	34,	'Ya',	'',	'Set',	'',	'2022-08-10 04:55:59',	'2022-08-10 04:55:59',	'0000-00-00 00:00:00',	0),
(35,	'TASK-UTM09082022',	'UT000016',	35,	'Ya',	'',	'Set',	'',	'2022-08-10 04:55:59',	'2022-08-10 04:55:59',	'0000-00-00 00:00:00',	0),
(36,	'TASK-UTM09082022',	'UT000016',	36,	'Ya',	'',	'Set',	'',	'2022-08-10 04:55:59',	'2022-08-10 04:55:59',	'0000-00-00 00:00:00',	0),
(37,	'TASK-UTM09082022',	'UT000016',	37,	'Ya',	'',	'Set',	'',	'2022-08-10 04:55:59',	'2022-08-10 04:55:59',	'0000-00-00 00:00:00',	0),
(38,	'TASK-UTM09082022',	'UT000016',	38,	'Ya',	'',	'Set',	'',	'2022-08-10 04:55:59',	'2022-08-10 04:55:59',	'0000-00-00 00:00:00',	0),
(39,	'TASK-UTM09082022',	'UT000016',	39,	'Ya',	'',	'Set',	'',	'2022-08-10 04:55:59',	'2022-08-10 04:55:59',	'0000-00-00 00:00:00',	0),
(40,	'TASK-UTM09082022',	'UT000016',	40,	'Ya',	'',	'Set',	'',	'2022-08-10 04:55:59',	'2022-08-10 04:55:59',	'0000-00-00 00:00:00',	0),
(41,	'TASK-UTM09082022',	'UT000016',	41,	'Ya',	'',	'Set',	'',	'2022-08-10 04:55:59',	'2022-08-10 04:55:59',	'0000-00-00 00:00:00',	0),
(42,	'TASK-UTM09082022',	'UT000016',	42,	'Ya',	'',	'Set',	'',	'2022-08-10 04:55:59',	'2022-08-10 04:55:59',	'0000-00-00 00:00:00',	0),
(43,	'TASK-UTM09082022',	'UT000016',	43,	'Ya',	'',	'Set',	'',	'2022-08-10 04:55:59',	'2022-08-10 04:55:59',	'0000-00-00 00:00:00',	0),
(44,	'TASK-UTM09082022',	'UT000016',	44,	'Ya',	'',	'Set',	'',	'2022-08-10 04:55:59',	'2022-08-10 04:55:59',	'0000-00-00 00:00:00',	0),
(45,	'TASK-UTM09082022',	'UT000016',	45,	'Ya',	'',	'Set',	'',	'2022-08-10 04:55:59',	'2022-08-10 04:55:59',	'0000-00-00 00:00:00',	0),
(46,	'TASK-UTM09082022',	'UT000016',	46,	'Ya',	'',	'Set',	'',	'2022-08-10 04:55:59',	'2022-08-10 04:55:59',	'0000-00-00 00:00:00',	0),
(47,	'TASK-UTM09082022',	'UT000016',	47,	'Ya',	'',	'Set',	'',	'2022-08-10 04:55:59',	'2022-08-10 04:55:59',	'0000-00-00 00:00:00',	0),
(48,	'TASK-UTM09082022',	'UT000016',	48,	'Ya',	'',	'Set',	'',	'2022-08-10 04:55:59',	'2022-08-10 04:55:59',	'0000-00-00 00:00:00',	0),
(49,	'TASK-UTM09082022',	'UT000016',	49,	'Ya',	'',	'Set',	'',	'2022-08-10 04:55:59',	'2022-08-10 04:55:59',	'0000-00-00 00:00:00',	0),
(50,	'TASK-UTM09082022',	'UT000016',	50,	'Ya',	'',	'Set',	'',	'2022-08-10 04:55:59',	'2022-08-10 04:55:59',	'0000-00-00 00:00:00',	0),
(51,	'TASK-UTM09082022',	'UT000016',	51,	'Ya',	'',	'Set',	'',	'2022-08-10 04:55:59',	'2022-08-10 04:55:59',	'0000-00-00 00:00:00',	0),
(52,	'TASK-UTM09082022',	'UT000016',	52,	'Ya',	'',	'Set',	'',	'2022-08-10 04:55:59',	'2022-08-10 04:55:59',	'0000-00-00 00:00:00',	0),
(53,	'TASK-UTM09082022',	'UT000016',	53,	'Ya',	'',	'Buah',	'',	'2022-08-10 04:55:59',	'2022-08-10 04:55:59',	'0000-00-00 00:00:00',	0),
(54,	'TASK-UTM09082022',	'UT000016',	54,	'Ya',	'',	'Buah',	'',	'2022-08-10 04:55:59',	'2022-08-10 04:55:59',	'0000-00-00 00:00:00',	0),
(55,	'TASK-UTM09082022',	'UT000016',	55,	'Ya',	'',	'Buah',	'',	'2022-08-10 04:55:59',	'2022-08-10 04:55:59',	'0000-00-00 00:00:00',	0),
(56,	'TASK-UTM09082022',	'UT000016',	56,	'Ya',	'',	'Buah',	'',	'2022-08-10 04:55:59',	'2022-08-10 04:55:59',	'0000-00-00 00:00:00',	0),
(57,	'TASK-UTM09082022',	'UT000016',	57,	'Ya',	'',	'Buah',	'',	'2022-08-10 04:55:59',	'2022-08-10 04:55:59',	'0000-00-00 00:00:00',	0),
(58,	'TASK-UTM09082022',	'UT000016',	58,	'Ya',	'',	'Buah',	'',	'2022-08-10 04:55:59',	'2022-08-10 04:55:59',	'0000-00-00 00:00:00',	0),
(59,	'TASK-UTM09082022',	'UT000016',	59,	'Ya',	'',	'Buah',	'',	'2022-08-10 04:55:59',	'2022-08-10 04:55:59',	'0000-00-00 00:00:00',	0),
(60,	'TASK-UTM09082022',	'UT000016',	60,	'Ya',	'',	'Buah',	'',	'2022-08-10 04:55:59',	'2022-08-10 04:55:59',	'0000-00-00 00:00:00',	0),
(61,	'TASK-UTM09082022',	'UT000016',	61,	'Ya',	'',	'Buah',	'',	'2022-08-10 04:55:59',	'2022-08-10 04:55:59',	'0000-00-00 00:00:00',	0),
(62,	'TASK-UTM09082022',	'UT000016',	62,	'Ya',	'',	'Buah',	'',	'2022-08-10 04:55:59',	'2022-08-10 04:55:59',	'0000-00-00 00:00:00',	0),
(63,	'TASK-UTM09082022',	'UT000016',	63,	'Ya',	'',	'Buah',	'',	'2022-08-10 04:55:59',	'2022-08-10 04:55:59',	'0000-00-00 00:00:00',	0),
(64,	'TASK-UTM09082022',	'UT000016',	64,	'Ya',	'',	'Buah',	'',	'2022-08-10 04:55:59',	'2022-08-10 04:55:59',	'0000-00-00 00:00:00',	0),
(65,	'TASK-UTM09082022',	'UT000016',	65,	'Ya',	'',	'Buah',	'',	'2022-08-10 04:55:59',	'2022-08-10 04:55:59',	'0000-00-00 00:00:00',	0),
(66,	'TASK-UTM09082022',	'UT000016',	66,	'Ya',	'',	'Sesuai Kebutuhan',	'',	'2022-08-10 04:55:59',	'2022-08-10 04:55:59',	'0000-00-00 00:00:00',	0),
(67,	'TASK-UTM09082022',	'UT000016',	67,	'Ya',	'',	'Sesuai Kebutuhan',	'',	'2022-08-10 04:55:59',	'2022-08-10 04:55:59',	'0000-00-00 00:00:00',	0),
(68,	'TASK-UTM09082022',	'UT000016',	68,	'Ya',	'',	'Sesuai Kebutuhan',	'',	'2022-08-10 04:55:59',	'2022-08-10 04:55:59',	'0000-00-00 00:00:00',	0),
(69,	'TASK-UTM09082022',	'UT000016',	69,	'Ya',	'',	'Sesuai Kebutuhan',	'',	'2022-08-10 04:55:59',	'2022-08-10 04:55:59',	'0000-00-00 00:00:00',	0),
(70,	'TASK-UTM09082022',	'UT000016',	70,	'Ya',	'',	'Sesuai Kebutuhan',	'',	'2022-08-10 04:55:59',	'2022-08-10 04:55:59',	'0000-00-00 00:00:00',	0),
(71,	'TASK-UTM09082022',	'UT000016',	71,	'Ya',	'',	'Sesuai Kebutuhan',	'',	'2022-08-10 04:55:59',	'2022-08-10 04:55:59',	'0000-00-00 00:00:00',	0),
(72,	'TASK-UTM09082022',	'UT000016',	72,	'Ya',	'',	'Sesuai Kebutuhan',	'',	'2022-08-10 04:55:59',	'2022-08-10 04:55:59',	'0000-00-00 00:00:00',	0),
(73,	'TASK-UTM09082022',	'UT000016',	73,	'Ya',	'',	'Sesuai Kebutuhan',	'',	'2022-08-10 04:55:59',	'2022-08-10 04:55:59',	'0000-00-00 00:00:00',	0),
(74,	'TASK-UTM09082022',	'UT000016',	74,	'Ya',	'',	'Sesuai Kebutuhan',	'',	'2022-08-10 04:55:59',	'2022-08-10 04:55:59',	'0000-00-00 00:00:00',	0),
(75,	'TASK-UTM09082022',	'UT000016',	75,	'Ya',	'',	'Unit',	'',	'2022-08-10 04:55:59',	'2022-08-10 04:55:59',	'0000-00-00 00:00:00',	0),
(76,	'TASK-UTM09082022',	'UT000016',	76,	'Ya',	'',	'Unit',	'',	'2022-08-10 04:55:59',	'2022-08-10 04:55:59',	'0000-00-00 00:00:00',	0),
(77,	'TASK-UTM09082022',	'UT000016',	77,	'Ya',	'',	'Unit',	'',	'2022-08-10 04:55:59',	'2022-08-10 04:55:59',	'0000-00-00 00:00:00',	0),
(78,	'TASK-UTM09082022',	'UT000016',	78,	'Ya',	'',	'Sesuai Kebutuhan',	'',	'2022-08-10 04:55:59',	'2022-08-10 04:55:59',	'0000-00-00 00:00:00',	0),
(79,	'TASK-UTM09082022',	'UT000016',	79,	'Ya',	'',	'Sesuai Kebutuhan',	'',	'2022-08-10 04:55:59',	'2022-08-10 04:55:59',	'0000-00-00 00:00:00',	0),
(80,	'TASK-UTM09082022',	'UT000016',	80,	'Ya',	'',	'Sesuai Kebutuhan',	'',	'2022-08-10 04:55:59',	'2022-08-10 04:55:59',	'0000-00-00 00:00:00',	0),
(81,	'TASK-UTM09082022',	'UT000016',	81,	'Ya',	'',	'Sesuai Kebutuhan',	'',	'2022-08-10 04:55:59',	'2022-08-10 04:55:59',	'0000-00-00 00:00:00',	0),
(82,	'TASK-UTM09082022',	'UT000016',	82,	'Ya',	'',	'Sesuai Kebutuhan',	'',	'2022-08-10 04:55:59',	'2022-08-10 04:55:59',	'0000-00-00 00:00:00',	0),
(83,	'TASK-UTM09082022',	'UT000016',	83,	'Ya',	'',	'Sesuai Kebutuhan',	'',	'2022-08-10 04:55:59',	'2022-08-10 04:55:59',	'0000-00-00 00:00:00',	0),
(84,	'TASK-UTM09082022',	'UT000016',	84,	'Ya',	'',	'Sesuai Kebutuhan',	'',	'2022-08-10 04:55:59',	'2022-08-10 04:55:59',	'0000-00-00 00:00:00',	0),
(85,	'TASK-UTM09082022',	'UT000016',	85,	'Ya',	'',	'Buah',	'',	'2022-08-10 04:55:59',	'2022-08-10 04:55:59',	'0000-00-00 00:00:00',	0),
(86,	'TASK-UTM09082022',	'UT000016',	86,	'Ya',	'',	'Sesuai Kebutuhan',	'',	'2022-08-10 04:55:59',	'2022-08-10 04:55:59',	'0000-00-00 00:00:00',	0),
(87,	'TASK-UTM09082022',	'UT000016',	87,	'Ya',	'',	'Sesuai Kebutuhan',	'',	'2022-08-10 04:55:59',	'2022-08-10 04:55:59',	'0000-00-00 00:00:00',	0),
(88,	'TASK-UTM09082022',	'UT000016',	88,	'Ya',	'',	'Buah',	'',	'2022-08-10 04:55:59',	'2022-08-10 04:55:59',	'0000-00-00 00:00:00',	0),
(89,	'TASK-UTM09082022',	'UT000016',	89,	'Ya',	'',	'Buah',	'',	'2022-08-10 04:55:59',	'2022-08-10 04:55:59',	'0000-00-00 00:00:00',	0),
(90,	'TASK-UTM09082022',	'UT000016',	90,	'Ya',	'',	'Buah',	'',	'2022-08-10 04:55:59',	'2022-08-10 04:55:59',	'0000-00-00 00:00:00',	0),
(91,	'TASK-UTM09082022',	'UT000016',	91,	'Ya',	'',	'Buah',	'',	'2022-08-10 04:55:59',	'2022-08-10 04:55:59',	'0000-00-00 00:00:00',	0),
(92,	'TASK-UTM09082022',	'UT000016',	92,	'Ya',	'',	'Buah',	'',	'2022-08-10 04:55:59',	'2022-08-10 04:55:59',	'0000-00-00 00:00:00',	0),
(93,	'TASK-UTM09082022',	'UT000016',	93,	'Ya',	'',	'Buah',	'',	'2022-08-10 04:55:59',	'2022-08-10 04:55:59',	'0000-00-00 00:00:00',	0);

DROP TABLE IF EXISTS `tbl_penilaian_utama_form_ketiga`;
CREATE TABLE `tbl_penilaian_utama_form_ketiga` (
  `id_penilaian` int NOT NULL AUTO_INCREMENT,
  `no_penilaian` varchar(100) NOT NULL,
  `id_klinik` varchar(20) NOT NULL,
  `usulan_rekomendasi` varchar(100) NOT NULL,
  `uraian_penilaian` varchar(1000) NOT NULL,
  `tindak_lanjut_klinik` varchar(100) NOT NULL,
  `nama_perwakilan_pihak_klinik` varchar(100) NOT NULL,
  `jabatan_perwakilan_pihak_klinik` varchar(100) NOT NULL,
  `ttd_perwakilan_klinik` varchar(100) NOT NULL,
  `ttd_penilai1` varchar(50) NOT NULL,
  `ttd_penilai2` varchar(50) NOT NULL,
  `ttd_penilai3` varchar(50) NOT NULL,
  `ttd_penilai4` varchar(50) NOT NULL,
  `ttd_penilai5` varchar(50) NOT NULL,
  `ttd_penilai6` varchar(50) NOT NULL,
  `ttd_penilai7` varchar(50) NOT NULL,
  `ttd_penilai8` varchar(50) NOT NULL,
  `foto_klinik` mediumtext NOT NULL,
  `created_at` timestamp NOT NULL DEFAULT CURRENT_TIMESTAMP,
  `update_at` timestamp NOT NULL DEFAULT CURRENT_TIMESTAMP ON UPDATE CURRENT_TIMESTAMP,
  `delete_at` timestamp NOT NULL,
  `delete` int NOT NULL DEFAULT '0',
  PRIMARY KEY (`id_penilaian`),
  KEY `no_penilaian` (`no_penilaian`),
  KEY `id_klinik` (`id_klinik`),
  CONSTRAINT `tbl_penilaian_utama_form_ketiga_ibfk_1` FOREIGN KEY (`no_penilaian`) REFERENCES `tbl_penilaian` (`no_penilaian`) ON DELETE CASCADE ON UPDATE CASCADE,
  CONSTRAINT `tbl_penilaian_utama_form_ketiga_ibfk_2` FOREIGN KEY (`id_klinik`) REFERENCES `tbl_penilaian` (`id_klinik`) ON DELETE CASCADE ON UPDATE CASCADE
) ENGINE=InnoDB DEFAULT CHARSET=utf8mb4 COLLATE=utf8mb4_0900_ai_ci;

INSERT INTO `tbl_penilaian_utama_form_ketiga` (`id_penilaian`, `no_penilaian`, `id_klinik`, `usulan_rekomendasi`, `uraian_penilaian`, `tindak_lanjut_klinik`, `nama_perwakilan_pihak_klinik`, `jabatan_perwakilan_pihak_klinik`, `ttd_perwakilan_klinik`, `ttd_penilai1`, `ttd_penilai2`, `ttd_penilai3`, `ttd_penilai4`, `ttd_penilai5`, `ttd_penilai6`, `ttd_penilai7`, `ttd_penilai8`, `foto_klinik`, `created_at`, `update_at`, `delete_at`, `delete`) VALUES
(1,	'TASK-UTM09082022',	'UT000016',	'Belum Memenuhi',	'- Ruang ASI : tempat sampah\r\n- Daftar dokter di R. Tunggu\r\n- Kawasan tanpa rokok\r\n- Perlatan penahan lidah',	'Diperbaiki',	'My Dentist',	'-',	'62f33aa5e34fd.png',	'62f33aa5e358d.png',	'62f33aa5e35fd.png',	'62f33aa5e3636.png',	'62f33aa5e365e.png',	'62f33aa5e3684.png',	'62f33aa5e36a9.png',	'',	'',	'Klinik_Pratama_My_Dentist_foto_klinik_1.png',	'2022-08-10 04:57:09',	'2022-08-10 04:57:09',	'0000-00-00 00:00:00',	0);

DROP TABLE IF EXISTS `tbl_penilaian_utama_form_satu`;
CREATE TABLE `tbl_penilaian_utama_form_satu` (
  `id_penilaian` int NOT NULL AUTO_INCREMENT,
  `no_penilaian` varchar(50) NOT NULL,
  `id_klinik` varchar(20) NOT NULL,
  `id_rincian_penilaian` int NOT NULL,
  `jawab_hasil` varchar(10) NOT NULL,
  `jawab_hasil_verif` varchar(20) NOT NULL,
  `catatan_hasil_penilaian` varchar(200) NOT NULL,
  `created_at` timestamp NOT NULL DEFAULT CURRENT_TIMESTAMP,
  `update_at` timestamp NOT NULL DEFAULT CURRENT_TIMESTAMP ON UPDATE CURRENT_TIMESTAMP,
  `delete_at` timestamp NOT NULL,
  `delete` int NOT NULL DEFAULT '0',
  PRIMARY KEY (`id_penilaian`),
  KEY `no_penilaian` (`no_penilaian`),
  KEY `id_rincian_penilaian` (`id_rincian_penilaian`),
  KEY `id_klinik` (`id_klinik`),
  CONSTRAINT `tbl_penilaian_utama_form_satu_ibfk_2` FOREIGN KEY (`id_rincian_penilaian`) REFERENCES `tbl_rincian_penilaian_utama` (`id_rincian_penilaian`),
  CONSTRAINT `tbl_penilaian_utama_form_satu_ibfk_3` FOREIGN KEY (`no_penilaian`) REFERENCES `tbl_penilaian` (`no_penilaian`) ON DELETE CASCADE ON UPDATE CASCADE,
  CONSTRAINT `tbl_penilaian_utama_form_satu_ibfk_4` FOREIGN KEY (`id_klinik`) REFERENCES `tbl_penilaian` (`id_klinik`) ON DELETE CASCADE ON UPDATE CASCADE
) ENGINE=InnoDB DEFAULT CHARSET=utf8mb4 COLLATE=utf8mb4_0900_ai_ci;

INSERT INTO `tbl_penilaian_utama_form_satu` (`id_penilaian`, `no_penilaian`, `id_klinik`, `id_rincian_penilaian`, `jawab_hasil`, `jawab_hasil_verif`, `catatan_hasil_penilaian`, `created_at`, `update_at`, `delete_at`, `delete`) VALUES
(41,	'TASK-UTM09082022',	'UT000016',	1,	'Ya',	'Ya',	'',	'2022-08-10 04:53:17',	'2022-08-10 04:53:17',	'0000-00-00 00:00:00',	0),
(42,	'TASK-UTM09082022',	'UT000016',	5,	'Ya',	'Ya',	'',	'2022-08-10 04:53:17',	'2022-08-10 04:53:17',	'0000-00-00 00:00:00',	0),
(43,	'TASK-UTM09082022',	'UT000016',	8,	'Ya',	'Ya',	'',	'2022-08-10 04:53:17',	'2022-08-10 04:53:17',	'0000-00-00 00:00:00',	0),
(44,	'TASK-UTM09082022',	'UT000016',	9,	'Ya',	'Ya',	'',	'2022-08-10 04:53:17',	'2022-08-10 04:53:17',	'0000-00-00 00:00:00',	0),
(45,	'TASK-UTM09082022',	'UT000016',	10,	'Ya',	'Ya',	'',	'2022-08-10 04:53:17',	'2022-08-10 04:53:17',	'0000-00-00 00:00:00',	0),
(46,	'TASK-UTM09082022',	'UT000016',	11,	'Tidak',	'Tidak',	'',	'2022-08-10 04:53:17',	'2022-08-10 04:53:17',	'0000-00-00 00:00:00',	0),
(47,	'TASK-UTM09082022',	'UT000016',	12,	'Ya',	'Ya',	'',	'2022-08-10 04:53:17',	'2022-08-10 04:53:17',	'0000-00-00 00:00:00',	0),
(48,	'TASK-UTM09082022',	'UT000016',	15,	'Tidak',	'Tidak',	'',	'2022-08-10 04:53:17',	'2022-08-10 04:53:17',	'0000-00-00 00:00:00',	0),
(49,	'TASK-UTM09082022',	'UT000016',	16,	'Tidak',	'Tidak',	'',	'2022-08-10 04:53:17',	'2022-08-10 04:53:17',	'0000-00-00 00:00:00',	0),
(50,	'TASK-UTM09082022',	'UT000016',	17,	'Ya',	'Ya',	'',	'2022-08-10 04:53:17',	'2022-08-10 04:53:17',	'0000-00-00 00:00:00',	0),
(51,	'TASK-UTM09082022',	'UT000016',	18,	'Tidak',	'Tidak',	'',	'2022-08-10 04:53:17',	'2022-08-10 04:53:17',	'0000-00-00 00:00:00',	0),
(52,	'TASK-UTM09082022',	'UT000016',	19,	'Tidak',	'Tidak',	'',	'2022-08-10 04:53:17',	'2022-08-10 04:53:17',	'0000-00-00 00:00:00',	0),
(53,	'TASK-UTM09082022',	'UT000016',	20,	'Tidak',	'Tidak',	'',	'2022-08-10 04:53:17',	'2022-08-10 04:53:17',	'0000-00-00 00:00:00',	0),
(54,	'TASK-UTM09082022',	'UT000016',	21,	'Ya',	'Ya',	'',	'2022-08-10 04:53:17',	'2022-08-10 04:53:17',	'0000-00-00 00:00:00',	0),
(55,	'TASK-UTM09082022',	'UT000016',	22,	'Ya',	'Ya',	'',	'2022-08-10 04:53:17',	'2022-08-10 04:53:17',	'0000-00-00 00:00:00',	0),
(56,	'TASK-UTM09082022',	'UT000016',	23,	'Ya',	'Ya',	'',	'2022-08-10 04:53:17',	'2022-08-10 04:53:17',	'0000-00-00 00:00:00',	0),
(57,	'TASK-UTM09082022',	'UT000016',	24,	'Ya',	'Ya',	'',	'2022-08-10 04:53:17',	'2022-08-10 04:53:17',	'0000-00-00 00:00:00',	0),
(58,	'TASK-UTM09082022',	'UT000016',	25,	'Ya',	'Ya',	'',	'2022-08-10 04:53:17',	'2022-08-10 04:53:17',	'0000-00-00 00:00:00',	0),
(59,	'TASK-UTM09082022',	'UT000016',	26,	'Ya',	'Ya',	'',	'2022-08-10 04:53:17',	'2022-08-10 04:53:17',	'0000-00-00 00:00:00',	0),
(60,	'TASK-UTM09082022',	'UT000016',	27,	'Ya',	'Ya',	'',	'2022-08-10 04:53:17',	'2022-08-10 04:53:17',	'0000-00-00 00:00:00',	0);

DROP TABLE IF EXISTS `tbl_rincian_penilaian_pratama`;
CREATE TABLE `tbl_rincian_penilaian_pratama` (
  `id_rincian_penilaian` int NOT NULL AUTO_INCREMENT,
  `rincian_penilaian` varchar(500) NOT NULL,
  `keterangan_penilaian` varchar(500) NOT NULL,
  `created_at` timestamp NOT NULL DEFAULT CURRENT_TIMESTAMP,
  `update_at` timestamp NOT NULL DEFAULT CURRENT_TIMESTAMP ON UPDATE CURRENT_TIMESTAMP,
  `delete_at` timestamp NOT NULL,
  `delete` int NOT NULL DEFAULT '0',
  PRIMARY KEY (`id_rincian_penilaian`)
) ENGINE=InnoDB DEFAULT CHARSET=utf8mb4 COLLATE=utf8mb4_0900_ai_ci;

INSERT INTO `tbl_rincian_penilaian_pratama` (`id_rincian_penilaian`, `rincian_penilaian`, `keterangan_penilaian`, `created_at`, `update_at`, `delete_at`, `delete`) VALUES
(1,	'Profil klinik',	'',	'2022-04-03 15:29:38',	'2022-04-03 15:29:38',	'0000-00-00 00:00:00',	0),
(2,	'Kemampuan pelayanan klinik\n- Pelayanan medik dasar\n',	'Wajib untuk klinik pratama',	'2022-04-03 15:29:38',	'2022-04-03 15:29:38',	'0000-00-00 00:00:00',	0),
(3,	'Kemampuan Pelayanan penunjang medik',	'',	'2022-04-03 15:29:38',	'2022-04-03 15:29:38',	'0000-00-00 00:00:00',	0),
(4,	'Sarana : Bangunan dan ruang Klinik\r\na. Bangunan klinik bersifat permanen dan tidak bergabung fisik bangunannya dengan tempat tinggal per\r\norangan',	'',	'2022-04-03 15:29:38',	'2022-04-03 15:29:38',	'0000-00-00 00:00:00',	0),
(5,	'b. bangunan klinik memperhatikan fungsi keamanan, kenyamanan, dan kemudahan pelyanan termasuk penyandang disabilitas, anak-anak, dan lanjut usia.\r\n',	'',	'2022-04-03 15:29:38',	'2022-04-03 15:29:38',	'0000-00-00 00:00:00',	0),
(6,	'c. Kawasan di dalam bangunan klinik harus bebas asap rokok',	'',	'2022-04-03 15:29:38',	'2022-04-03 15:29:38',	'0000-00-00 00:00:00',	0),
(7,	'd. Terpasang papan nama dengan ukuran minimal 1 m2 dengan dasar putih huruf hitam yang memuat informasi :\r\n1) Jenis klinik utama\r\n2) Nama klinik\r\n3) Jam Buka Klinik',	'',	'2022-04-03 15:29:38',	'2022-06-07 05:59:02',	'0000-00-00 00:00:00',	0),
(10,	'e.	Ruang penerimaan :\r\n1)	Ruang administrasi						\r\n',	'',	'2022-04-03 15:29:38',	'2022-04-03 15:29:38',	'0000-00-00 00:00:00',	0),
(11,	'2) Ruang tunggu( nama dokter/drg wajib dicantumkan di ruang tunggu klinik )',	'',	'2022-04-03 15:29:38',	'2022-04-03 15:29:38',	'0000-00-00 00:00:00',	0),
(12,	'f.	Ruang pelayanan medik\r\n1)	Ruang pemeriksaan umum						\r\n',	'',	'2022-04-03 15:29:38',	'2022-04-03 15:29:38',	'0000-00-00 00:00:00',	0),
(21,	'2) Ruang tindakan ',	'',	'2022-04-03 15:29:38',	'2022-04-03 15:29:38',	'0000-00-00 00:00:00',	0),
(22,	'3) Ruang farmasi',	'',	'2022-04-03 15:29:38',	'2022-04-03 15:29:38',	'0000-00-00 00:00:00',	0),
(23,	'4) Ruang steril',	'Harus tersedia sendiri',	'2022-04-03 15:29:38',	'2022-04-03 15:29:38',	'0000-00-00 00:00:00',	0),
(24,	'5) Ruang rawat inap',	'5-10 TT, pintu bukaan keluar, kamar mandi, jarak antar tepi TT 1 m',	'2022-04-03 15:29:38',	'2022-04-03 15:29:38',	'0000-00-00 00:00:00',	0),
(25,	'g. Ruang Penunjang Non Medik :\r\n1) Ruang Asi',	'Wajib ada',	'2022-04-03 15:29:38',	'2022-04-03 15:29:38',	'0000-00-00 00:00:00',	0),
(26,	'2) Laboratorium',	'Lantai, dinding berwarna terang, tidak bercelah, tidak bersudut',	'2022-04-03 15:29:38',	'2022-04-03 15:29:38',	'0000-00-00 00:00:00',	0),
(27,	'3) Kamar mandi',	'Minimal 1, bukaan pintu mengarah keluar',	'2022-04-03 15:29:38',	'2022-04-03 15:29:38',	'0000-00-00 00:00:00',	0),
(28,	'Prasarana Klinik :\r\na. Sistem penghawaan',	'',	'2022-04-03 15:29:38',	'2022-04-03 15:29:38',	'0000-00-00 00:00:00',	0),
(29,	'b. Sistem pencahayaan',	'',	'2022-04-03 15:29:38',	'2022-04-03 15:29:38',	'0000-00-00 00:00:00',	0),
(30,	'c. Sistem air dan sanitasi',	'',	'2022-04-03 15:29:38',	'2022-04-03 15:29:38',	'0000-00-00 00:00:00',	0),
(31,	'd. Pengolahan limbah cair',	'',	'2022-04-03 15:29:38',	'2022-04-03 15:29:38',	'0000-00-00 00:00:00',	0),
(32,	'e. Sistem proteksi kebakaran',	'',	'2022-04-03 15:29:38',	'2022-04-03 15:29:38',	'0000-00-00 00:00:00',	0),
(33,	'f. Tabung oksigen',	'R Tindakan, R RI',	'2022-04-03 15:29:38',	'2022-04-03 15:29:38',	'0000-00-00 00:00:00',	0);

DROP TABLE IF EXISTS `tbl_rincian_penilaian_utama`;
CREATE TABLE `tbl_rincian_penilaian_utama` (
  `id_rincian_penilaian` int NOT NULL AUTO_INCREMENT,
  `rincian_penilaian` varchar(500) NOT NULL,
  `keterangan_penilaian` varchar(500) NOT NULL,
  `created_at` timestamp NOT NULL DEFAULT CURRENT_TIMESTAMP,
  `update_at` timestamp NOT NULL DEFAULT CURRENT_TIMESTAMP ON UPDATE CURRENT_TIMESTAMP,
  `delete_at` timestamp NOT NULL,
  `delete` int NOT NULL DEFAULT '0',
  PRIMARY KEY (`id_rincian_penilaian`)
) ENGINE=InnoDB DEFAULT CHARSET=utf8mb4 COLLATE=utf8mb4_0900_ai_ci;

INSERT INTO `tbl_rincian_penilaian_utama` (`id_rincian_penilaian`, `rincian_penilaian`, `keterangan_penilaian`, `created_at`, `update_at`, `delete_at`, `delete`) VALUES
(1,	'Profil klinik',	'',	'2022-04-03 15:30:26',	'2022-04-03 15:30:26',	'0000-00-00 00:00:00',	0),
(5,	'Kemampuan pelayanan klinik\r\n- Pelayanan medik dasar',	'Wajib untuk klinik pratama',	'2022-04-03 15:30:26',	'2022-04-03 15:30:26',	'0000-00-00 00:00:00',	0),
(8,	'Kemampuan pelayanan penunjang medik',	'',	'2022-04-03 15:30:26',	'2022-04-03 15:30:26',	'0000-00-00 00:00:00',	0),
(9,	'Sarana : Bangunan dan ruang Klinik : a. Bangunan klinik bersifat permanen dan tidak bergabung fisik bangunannya dengan tempat tinggal perorangan',	'',	'2022-04-03 15:30:26',	'2022-04-03 15:30:26',	'0000-00-00 00:00:00',	0),
(10,	'b. Bangunan klinik memperhatikan fungsi keamanan, kenyamananan,dan kemudahan pelayanan termasuk penyandang disabilitas,anak-anak,dan lanjut usia.',	'',	'2022-04-03 15:30:26',	'2022-04-03 15:30:26',	'0000-00-00 00:00:00',	0),
(11,	'c. Kawasan di dalam bangunan klinik harus bebas asap rokok',	'',	'2022-04-03 15:30:26',	'2022-04-03 15:30:26',	'0000-00-00 00:00:00',	0),
(12,	'd. Terpasang papan nama dengan ukuran minimal 1 m2 dengan dasar putih huruf hitam yang memuat informasi :\r\n1) Jenis klinik utama\r\n2) Nama Klinik\r\n3) Jam buka klinik',	'',	'2022-04-03 15:30:26',	'2022-08-09 12:23:45',	'0000-00-00 00:00:00',	0),
(13,	'2) Nama klinik',	'',	'2022-04-03 15:30:26',	'2022-08-09 12:23:51',	'2022-08-09 12:23:51',	1),
(14,	'3) Jam buka klinik',	'',	'2022-04-03 15:30:26',	'2022-08-09 12:23:55',	'2022-08-09 12:23:55',	1),
(15,	'e. Ruang penerimaan :\r\n1) Ruang administrasi',	'',	'2022-04-03 15:30:26',	'2022-04-03 15:30:26',	'0000-00-00 00:00:00',	0),
(16,	'2) Ruang tunggu( nama dokter/drg wajib dicantumkan di ruang tunggu klinik )',	'',	'2022-04-03 15:30:26',	'2022-04-03 15:30:26',	'0000-00-00 00:00:00',	0),
(17,	'f. Ruang pelayanan medik\r\n1) Ruang pemeriksaan umum',	'',	'2022-04-03 15:30:26',	'2022-04-03 15:30:26',	'0000-00-00 00:00:00',	0),
(18,	'2) Ruang Tindakan',	'',	'2022-04-03 15:30:26',	'2022-04-03 15:30:26',	'0000-00-00 00:00:00',	0),
(19,	'3) Ruang Farmasi',	'',	'2022-04-03 15:30:26',	'2022-04-03 15:30:26',	'0000-00-00 00:00:00',	0),
(20,	'4) Ruang Steril',	'',	'2022-04-03 15:30:26',	'2022-04-03 15:30:26',	'0000-00-00 00:00:00',	0),
(21,	'g. Ruang Penunjang Non Medik : 1) Ruang Asi',	'Wajib ada',	'2022-04-03 15:30:26',	'2022-04-03 15:30:26',	'0000-00-00 00:00:00',	0),
(22,	'2) Kamar Mandi',	'Minimal 1',	'2022-04-03 15:30:26',	'2022-04-03 15:30:26',	'0000-00-00 00:00:00',	0),
(23,	'5. Prasarana Klinik : a. Sistem penghawaan ( ventilasi )',	'',	'2022-04-03 15:30:26',	'2022-04-03 15:30:26',	'0000-00-00 00:00:00',	0),
(24,	'b. Sistem Pencahayaan',	'',	'2022-04-03 15:30:26',	'2022-04-03 15:30:26',	'0000-00-00 00:00:00',	0),
(25,	'c. Sistem air dan sanitasi',	'',	'2022-04-03 15:30:26',	'2022-04-03 15:30:26',	'0000-00-00 00:00:00',	0),
(26,	'd. Pengolahan limbah cair',	'',	'2022-04-03 15:30:26',	'2022-04-03 15:30:26',	'0000-00-00 00:00:00',	0),
(27,	'e. Sistem Proteksi Kebakaran',	'',	'2022-04-03 15:30:26',	'2022-04-03 15:30:26',	'0000-00-00 00:00:00',	0);

DROP TABLE IF EXISTS `tbl_user`;
CREATE TABLE `tbl_user` (
  `id_user` int NOT NULL AUTO_INCREMENT,
  `kode_user` varchar(100) NOT NULL,
  `username` varchar(200) NOT NULL,
  `password` varchar(200) NOT NULL,
  `nama_user` varchar(200) NOT NULL,
  `nip_user` varchar(50) NOT NULL,
  `level_user` enum('Admin','Penilai') NOT NULL,
  `created_at` timestamp NOT NULL DEFAULT CURRENT_TIMESTAMP,
  `update_at` timestamp NOT NULL DEFAULT CURRENT_TIMESTAMP ON UPDATE CURRENT_TIMESTAMP,
  `delete_at` timestamp NOT NULL,
  `delete` int NOT NULL DEFAULT '0',
  PRIMARY KEY (`id_user`)
) ENGINE=InnoDB DEFAULT CHARSET=latin1;

INSERT INTO `tbl_user` (`id_user`, `kode_user`, `username`, `password`, `nama_user`, `nip_user`, `level_user`, `created_at`, `update_at`, `delete_at`, `delete`) VALUES
(8,	'USR13032200001',	'admindkk',	'$2y$10$QyGHBI8QKmxdXHukmul0jege4U3iQ3qWFfXqQYRd8wrsTjdfvFkSu',	'Admin',	'197110202002121006',	'Admin',	'2022-04-05 01:48:50',	'2022-10-04 01:46:28',	'0000-00-00 00:00:00',	0),
(20,	'USR18032200004',	'dinkes1',	'$2y$10$57ATtYb3B/vh/U8xkKlIfeRygOI6PgSbOuoJWWgNFzbG3vmRMqAmm',	'Dinkes',	'123456789012345698',	'Penilai',	'2022-04-05 01:48:50',	'2022-04-14 05:44:42',	'0000-00-00 00:00:00',	0),
(23,	'USR22042200005',	'suryati',	'$2y$10$Sl1Zq3PFEF6JyBBTf29qSehAz2ojAThhe0giUOPJD9C6xOACt97hS',	'Suryati, S.KM',	'198111022009032003',	'Penilai',	'2022-04-22 02:53:55',	'2022-07-18 08:43:34',	'0000-00-00 00:00:00',	0),
(24,	'USR06062200006',	'ardianfm',	'$2y$10$wg3Pylk6uJwYMVKA/OM5buPW8eSShF0ov9nPt0w.ePAPColwYgH22',	'Ardian',	'123121211221232232',	'Admin',	'2022-06-06 02:17:53',	'2022-07-20 02:17:56',	'0000-00-00 00:00:00',	0),
(25,	'USR25072200007',	'ardian',	'$2y$10$6agDcFifMQqaNGnpYDj6A.BY1c3SNNHioKnEucN9vIksC7ygX5Wje',	'Ardian',	'12345678901345678',	'Admin',	'2022-07-25 07:31:14',	'2022-07-25 07:40:10',	'2022-07-25 07:40:10',	1);

-- 2022-10-04 02:03:02
